"target_id","comparator_id","outcome_id","analysis_id","rr","ci_95_lb","ci_95_ub","p","i_2","log_rr","se_log_rr","target_subjects","comparator_subjects","target_days","comparator_days","target_outcomes","comparator_outcomes","calibrated_p","calibrated_rr","calibrated_ci_95_lb","calibrated_ci_95_ub","calibrated_log_rr","calibrated_se_log_rr","database_id"
137,143,6,1,0.340170099249878,NA,21.523832106006,NA,NA,-1.0783094945648,NA,23,170,1464,15017,0,-5,NA,NA,NA,NA,NA,NA,"rwe"
137,143,7,1,0.800833328637084,0.0411191377191487,4.92234002744478,0.855624779246569,NA,-0.222102432670002,1.22070244617594,23,168,1439,14226,-5,9,NA,NA,NA,NA,NA,NA,"rwe"
137,143,18,1,0.347999040792255,NA,107.239659058111,NA,NA,-1.05555555555556,NA,23,171,1464,15606,0,-5,NA,NA,NA,NA,NA,NA,"rwe"
137,143,8,1,NA,NA,NA,NA,NA,NA,NA,23,171,1464,15606,0,0,NA,NA,NA,NA,NA,NA,"rwe"
137,143,19,1,NA,NA,NA,NA,NA,NA,NA,23,171,1464,15606,0,0,NA,NA,NA,NA,NA,NA,"rwe"
137,143,20,1,NA,NA,NA,NA,NA,NA,NA,23,171,1464,15606,0,0,NA,NA,NA,NA,NA,NA,"rwe"
137,143,9,1,NA,NA,NA,NA,NA,NA,NA,22,171,1167,15606,-5,0,NA,NA,NA,NA,NA,NA,"rwe"
137,143,10,1,NA,NA,NA,NA,NA,NA,NA,23,171,1464,15606,0,0,NA,NA,NA,NA,NA,NA,"rwe"
137,143,259995,1,NA,NA,NA,NA,NA,NA,NA,23,171,1464,15606,0,0,NA,NA,NA,NA,NA,NA,"rwe"
137,143,313601,1,NA,NA,NA,NA,NA,NA,NA,23,171,1464,15606,0,0,NA,NA,NA,NA,NA,NA,"rwe"
137,143,11,1,NA,NA,NA,NA,NA,NA,NA,23,171,1464,15606,0,0,NA,NA,NA,NA,NA,NA,"rwe"
137,143,12,1,0.345857515012655,NA,96.7369598821451,NA,NA,-1.06172839506173,NA,23,170,1464,15359,0,-5,NA,NA,NA,NA,NA,NA,"rwe"
137,143,17,1,NA,NA,NA,NA,NA,NA,NA,23,171,1464,15606,0,0,NA,NA,NA,NA,NA,NA,"rwe"
137,143,432303,1,NA,NA,NA,NA,NA,NA,NA,23,171,1464,15606,0,0,NA,NA,NA,NA,NA,NA,"rwe"
137,143,13,1,6.72048100183667,0.312101384221613,70.3073652164622,0.168029850431971,NA,1.90515972962777,1.38199063833814,23,171,1210,15047,-5,-5,NA,NA,NA,NA,NA,NA,"rwe"
137,143,15,1,0.344651159810853,NA,14.4847712047259,NA,NA,-1.0652225044716,NA,23,168,1464,14556,0,-5,NA,NA,NA,NA,NA,NA,"rwe"
137,143,16,1,NA,NA,NA,NA,NA,NA,NA,23,168,1464,15336,0,0,NA,NA,NA,NA,NA,NA,"rwe"
137,143,199876,1,NA,NA,NA,NA,NA,NA,NA,23,170,1464,15590,0,0,NA,NA,NA,NA,NA,NA,"rwe"
137,143,25518,1,0.340642044157441,NA,78.0546247839408,NA,NA,-1.07692307692308,NA,23,171,1464,15518,0,-5,NA,NA,NA,NA,NA,NA,"rwe"
137,143,196456,1,0.263597138115727,NA,19.2748154151161,NA,NA,-1.33333333333333,NA,23,171,1464,15585,0,-5,NA,NA,NA,NA,NA,NA,"rwe"
137,143,443236,1,NA,NA,NA,NA,NA,NA,NA,23,171,1452,15606,-5,0,NA,NA,NA,NA,NA,NA,"rwe"
137,143,443447,1,0.344612611454379,NA,27.2749907437516,NA,NA,-1.06533435818601,NA,23,171,1464,15575,0,-5,NA,NA,NA,NA,NA,NA,"rwe"
137,143,197318,1,NA,NA,NA,NA,NA,NA,NA,23,171,1464,15606,0,0,NA,NA,NA,NA,NA,NA,"rwe"
137,143,378256,1,NA,NA,NA,NA,NA,NA,NA,23,171,1464,15606,0,0,NA,NA,NA,NA,NA,NA,"rwe"
137,143,438130,1,NA,NA,NA,NA,NA,NA,NA,23,171,1464,15606,0,0,NA,NA,NA,NA,NA,NA,"rwe"
137,143,73754,1,0.354503508139758,NA,159.720146534716,NA,NA,-1.03703703703704,NA,23,171,1464,15268,0,-5,NA,NA,NA,NA,NA,NA,"rwe"
137,143,21,1,NA,NA,NA,NA,NA,NA,NA,23,171,1464,15606,0,0,NA,NA,NA,NA,NA,NA,"rwe"
137,143,4168212,1,NA,NA,NA,NA,NA,NA,NA,23,171,1464,15606,0,0,NA,NA,NA,NA,NA,NA,"rwe"
137,143,22,1,NA,NA,NA,NA,NA,NA,NA,23,171,1210,15606,-5,0,NA,NA,NA,NA,NA,NA,"rwe"
137,143,4176908,1,NA,NA,NA,NA,NA,NA,NA,23,171,1464,15606,0,0,NA,NA,NA,NA,NA,NA,"rwe"
137,143,321689,1,2.05675735786858,0.105230900510997,12.8798831007018,0.556517157424608,NA,0.721130644485363,1.22636563050076,23,169,1456,14856,-5,7,NA,NA,NA,NA,NA,NA,"rwe"
137,143,436246,1,NA,NA,NA,NA,NA,NA,NA,23,171,1464,15606,0,0,NA,NA,NA,NA,NA,NA,"rwe"
137,143,443792,1,NA,NA,NA,NA,NA,NA,NA,23,171,1464,15606,0,0,NA,NA,NA,NA,NA,NA,"rwe"
137,143,46286594,1,NA,NA,NA,NA,NA,NA,NA,23,171,1464,15606,0,0,NA,NA,NA,NA,NA,NA,"rwe"
137,143,435522,1,NA,NA,NA,NA,NA,NA,NA,23,170,1464,15583,0,0,NA,NA,NA,NA,NA,NA,"rwe"
137,143,374801,1,NA,NA,NA,NA,NA,NA,NA,23,171,1464,15606,0,0,NA,NA,NA,NA,NA,NA,"rwe"
137,143,436233,1,NA,NA,NA,NA,NA,NA,NA,23,171,1464,15606,0,0,NA,NA,NA,NA,NA,NA,"rwe"
137,143,78200,1,NA,NA,NA,NA,NA,NA,NA,23,170,1464,15585,0,0,NA,NA,NA,NA,NA,NA,"rwe"
137,143,138278,1,NA,NA,NA,NA,NA,NA,NA,23,171,1464,15606,0,0,NA,NA,NA,NA,NA,NA,"rwe"
137,143,441267,1,NA,NA,NA,NA,NA,NA,NA,23,171,1464,15606,0,0,NA,NA,NA,NA,NA,NA,"rwe"
137,143,441553,1,NA,NA,NA,NA,NA,NA,NA,23,171,1464,15606,0,0,NA,NA,NA,NA,NA,NA,"rwe"
137,143,138821,1,NA,NA,NA,NA,NA,NA,NA,23,171,1464,15606,0,0,NA,NA,NA,NA,NA,NA,"rwe"
137,143,433270,1,NA,NA,NA,NA,NA,NA,NA,23,171,1464,15606,0,0,NA,NA,NA,NA,NA,NA,"rwe"
137,143,433753,1,0.347447099526935,NA,104.322581437033,NA,NA,-1.05714285714286,NA,23,171,1464,15117,0,-5,NA,NA,NA,NA,NA,NA,"rwe"
137,143,435371,1,NA,NA,NA,NA,NA,NA,NA,23,171,1464,15606,0,0,NA,NA,NA,NA,NA,NA,"rwe"
137,143,435516,1,NA,NA,NA,NA,NA,NA,NA,23,171,1464,15606,0,0,NA,NA,NA,NA,NA,NA,"rwe"
137,143,4166231,1,0.344915125551036,NA,14.7194576285037,NA,NA,-1.06445690511246,NA,23,170,1464,14872,0,-5,NA,NA,NA,NA,NA,NA,"rwe"
137,143,374375,1,NA,NA,NA,NA,NA,NA,NA,23,171,1464,15606,0,0,NA,NA,NA,NA,NA,NA,"rwe"
137,143,440382,1,NA,NA,NA,NA,NA,NA,NA,23,171,1464,15606,0,0,NA,NA,NA,NA,NA,NA,"rwe"
137,143,439125,1,NA,NA,NA,NA,NA,NA,NA,23,171,1464,15606,0,0,NA,NA,NA,NA,NA,NA,"rwe"
137,143,4163735,1,NA,NA,NA,NA,NA,NA,NA,23,171,1464,15606,0,0,NA,NA,NA,NA,NA,NA,"rwe"
137,143,440068,1,NA,NA,NA,NA,NA,NA,NA,23,171,1464,15606,0,0,NA,NA,NA,NA,NA,NA,"rwe"
137,143,44782778,1,0.31890655732397,NA,42.9584394972867,NA,NA,-1.14285714285714,NA,23,171,1464,15527,0,-5,NA,NA,NA,NA,NA,NA,"rwe"
137,143,4198492,1,NA,NA,NA,NA,NA,NA,NA,23,171,1464,15606,0,0,NA,NA,NA,NA,NA,NA,"rwe"
137,143,434164,1,NA,NA,NA,NA,NA,NA,NA,23,171,1464,15606,0,0,NA,NA,NA,NA,NA,NA,"rwe"
137,143,440233,1,NA,NA,NA,NA,NA,NA,NA,23,171,1464,15606,0,0,NA,NA,NA,NA,NA,NA,"rwe"
137,143,4119307,1,NA,NA,NA,NA,NA,NA,NA,23,171,1464,15606,0,0,NA,NA,NA,NA,NA,NA,"rwe"
137,143,438808,1,NA,NA,NA,NA,NA,NA,NA,23,171,1464,15606,0,0,NA,NA,NA,NA,NA,NA,"rwe"
137,143,439971,1,NA,NA,NA,NA,NA,NA,NA,23,171,1464,15606,0,0,NA,NA,NA,NA,NA,NA,"rwe"
137,143,4092879,1,NA,NA,NA,NA,NA,NA,NA,23,171,1464,15606,0,0,NA,NA,NA,NA,NA,NA,"rwe"
137,143,4193634,1,NA,NA,NA,NA,NA,NA,NA,23,171,1464,15606,0,0,NA,NA,NA,NA,NA,NA,"rwe"
137,143,40479573,1,NA,NA,NA,NA,NA,NA,NA,23,171,1464,15606,0,0,NA,NA,NA,NA,NA,NA,"rwe"
137,143,4209423,1,0.919623669842778,0.0448266425392948,6.58496303435841,0.947516518877454,NA,-0.0837907471433921,1.27291658870061,23,170,1447,13743,-5,7,NA,NA,NA,NA,NA,NA,"rwe"
137,143,4195873,1,NA,NA,NA,NA,NA,NA,NA,23,171,1464,15606,0,0,NA,NA,NA,NA,NA,NA,"rwe"
137,143,40486120,1,NA,NA,NA,NA,NA,NA,NA,23,171,1464,15606,0,0,NA,NA,NA,NA,NA,NA,"rwe"
137,143,4022076,1,NA,NA,NA,NA,NA,NA,NA,23,171,1464,15606,0,0,NA,NA,NA,NA,NA,NA,"rwe"
137,143,434327,1,0.340642044157441,NA,78.0546247839408,NA,NA,-1.07692307692308,NA,23,171,1464,15452,0,-5,NA,NA,NA,NA,NA,NA,"rwe"
137,143,4344500,1,NA,NA,NA,NA,NA,NA,NA,23,171,1464,15606,0,0,NA,NA,NA,NA,NA,NA,"rwe"
137,143,4216708,1,NA,NA,NA,NA,NA,NA,NA,23,171,1464,15606,0,0,NA,NA,NA,NA,NA,NA,"rwe"
137,143,40483172,1,NA,NA,NA,NA,NA,NA,NA,23,171,1464,15606,0,0,NA,NA,NA,NA,NA,NA,"rwe"
137,143,439791,1,NA,NA,NA,NA,NA,NA,NA,23,171,1464,15606,0,0,NA,NA,NA,NA,NA,NA,"rwe"
137,143,4091513,1,NA,NA,NA,NA,NA,NA,NA,23,171,1464,15606,0,0,NA,NA,NA,NA,NA,NA,"rwe"
137,143,4248728,1,NA,NA,NA,NA,NA,NA,NA,23,171,1464,15606,0,0,NA,NA,NA,NA,NA,NA,"rwe"
137,143,4008710,1,NA,NA,NA,NA,NA,NA,NA,23,171,1464,15606,0,0,NA,NA,NA,NA,NA,NA,"rwe"
137,143,4194160,1,NA,NA,NA,NA,NA,NA,NA,23,171,1464,15606,0,0,NA,NA,NA,NA,NA,NA,"rwe"
137,143,4311591,1,NA,NA,NA,NA,NA,NA,NA,23,170,1464,15586,0,0,NA,NA,NA,NA,NA,NA,"rwe"
137,143,439871,1,NA,NA,NA,NA,NA,NA,NA,23,171,1464,15606,0,0,NA,NA,NA,NA,NA,NA,"rwe"
137,143,4058388,1,NA,NA,NA,NA,NA,NA,NA,23,171,1464,15606,0,0,NA,NA,NA,NA,NA,NA,"rwe"
137,143,4098604,1,NA,NA,NA,NA,NA,NA,NA,23,171,1464,15606,0,0,NA,NA,NA,NA,NA,NA,"rwe"
137,143,4275889,1,NA,NA,NA,NA,NA,NA,NA,23,171,1464,15606,0,0,NA,NA,NA,NA,NA,NA,"rwe"
137,143,4049367,1,NA,NA,NA,NA,NA,NA,NA,23,171,1464,15606,0,0,NA,NA,NA,NA,NA,NA,"rwe"
137,143,21,2,0.342863614857706,NA,85.0625126946084,NA,NA,-1.07042253521127,NA,23,171,690,5077,0,-5,NA,NA,NA,NA,NA,NA,"rwe"
137,143,9,2,NA,NA,NA,NA,NA,NA,NA,22,171,660,5091,0,0,NA,NA,NA,NA,NA,NA,"rwe"
137,143,10,2,NA,NA,NA,NA,NA,NA,NA,23,171,690,5091,0,0,NA,NA,NA,NA,NA,NA,"rwe"
137,143,434164,2,NA,NA,NA,NA,NA,NA,NA,23,171,690,5091,0,0,NA,NA,NA,NA,NA,NA,"rwe"
137,143,25518,2,NA,NA,NA,NA,NA,NA,NA,23,171,690,5091,0,0,NA,NA,NA,NA,NA,NA,"rwe"
137,143,374375,2,NA,NA,NA,NA,NA,NA,NA,23,171,690,5091,0,0,NA,NA,NA,NA,NA,NA,"rwe"
137,143,11,2,NA,NA,NA,NA,NA,NA,NA,23,171,690,5091,0,0,NA,NA,NA,NA,NA,NA,"rwe"
137,143,6,2,5.47160502398168,0.178175423503271,168.028008295497,0.330697827817902,NA,1.69957199642516,1.74725592518007,23,170,687,5055,-5,-5,NA,NA,NA,NA,NA,NA,"rwe"
137,143,73754,2,0.342518855093046,NA,83.8947218746078,NA,NA,-1.07142857142857,NA,23,171,690,5091,0,-5,NA,NA,NA,NA,NA,NA,"rwe"
137,143,8,2,NA,NA,NA,NA,NA,NA,NA,23,171,690,5091,0,0,NA,NA,NA,NA,NA,NA,"rwe"
137,143,20,2,NA,NA,NA,NA,NA,NA,NA,23,171,690,5091,0,0,NA,NA,NA,NA,NA,NA,"rwe"
137,143,12,2,NA,NA,NA,NA,NA,NA,NA,23,170,690,5061,0,0,NA,NA,NA,NA,NA,NA,"rwe"
137,143,138278,2,NA,NA,NA,NA,NA,NA,NA,23,171,690,5091,0,0,NA,NA,NA,NA,NA,NA,"rwe"
137,143,321689,2,4.87253822264639,0.241084172320458,38.0601382768266,0.220056073996533,NA,1.58361499693451,1.29129327851032,23,169,674,4985,-5,-5,NA,NA,NA,NA,NA,NA,"rwe"
137,143,439791,2,NA,NA,NA,NA,NA,NA,NA,23,171,690,5091,0,0,NA,NA,NA,NA,NA,NA,"rwe"
137,143,434327,2,NA,NA,NA,NA,NA,NA,NA,23,171,690,5091,0,0,NA,NA,NA,NA,NA,NA,"rwe"
137,143,7,2,1.50470153192761,0.0688292257585072,14.192142166269,0.763745381785593,NA,0.408594560877217,1.35941663115828,23,168,678,4969,-5,-5,NA,NA,NA,NA,NA,NA,"rwe"
137,143,22,2,NA,NA,NA,NA,NA,NA,NA,23,171,690,5091,0,0,NA,NA,NA,NA,NA,NA,"rwe"
137,143,78200,2,NA,NA,NA,NA,NA,NA,NA,23,170,690,5061,0,0,NA,NA,NA,NA,NA,NA,"rwe"
137,143,16,2,NA,NA,NA,NA,NA,NA,NA,23,168,690,5001,0,0,NA,NA,NA,NA,NA,NA,"rwe"
137,143,432303,2,NA,NA,NA,NA,NA,NA,NA,23,171,690,5091,0,0,NA,NA,NA,NA,NA,NA,"rwe"
137,143,435516,2,NA,NA,NA,NA,NA,NA,NA,23,171,690,5091,0,0,NA,NA,NA,NA,NA,NA,"rwe"
137,143,433270,2,NA,NA,NA,NA,NA,NA,NA,23,171,690,5091,0,0,NA,NA,NA,NA,NA,NA,"rwe"
137,143,433753,2,NA,NA,NA,NA,NA,NA,NA,23,171,690,5091,0,0,NA,NA,NA,NA,NA,NA,"rwe"
137,143,435371,2,NA,NA,NA,NA,NA,NA,NA,23,171,690,5091,0,0,NA,NA,NA,NA,NA,NA,"rwe"
137,143,199876,2,0.342342888564632,NA,83.3107994866753,NA,NA,-1.07194244604317,NA,23,170,690,5060,0,-5,NA,NA,NA,NA,NA,NA,"rwe"
137,143,439871,2,NA,NA,NA,NA,NA,NA,NA,23,171,690,5091,0,0,NA,NA,NA,NA,NA,NA,"rwe"
137,143,438808,2,NA,NA,NA,NA,NA,NA,NA,23,171,690,5091,0,0,NA,NA,NA,NA,NA,NA,"rwe"
137,143,439125,2,NA,NA,NA,NA,NA,NA,NA,23,171,690,5091,0,0,NA,NA,NA,NA,NA,NA,"rwe"
137,143,197318,2,NA,NA,NA,NA,NA,NA,NA,23,171,690,5091,0,0,NA,NA,NA,NA,NA,NA,"rwe"
137,143,440068,2,NA,NA,NA,NA,NA,NA,NA,23,171,690,5091,0,0,NA,NA,NA,NA,NA,NA,"rwe"
137,143,4049367,2,NA,NA,NA,NA,NA,NA,NA,23,171,690,5091,0,0,NA,NA,NA,NA,NA,NA,"rwe"
137,143,138821,2,NA,NA,NA,NA,NA,NA,NA,23,171,690,5091,0,0,NA,NA,NA,NA,NA,NA,"rwe"
137,143,13,2,0.342690130997573,NA,23.6333454413976,NA,NA,-1.07092864830564,NA,23,171,690,5069,0,-5,NA,NA,NA,NA,NA,NA,"rwe"
137,143,15,2,0.342033776970376,NA,12.9645974910927,NA,NA,-1.07284578372501,NA,23,168,690,4975,0,-5,NA,NA,NA,NA,NA,NA,"rwe"
137,143,374801,2,NA,NA,NA,NA,NA,NA,NA,23,171,690,5091,0,0,NA,NA,NA,NA,NA,NA,"rwe"
137,143,439971,2,NA,NA,NA,NA,NA,NA,NA,23,171,690,5091,0,0,NA,NA,NA,NA,NA,NA,"rwe"
137,143,378256,2,NA,NA,NA,NA,NA,NA,NA,23,171,690,5091,0,0,NA,NA,NA,NA,NA,NA,"rwe"
137,143,436246,2,NA,NA,NA,NA,NA,NA,NA,23,171,690,5091,0,0,NA,NA,NA,NA,NA,NA,"rwe"
137,143,4058388,2,NA,NA,NA,NA,NA,NA,NA,23,171,690,5091,0,0,NA,NA,NA,NA,NA,NA,"rwe"
137,143,196456,2,NA,NA,NA,NA,NA,NA,NA,23,171,690,5091,0,0,NA,NA,NA,NA,NA,NA,"rwe"
137,143,436233,2,NA,NA,NA,NA,NA,NA,NA,23,171,690,5091,0,0,NA,NA,NA,NA,NA,NA,"rwe"
137,143,18,2,NA,NA,NA,NA,NA,NA,NA,23,171,690,5091,0,0,NA,NA,NA,NA,NA,NA,"rwe"
137,143,19,2,NA,NA,NA,NA,NA,NA,NA,23,171,690,5091,0,0,NA,NA,NA,NA,NA,NA,"rwe"
137,143,443792,2,NA,NA,NA,NA,NA,NA,NA,23,171,690,5091,0,0,NA,NA,NA,NA,NA,NA,"rwe"
137,143,4008710,2,NA,NA,NA,NA,NA,NA,NA,23,171,690,5091,0,0,NA,NA,NA,NA,NA,NA,"rwe"
137,143,435522,2,NA,NA,NA,NA,NA,NA,NA,23,170,690,5061,0,0,NA,NA,NA,NA,NA,NA,"rwe"
137,143,313601,2,NA,NA,NA,NA,NA,NA,NA,23,171,690,5091,0,0,NA,NA,NA,NA,NA,NA,"rwe"
137,143,4022076,2,NA,NA,NA,NA,NA,NA,NA,23,171,690,5091,0,0,NA,NA,NA,NA,NA,NA,"rwe"
137,143,4193634,2,NA,NA,NA,NA,NA,NA,NA,23,171,690,5091,0,0,NA,NA,NA,NA,NA,NA,"rwe"
137,143,438130,2,NA,NA,NA,NA,NA,NA,NA,23,171,690,5091,0,0,NA,NA,NA,NA,NA,NA,"rwe"
137,143,259995,2,NA,NA,NA,NA,NA,NA,NA,23,171,690,5091,0,0,NA,NA,NA,NA,NA,NA,"rwe"
137,143,440382,2,NA,NA,NA,NA,NA,NA,NA,23,171,690,5091,0,0,NA,NA,NA,NA,NA,NA,"rwe"
137,143,4091513,2,NA,NA,NA,NA,NA,NA,NA,23,171,690,5091,0,0,NA,NA,NA,NA,NA,NA,"rwe"
137,143,4092879,2,NA,NA,NA,NA,NA,NA,NA,23,171,690,5091,0,0,NA,NA,NA,NA,NA,NA,"rwe"
137,143,441267,2,NA,NA,NA,NA,NA,NA,NA,23,171,690,5091,0,0,NA,NA,NA,NA,NA,NA,"rwe"
137,143,4209423,2,1.70537647094105,0.0735753680038386,21.5526803124244,0.712586752758573,NA,0.533785890432846,1.44899222975242,23,170,686,5027,-5,-5,NA,NA,NA,NA,NA,NA,"rwe"
137,143,4194160,2,NA,NA,NA,NA,NA,NA,NA,23,171,690,5091,0,0,NA,NA,NA,NA,NA,NA,"rwe"
137,143,440233,2,NA,NA,NA,NA,NA,NA,NA,23,171,690,5091,0,0,NA,NA,NA,NA,NA,NA,"rwe"
137,143,443236,2,NA,NA,NA,NA,NA,NA,NA,23,171,673,5091,-5,0,NA,NA,NA,NA,NA,NA,"rwe"
137,143,4216708,2,NA,NA,NA,NA,NA,NA,NA,23,171,690,5091,0,0,NA,NA,NA,NA,NA,NA,"rwe"
137,143,443447,2,NA,NA,NA,NA,NA,NA,NA,23,171,690,5091,0,0,NA,NA,NA,NA,NA,NA,"rwe"
137,143,4248728,2,NA,NA,NA,NA,NA,NA,NA,23,171,690,5091,0,0,NA,NA,NA,NA,NA,NA,"rwe"
137,143,4163735,2,NA,NA,NA,NA,NA,NA,NA,23,171,690,5091,0,0,NA,NA,NA,NA,NA,NA,"rwe"
137,143,4166231,2,0.342863614857706,NA,85.0625126946084,NA,NA,-1.07042253521127,NA,23,170,690,5034,0,-5,NA,NA,NA,NA,NA,NA,"rwe"
137,143,17,2,NA,NA,NA,NA,NA,NA,NA,23,171,690,5091,0,0,NA,NA,NA,NA,NA,NA,"rwe"
137,143,4119307,2,NA,NA,NA,NA,NA,NA,NA,23,171,690,5091,0,0,NA,NA,NA,NA,NA,NA,"rwe"
137,143,4168212,2,NA,NA,NA,NA,NA,NA,NA,23,171,690,5091,0,0,NA,NA,NA,NA,NA,NA,"rwe"
137,143,4176908,2,NA,NA,NA,NA,NA,NA,NA,23,171,690,5091,0,0,NA,NA,NA,NA,NA,NA,"rwe"
137,143,4344500,2,NA,NA,NA,NA,NA,NA,NA,23,171,690,5091,0,0,NA,NA,NA,NA,NA,NA,"rwe"
137,143,40479573,2,NA,NA,NA,NA,NA,NA,NA,23,171,690,5091,0,0,NA,NA,NA,NA,NA,NA,"rwe"
137,143,4275889,2,NA,NA,NA,NA,NA,NA,NA,23,171,690,5091,0,0,NA,NA,NA,NA,NA,NA,"rwe"
137,143,4311591,2,NA,NA,NA,NA,NA,NA,NA,23,170,690,5061,0,0,NA,NA,NA,NA,NA,NA,"rwe"
137,143,40483172,2,NA,NA,NA,NA,NA,NA,NA,23,171,690,5091,0,0,NA,NA,NA,NA,NA,NA,"rwe"
137,143,40486120,2,NA,NA,NA,NA,NA,NA,NA,23,171,690,5091,0,0,NA,NA,NA,NA,NA,NA,"rwe"
137,143,4195873,2,NA,NA,NA,NA,NA,NA,NA,23,171,690,5091,0,0,NA,NA,NA,NA,NA,NA,"rwe"
137,143,4198492,2,NA,NA,NA,NA,NA,NA,NA,23,171,690,5091,0,0,NA,NA,NA,NA,NA,NA,"rwe"
137,143,44782778,2,NA,NA,NA,NA,NA,NA,NA,23,171,690,5091,0,0,NA,NA,NA,NA,NA,NA,"rwe"
137,143,441553,2,NA,NA,NA,NA,NA,NA,NA,23,171,690,5091,0,0,NA,NA,NA,NA,NA,NA,"rwe"
137,143,4098604,2,NA,NA,NA,NA,NA,NA,NA,23,171,690,5091,0,0,NA,NA,NA,NA,NA,NA,"rwe"
137,143,46286594,2,NA,NA,NA,NA,NA,NA,NA,23,171,690,5091,0,0,NA,NA,NA,NA,NA,NA,"rwe"
2,28,6,1,0.924382981853826,0.726932620589715,1.1589148629636,0.508715198390435,NA,-0.0786288106888217,0.118983204590686,3827,38371,199019,2044973,79,806,0.233649957732023,0.856197153075203,0.675617190281306,1.08504279565306,-0.15525461034666,0.120856322579325,"rwe"
2,28,138821,1,NA,NA,NA,NA,NA,NA,NA,3883,38853,204933,2101078,0,0,NA,NA,NA,NA,NA,NA,"rwe"
2,28,432303,1,0.353927803231372,0.0198916430354977,1.64488016277418,0.356441391990268,NA,-1.0386623323222,1.12632761378058,3879,38834,204723,2098851,-5,38,0.322522257041102,0.327820809631462,0.0360358669834982,2.98220889972308,-1.11528813198002,1.12652702643895,"rwe"
2,28,7,1,1.07354182301528,0.878645600774035,1.29877098011204,0.476580357833162,NA,0.0709632970703743,0.0996936850929289,3813,38178,196689,2018330,114,1137,0.72437083191421,0.994353499162771,0.814300511184576,1.21421866708511,-0.00566250258744105,0.101921923942482,"rwe"
2,28,18,1,1.07118456093895,0.49782047000333,2.03184436823086,0.848012895312745,NA,0.0687651024259054,0.358797334133368,3883,38853,204933,2101078,9,85,0.911903677365871,0.992170117254602,0.490506616815013,2.00690777214171,-0.00786069723190508,0.359422835548807,"rwe"
2,28,19,1,NA,NA,NA,NA,NA,NA,NA,3883,38853,204933,2101078,-5,0,NA,NA,NA,NA,NA,NA,"rwe"
2,28,8,1,0.351026940841923,NA,19.8745223583609,NA,NA,-1.04689230392636,NA,3883,38852,204933,2100970,0,-5,NA,NA,NA,NA,NA,NA,"rwe"
2,28,9,1,0.833612879234692,0.511348364780795,1.28102896493834,0.43728673260174,NA,-0.181986157964801,0.234281810961458,3871,38694,203851,2080768,20,284,0.28258578977971,0.772122581201353,0.486912323002675,1.22439554769244,-0.25861195762262,0.235238633476968,"rwe"
2,28,12,1,0.944697574247818,0.713946265512429,1.22585613908237,0.679953701030768,NA,-0.0568904299590292,0.137907398059083,3848,38521,200017,2056524,59,593,0.365862823298237,0.875013267732307,0.665655157831796,1.15021751082265,-0.133516229616845,0.139526693403651,"rwe"
2,28,13,1,0.959639201655042,0.696652049086193,1.28830359571927,0.79279936260506,NA,-0.0411978967719864,0.156838472748159,3859,38527,201306,2060158,45,551,0.477052165849999,0.888852746713966,0.65180110873993,1.21211700125565,-0.117823696429809,0.158264191359589,"rwe"
2,28,10,1,1.18970681756644,0.410011916532215,2.7433114767027,0.720163984726716,NA,0.173706904976011,0.484890240023608,3880,38835,204363,2098079,5,48,0.843783067958295,1.10194974398136,0.425626186086471,2.85295707349628,0.0970811053181819,0.485353265779558,"rwe"
2,28,11,1,0.488058628262178,0.0272165058923506,2.33137487903248,0.527505029891181,NA,-0.717319740463694,1.13532438885226,3883,38843,204916,2099799,-5,25,0.484790873254199,0.452057660358299,0.0488242483056708,4.18554581750498,-0.793945540121527,1.13552222155953,"rwe"
2,28,22,1,0.449040383791989,0.109657462976994,1.20978529061925,0.191132479529258,NA,-0.800642453654124,0.612469581497469,3880,38804,204621,2094814,-5,76,0.154121653660273,0.415917542583343,0.125129612555208,1.3824657384937,-0.877268253311939,0.612836222813574,"rwe"
2,28,25518,1,1.17608743852978,0.0641772025560839,6.10414756779671,0.88899389194978,NA,0.162193199203739,1.1620304599806,3883,38852,204905,2100705,-5,11,0.941566295313221,1.08933497955286,0.111654132746719,10.6279155861543,0.085567399545937,1.16222374681274,"rwe"
2,28,138278,1,NA,NA,NA,NA,NA,NA,NA,3883,38853,204933,2101078,0,0,NA,NA,NA,NA,NA,NA,"rwe"
2,28,4209423,1,1.09649387517232,0.877146083375745,1.35355160177506,0.405198484046087,NA,0.0921177030620491,0.110668789388478,3827,38323,199216,2032957,92,935,0.740968192082977,1.01561252502094,0.814356343088576,1.26660620959543,0.0154919034042251,0.112680205348767,"rwe"
2,28,73754,1,1.18816773605682,0.617443491167033,2.08177191877119,0.578160824574649,NA,0.172412402940824,0.310053437620543,3877,38785,204370,2093457,12,108,0.76372684755631,1.10052419068502,0.598502100521351,2.02364117557462,0.0957866032830168,0.310777061433194,"rwe"
2,28,78200,1,0.651761819788603,0.253007836513098,1.37487411323371,0.321522699444447,NA,-0.428076090869062,0.431818391215701,3880,38812,204488,2094697,6,91,0.246920335943361,0.603685512975362,0.258704367225002,1.40869751247524,-0.504701890526889,0.432338259612591,"rwe"
2,28,15,1,1.22868965365161,0.904257074295273,1.63436887089426,0.172592486571844,NA,0.20594827929079,0.150997239644986,3845,38547,200755,2070637,51,376,0.4196226489472,1.13805706522174,0.844063038837019,1.53445160385847,0.129322479632975,0.152477585608952,"rwe"
2,28,374801,1,0.325495903613791,NA,3.44386401058286,NA,NA,-1.12240540231657,NA,3883,38849,204933,2100662,0,7,NA,NA,NA,NA,NA,NA,"rwe"
2,28,16,1,1.16718188811563,0.543902422069354,2.20476828916276,0.665035481981086,NA,0.154592200727383,0.357049376812085,3865,38790,203778,2094316,9,92,0.829493220656754,1.0810863347153,0.536295765026888,2.17929683455466,0.0779664010695598,0.35767793504021,"rwe"
2,28,378256,1,NA,NA,NA,NA,NA,NA,NA,3883,38853,204933,2101078,0,0,NA,NA,NA,NA,NA,NA,"rwe"
2,28,434164,1,NA,NA,NA,NA,NA,NA,NA,3883,38853,204933,2101078,0,0,NA,NA,NA,NA,NA,NA,"rwe"
2,28,20,1,1.1732082458347,0.279226478453128,3.33790255863335,0.800746162012038,NA,0.159742086595183,0.632938852082557,3879,38835,204651,2098936,-5,30,0.896362103579456,1.08666816651421,0.314077205818458,3.75973703993646,0.0831162869373543,0.633293642955866,"rwe"
2,28,17,1,1.04588000106038,0.435741917634631,2.12790503884398,0.911709332578577,NA,0.0448586373220872,0.404559242239633,3880,38817,204062,2096345,7,76,0.909217853258939,0.968732113144648,0.437894969105761,2.14307533369041,-0.0317671623357256,0.40511409283588,"rwe"
2,28,433270,1,NA,NA,NA,NA,NA,NA,NA,3883,38853,204933,2101078,0,0,NA,NA,NA,NA,NA,NA,"rwe"
2,28,196456,1,1.00200555655205,0.704515653816225,1.3833932830754,0.990713688000812,NA,0.00200354810842512,0.172141966703965,3863,38588,202631,2071761,38,399,0.677670011649063,0.928094006193068,0.660629444015497,1.30384513153989,-0.0746222515493997,0.173441933895577,"rwe"
2,28,197318,1,3.19074074070658,0.713613245924806,10.398014374935,0.089569963807612,NA,1.1602530969589,0.683438323188031,3881,38841,204739,2100096,-5,11,0.114019374146687,2.95538017469265,0.77373083585824,11.2885147808255,1.08362729730108,0.683766911553051,"rwe"
2,28,433753,1,1.30907041079182,0.773527746195728,2.08151862335271,0.286204496083864,NA,0.269317275238076,0.252527975295858,3875,38751,203925,2088334,18,163,0.456846877438681,1.21250864727861,0.737864857419244,1.99247491589117,0.192691475580247,0.2534159151272,"rwe"
2,28,4049367,1,1.0678758582053,0.05747682363669,5.81274103526349,0.955530302368442,NA,0.0656714961463956,1.17768126213546,3883,38845,204909,2100243,-5,9,0.97235665383785,0.989105476389775,0.0983187070653454,9.95059508638594,-0.0109543035114257,1.17787198069982,"rwe"
2,28,438130,1,0.545633554951999,0.0302998995752689,2.64774089341313,0.59526628975447,NA,-0.605807673332266,1.14040811449822,3883,38838,204929,2099579,-5,21,0.549979244906613,0.505385652422242,0.0540428341491804,4.72615216606157,-0.682433472990084,1.14060506545698,"rwe"
2,28,21,1,0.592098851009763,0.208002833306255,1.32007259678813,0.26625254842255,NA,-0.524081679980384,0.471409251633591,3880,38802,204663,2093049,5,98,0.206130821511509,0.54842350035153,0.217493551937683,1.38288392027369,-0.600707479638217,0.47188550545495,"rwe"
2,28,313601,1,NA,NA,NA,NA,NA,NA,NA,3883,38853,204933,2101078,0,0,NA,NA,NA,NA,NA,NA,"rwe"
2,28,4022076,1,NA,NA,NA,NA,NA,NA,NA,3883,38853,204933,2101078,0,0,NA,NA,NA,NA,NA,NA,"rwe"
2,28,439791,1,NA,NA,NA,NA,NA,NA,NA,3883,38853,204933,2101078,0,0,NA,NA,NA,NA,NA,NA,"rwe"
2,28,321689,1,0.969494381188283,0.766361110248872,1.20936297915789,0.790081024509819,NA,-0.0309805998930346,0.11637855544689,3834,38311,198735,2034043,82,924,0.399701999970092,0.897980972595496,0.712157438529837,1.13229151802192,-0.10760639955086,0.118292924135951,"rwe"
2,28,374375,1,NA,NA,NA,NA,NA,NA,NA,3883,38853,204933,2101078,0,0,NA,NA,NA,NA,NA,NA,"rwe"
2,28,4195873,1,NA,NA,NA,NA,NA,NA,NA,3883,38853,204933,2101078,0,0,NA,NA,NA,NA,NA,NA,"rwe"
2,28,4198492,1,NA,NA,NA,NA,NA,NA,NA,3883,38853,204933,2101078,0,0,NA,NA,NA,NA,NA,NA,"rwe"
2,28,439125,1,0.417009290026682,0.0233578453065532,1.96246056516068,0.439072033750346,NA,-0.874646779190049,1.13038338334375,3883,38836,204911,2098852,-5,30,0.40045996722489,0.386249178030865,0.0421225210939456,3.54177346595159,-0.951272578847878,1.13058208064359,"rwe"
2,28,4092879,1,NA,NA,NA,NA,NA,NA,NA,3883,38853,204933,2101078,0,0,NA,NA,NA,NA,NA,NA,"rwe"
2,28,199876,1,1.07172373853285,0.695779585434386,1.58124647004278,0.740831195470446,NA,0.0692683228440684,0.209426245579185,3863,38694,203010,2084150,26,239,0.853389132257902,0.992669523160972,0.657097930685621,1.49961327862421,-0.00735747681375187,0.210496080890175,"rwe"
2,28,438808,1,0.751020648504078,0.120463993962998,2.538323729059,0.712694191896909,NA,-0.286322132916776,0.777541912506865,3881,38840,204714,2099600,-5,26,0.641370503848072,0.695622651836721,0.151454779178349,3.19495281940586,-0.362947932574599,0.777830748580666,"rwe"
2,28,443236,1,3.3321840053055,0.739902113532498,10.9487529212293,0.0799375842933165,NA,1.20362794646095,0.687375626057875,3882,38843,204764,2100256,-5,12,0.102173734857004,3.08639007302331,0.801821184238904,11.8802095406084,1.12700214680312,0.687702333158166,"rwe"
2,28,435371,1,2.46819286077957,0.373982829661487,9.61305558491827,0.275342450424799,NA,0.903486247552237,0.828246730439766,3882,38838,204851,2099951,-5,10,0.319728434614297,2.28613003714322,0.450676822012402,11.5967591219604,0.826860447894418,0.828517890100685,"rwe"
2,28,443447,1,1.2157766398549,0.288508396846973,3.47831296462188,0.75835821030839,NA,0.195383082342091,0.635108222362134,3882,38830,204781,2098566,-5,29,0.853311190449476,1.12609656198076,0.324092936635313,3.91274638710133,0.118757282684271,0.635461802034329,"rwe"
2,28,4248728,1,NA,NA,NA,NA,NA,NA,NA,3883,38853,204933,2101078,0,0,NA,NA,NA,NA,NA,NA,"rwe"
2,28,4275889,1,NA,NA,NA,NA,NA,NA,NA,3883,38853,204933,2101078,0,0,NA,NA,NA,NA,NA,NA,"rwe"
2,28,4098604,1,NA,NA,NA,NA,NA,NA,NA,3883,38853,204933,2101078,0,0,NA,NA,NA,NA,NA,NA,"rwe"
2,28,259995,1,1.09901911537004,0.0592971504808043,5.90348760399634,0.935882350212749,NA,0.0944180686915529,1.17367904681264,3882,38849,204889,2100505,-5,10,0.971326875898123,1.01795149437733,0.101982763212394,10.1607880808932,0.017792269033734,1.17387041561654,"rwe"
2,28,434327,1,0.367633909307707,0.0206142717983945,1.72249443257596,0.375433436120279,NA,-1.00066764763059,1.12898633953238,3882,38833,204812,2099207,-5,34,0.340434230854124,0.340515903799865,0.0372368680016332,3.11387844798212,-1.07729344728841,1.12918528266333,"rwe"
2,28,4091513,1,NA,NA,NA,NA,NA,NA,NA,3883,38853,204933,2101078,0,0,NA,NA,NA,NA,NA,NA,"rwe"
2,28,436233,1,0.329453755806531,NA,3.75263508199483,NA,NA,-1.11031928145499,NA,3883,38849,204933,2100603,0,7,NA,NA,NA,NA,NA,NA,"rwe"
2,28,436246,1,2.25707149465062,0.650963248566071,6.02525998487243,0.151564329781563,NA,0.814068174183771,0.567679492887932,3882,38838,204749,2099397,-5,22,0.196069554124628,2.09058174581656,0.686626879448925,6.3652212966803,0.737442374525955,0.568075042910905,"rwe"
2,28,435516,1,0.542368564394465,0.0876871738568401,1.79655348948402,0.427101269657889,NA,-0.611809500535375,0.770383988106284,3879,38829,204248,2098218,-5,36,0.37272553825496,0.502361499365488,0.110921610663507,2.27518401991418,-0.688435300193206,0.770675506853093,"rwe"
2,28,4058388,1,NA,NA,NA,NA,NA,NA,NA,3883,38853,204933,2101078,0,0,NA,NA,NA,NA,NA,NA,"rwe"
2,28,439971,1,NA,NA,NA,NA,NA,NA,NA,3883,38853,204933,2101078,0,0,NA,NA,NA,NA,NA,NA,"rwe"
2,28,440382,1,1.98332698308178,0.101971510828181,12.4656994992032,0.576489266642148,NA,0.684775729076798,1.22605381545057,3883,38850,204933,2100728,-5,6,0.62076839107414,1.83702961853145,0.166089173047487,20.318469635567,0.608149929418985,1.22623701057896,"rwe"
2,28,441267,1,1.02776841490896,0.0558514301961196,5.37195455045505,0.98124106661298,NA,0.0273898643283149,1.16488159991149,3881,38845,204830,2100023,-5,12,0.962178216718172,0.951956503029632,0.0970295385634238,9.33964230972884,-0.04923593532952,1.1650744137372,"rwe"
2,28,439871,1,0.98806094481682,0.0541725218769853,5.04159718214963,0.991713503704654,NA,-0.0120108980994455,1.15647645681015,3883,38852,204914,2100682,-5,12,0.93852872106769,0.915177999404955,0.094829991249423,8.83212957799298,-0.0886366977572663,1.15667067175099,"rwe"
2,28,441553,1,NA,NA,NA,NA,NA,NA,NA,3883,38853,204933,2101078,0,0,NA,NA,NA,NA,NA,NA,"rwe"
2,28,4216708,1,NA,NA,NA,NA,NA,NA,NA,3883,38852,204933,2101035,0,0,NA,NA,NA,NA,NA,NA,"rwe"
2,28,4163735,1,0.335289191306262,NA,21.6376649484112,NA,NA,-1.09276186191901,NA,3883,38853,204933,2100961,0,-5,NA,NA,NA,NA,NA,NA,"rwe"
2,28,4176908,1,NA,NA,NA,NA,NA,NA,NA,3883,38853,204933,2101078,0,0,NA,NA,NA,NA,NA,NA,"rwe"
2,28,44782778,1,1.78258638202842,0.773107280056643,3.60511157681543,0.141099725783799,NA,0.578065333298123,0.392785323854983,3881,38829,204651,2098155,8,46,0.206326719996595,1.65109636953998,0.763741732670752,3.56942550719995,0.501439533640308,0.393356782537932,"rwe"
2,28,440068,1,1.10281674320187,0.378487433177895,2.56443008897567,0.841083229128286,NA,0.0978675824986341,0.488097916541563,3880,38832,204711,2098760,5,42,0.930123197252267,1.02146899545845,0.392070303362449,2.66125462636313,0.0212417828408036,0.488557902264349,"rwe"
2,28,435522,1,1.52084356716459,0.0811106244116532,8.52068964189768,0.72401235294885,NA,0.419265159312388,1.18737860510753,3882,38849,204834,2100562,-5,8,0.773626867079558,1.40866065044564,0.137387388311679,14.4432822582831,0.342639359654569,1.18756776631897,"rwe"
2,28,4008710,1,NA,NA,NA,NA,NA,NA,NA,3883,38853,204933,2101078,0,0,NA,NA,NA,NA,NA,NA,"rwe"
2,28,4119307,1,0.338562803967979,NA,20.6577883986811,NA,NA,-1.08304566774503,NA,3883,38853,204933,2100998,0,-5,NA,NA,NA,NA,NA,NA,"rwe"
2,28,4311591,1,1.44633183574091,0.874850579365201,2.26478801684424,0.128306423420541,NA,0.369030582706852,0.242653269373114,3877,38765,204017,2090841,20,147,0.240010547321534,1.33964517356211,0.831106133433111,2.1593501947037,0.292404783049037,0.243577209258562,"rwe"
2,28,4194160,1,NA,NA,NA,NA,NA,NA,NA,3883,38853,204933,2101078,0,0,NA,NA,NA,NA,NA,NA,"rwe"
2,28,40486120,1,NA,NA,NA,NA,NA,NA,NA,3883,38853,204933,2101078,0,0,NA,NA,NA,NA,NA,NA,"rwe"
2,28,4166231,1,0.900588906035164,0.534016316744829,1.42466620362625,0.675744359830901,NA,-0.104706389605856,0.250327668196727,3874,38733,203948,2087834,18,192,0.480522901195387,0.834158214263155,0.509808060510562,1.36486646705006,-0.181332189263671,0.251223385053111,"rwe"
2,28,46286594,1,1.63462465838948,0.376645674494221,4.98143509671662,0.455665834293964,NA,0.491413211260478,0.658728535536987,3883,38842,204830,2099307,-5,17,0.531489364751169,1.51404883726101,0.416043706377813,5.50986313810409,0.414787411602674,0.659069443430224,"rwe"
2,28,4344500,1,NA,NA,NA,NA,NA,NA,NA,3883,38853,204933,2101078,0,0,NA,NA,NA,NA,NA,NA,"rwe"
2,28,443792,1,0.653598470261021,0.274452295025931,1.31187123836699,0.286622544750694,NA,-0.425262075920996,0.399097222781896,3878,38784,204447,2092228,7,112,0.213181693319641,0.605386685472641,0.27659348656922,1.32502411207662,-0.501887875578817,0.399659656413999,"rwe"
2,28,4168212,1,NA,NA,NA,NA,NA,NA,NA,3883,38853,204933,2101078,0,0,NA,NA,NA,NA,NA,NA,"rwe"
2,28,440233,1,NA,NA,NA,NA,NA,NA,NA,3883,38853,204933,2101078,0,0,NA,NA,NA,NA,NA,NA,"rwe"
2,28,40479573,1,NA,NA,NA,NA,NA,NA,NA,3883,38853,204933,2101078,0,0,NA,NA,NA,NA,NA,NA,"rwe"
2,28,40483172,1,0.335598828276663,0.0188655663549924,1.55864245742419,0.332258343306315,NA,-1.09183879582348,1.12610031668137,3881,38834,204818,2098596,-5,39,0.29998017959967,0.31084384609679,0.0341848888290816,2.82650902096965,-1.16846459548128,1.12629976958296,"rwe"
2,28,4193634,1,NA,NA,NA,NA,NA,NA,NA,3883,38853,204933,2101078,0,0,NA,NA,NA,NA,NA,NA,"rwe"
2,28,259995,2,0.312672217164732,NA,7.54257719456749,NA,NA,-1.16259986667558,NA,3882,38849,115172,1151095,0,-5,NA,NA,NA,NA,NA,NA,"rwe"
2,28,13,2,1.08710583637538,0.724699017496046,1.5679534053121,0.671416671478955,NA,0.0835189689700788,0.196883736176036,3859,38527,114144,1137252,29,298,0.709563286071301,0.928284335418961,0.628453770275491,1.3711618071867,-0.0744171971999776,0.199021826513991,"rwe"
2,28,138821,2,NA,NA,NA,NA,NA,NA,NA,3883,38853,115202,1151266,0,0,NA,NA,NA,NA,NA,NA,"rwe"
2,28,199876,2,1.19186180084962,0.665871663493423,1.98124837576881,0.528052941937923,NA,0.175516623037177,0.278164668307764,3863,38694,114428,1144729,15,121,0.853441188123861,1.01773590269908,0.588259946771455,1.76076303227411,0.0175804568671225,0.279682077640134,"rwe"
2,28,435516,2,0.448716951636763,0.0249498956890156,2.16889397324508,0.481732314495375,NA,-0.80136298726929,1.13907781486856,3879,38829,115077,1150244,-5,21,0.401791895409165,0.383161329195107,0.0410658344999318,3.57505468909453,-0.95929915343936,1.13944931883084,"rwe"
2,28,12,2,0.77622422222659,0.522748934002273,1.10890549872644,0.186703727053191,NA,-0.253313854367537,0.191847267986835,3848,38521,113697,1135962,30,360,0.0455209301942438,0.66282119197169,0.453135934924039,0.969536729856627,-0.411250020537594,0.194040861914043,"rwe"
2,28,20,2,1.75109274388609,0.405493889342921,5.27926473226555,0.392163531552359,NA,0.560240018140966,0.654715170276184,3879,38835,115071,1150485,-5,18,0.541077894289197,1.49526560305758,0.413879381498618,5.4021034234454,0.402303851970899,0.655361301915292,"rwe"
2,28,321689,2,1.00451628029733,0.740828155532512,1.3312963525429,0.975958959063743,NA,0.00450611250570486,0.149528196116989,3834,38311,112977,1127693,50,524,0.362643035581463,0.857760759322562,0.63635665663664,1.15619678455527,-0.153430053664351,0.152332410511794,"rwe"
2,28,15,2,1.30270224912492,0.873763141273985,1.87622911619715,0.174965941943288,NA,0.264440760230158,0.194955092232904,3845,38547,113628,1139026,31,209,0.606810764797112,1.11238303678848,0.755910761676922,1.63696044992094,0.106504594060112,0.197114103619888,"rwe"
2,28,197318,2,1.47921758321206,0.0794062297620968,8.16813848353421,0.740474616357859,NA,0.391513287994211,1.18201648729083,3881,38841,115128,1150765,-5,8,0.842750505133283,1.2631102375003,0.124452107689426,12.8197706065336,0.233577121824169,1.18237449993041,"rwe"
2,28,435522,2,3.51400884830392,0.179141883062316,23.9416853619835,0.314235826391688,NA,1.25675750777651,1.24879800853222,3882,38849,115159,1151084,-5,-5,0.379558754752468,3.00062722437425,0.259384968152344,34.7119719534711,1.09882134160644,1.24913688119933,"rwe"
2,28,9,2,0.873060100367378,0.457876492487579,1.50952568728849,0.655550376298942,NA,-0.135750882021443,0.304329899632412,3871,38694,114677,1144363,12,156,0.35181969783014,0.745509763568681,0.409473834852862,1.35731458342371,-0.293687048191501,0.305717467064947,"rwe"
2,28,16,2,1.35668410792997,0.516638160602672,2.95593056501838,0.492998857799073,NA,0.305043566671795,0.444963800189136,3865,38790,114557,1148754,6,49,0.743455575554546,1.15847837750766,0.483420736889643,2.77619896859968,0.147107400501753,0.445913966295168,"rwe"
2,28,11,2,0.960543584394205,0.0522886308193582,4.99716164847892,0.972393520728076,NA,-0.0402559210261278,1.16324749648597,3883,38843,115198,1150789,-5,12,0.866273751800815,0.820212285726728,0.0838414054076431,8.02405673409341,-0.19819208719619,1.16361128386554,"rwe"
2,28,440068,2,1.1703117100444,0.275910559260749,3.40040825585504,0.806101315304416,NA,0.157270132167835,0.640719433088966,3880,38832,115053,1150211,-5,24,0.938325750488384,0.99933418774919,0.28429379773625,3.51280550879564,-0.000666034002222204,0.641379664314505,"rwe"
2,28,313601,2,NA,NA,NA,NA,NA,NA,NA,3883,38853,115202,1151266,0,0,NA,NA,NA,NA,NA,NA,"rwe"
2,28,8,2,0.350034188129955,NA,119.554400286505,NA,NA,-1.0497244488978,NA,3883,38852,115202,1151233,0,-5,NA,NA,NA,NA,NA,NA,"rwe"
2,28,19,2,NA,NA,NA,NA,NA,NA,NA,3883,38853,115202,1151266,-5,0,NA,NA,NA,NA,NA,NA,"rwe"
2,28,17,2,1.12259766734047,0.335149753004135,2.810124108612,0.831181398143723,NA,0.115645345615792,0.542460598525926,3880,38817,115053,1149536,-5,40,0.915849949175241,0.958590962076465,0.330541794256772,2.77997109152515,-0.0422908205542711,0.543240262509544,"rwe"
2,28,10,2,1.20133547800627,0.285597335827643,3.42383180928473,0.772214518992039,NA,0.183433836320234,0.633667948095129,3880,38835,115051,1150313,-5,29,0.931839191352662,1.02582551624826,0.295887163820792,3.55648408737103,0.0254976701501732,0.634335518713417,"rwe"
2,28,21,2,0.565590770202824,0.13734216008856,1.542166814406,0.355649667330634,NA,-0.569884483127648,0.616967560830671,3880,38802,115076,1148963,-5,56,0.242889680593576,0.482960384048136,0.143934255808804,1.62053662103734,-0.727820649297712,0.617653181790299,"rwe"
2,28,196456,2,1.06043201474965,0.669469474433802,1.59908694937301,0.791654481674113,NA,0.0586763861780924,0.22212207113195,3863,38588,114328,1140446,23,219,0.672915479722906,0.905507444749802,0.583722397053237,1.40468095217279,-0.0992597799919679,0.224019410637288,"rwe"
2,28,435371,2,1.65218460203303,0.0880229964041035,9.39739312487709,0.673462519125112,NA,0.502098413427881,1.19149880721861,3882,38838,115162,1150727,-5,7,0.772483356406771,1.4108075165904,0.136445690983546,14.5873265364459,0.344162247257827,1.19185397153414,"rwe"
2,28,436246,2,1.8140315612057,0.280352953889106,6.71893144415955,0.462398315394396,NA,0.595551750221686,0.810380975287579,3882,38838,115149,1150627,-5,13,0.590364428784828,1.54900932906166,0.316090962788683,7.59094749293469,0.437615584051628,0.810903081117823,"rwe"
2,28,138278,2,NA,NA,NA,NA,NA,NA,NA,3883,38853,115202,1151266,0,0,NA,NA,NA,NA,NA,NA,"rwe"
2,28,434164,2,NA,NA,NA,NA,NA,NA,NA,3883,38853,115202,1151266,0,0,NA,NA,NA,NA,NA,NA,"rwe"
2,28,440233,2,NA,NA,NA,NA,NA,NA,NA,3883,38853,115202,1151266,0,0,NA,NA,NA,NA,NA,NA,"rwe"
2,28,18,2,1.50241199705082,0.614172957800694,3.1524351723117,0.329278417901369,NA,0.407071814697448,0.417266321708579,3883,38853,115202,1151266,7,46,0.55633096664006,1.28291604693969,0.565142746452308,2.91231479803537,0.249135648527371,0.418279410311507,"rwe"
2,28,7,2,1.03399891679633,0.783667364275321,1.33898739633597,0.806723618483101,NA,0.0334337284999369,0.136656664885534,3813,38178,112310,1121955,60,611,0.429158680906297,0.882936109056797,0.671428641431013,1.1610707744234,-0.124502437670117,0.139719454321758,"rwe"
2,28,434327,2,0.700277481801804,0.0385234950793602,3.51048388864934,0.75693312414779,NA,-0.35627861991147,1.15110300128034,3882,38833,115167,1150472,-5,16,0.656984517899023,0.597969944647402,0.062595884782285,5.71232527418177,-0.514214786081524,1.1514706255111,"rwe"
2,28,78200,2,1.28458194398389,0.487126347593896,2.81987184552076,0.576115254667961,NA,0.250433329993036,0.447947819914289,3880,38812,115054,1149480,6,43,0.833792287094962,1.09691003052486,0.455065305406915,2.64404163703525,0.0924971638229692,0.448891669809426,"rwe"
2,28,436233,2,0.327652411881648,NA,4.15753309923755,NA,NA,-1.11580195237113,NA,3883,38849,115202,1151085,0,6,NA,NA,NA,NA,NA,NA,"rwe"
2,28,433753,2,1.69675316844082,0.89813636477655,2.95228410189021,0.0815777402211757,NA,0.528716523958654,0.303580198490616,3875,38751,114750,1146911,13,86,0.23576752107798,1.44886480656538,0.796958903614254,2.63402443737519,0.370780357788604,0.304971176956015,"rwe"
2,28,443792,2,0.308028756348594,0.0504065598589423,0.989421432328827,0.121011746047397,NA,-1.17756213559862,0.759452485210815,3878,38784,115009,1148320,-5,63,0.080664701642188,0.263027075938026,0.0593033368918513,1.16659949173984,-1.33549830176869,0.760009578328596,"rwe"
2,28,73754,2,1.44751253984684,0.667664929509374,2.7793873106544,0.309377874693757,NA,0.369846593534112,0.363833049135708,3877,38785,114895,1148285,9,64,0.567543378716262,1.23603716501281,0.604432301863905,2.52764100889655,0.211910427364032,0.364994478727717,"rwe"
2,28,439871,2,1.93550643020153,0.102302813022577,11.3871125476523,0.582780311142554,NA,0.660369013273151,1.20213952487074,3883,38852,115196,1151168,-5,6,0.675899340966686,1.65273724060695,0.156545703652948,17.4488364915125,0.502432847103094,1.20249154637975,"rwe"
2,28,439971,2,NA,NA,NA,NA,NA,NA,NA,3883,38853,115202,1151266,0,0,NA,NA,NA,NA,NA,NA,"rwe"
2,28,440382,2,0.330706340671414,NA,6.7110086467913,NA,NA,-1.10652448569343,NA,3883,38850,115202,1151149,0,5,NA,NA,NA,NA,NA,NA,"rwe"
2,28,441267,2,1.25137873099518,0.0670020130284087,6.8990759628583,0.849564783912993,NA,0.224245928269543,1.18227174978906,3881,38845,115125,1150928,-5,9,0.949991767379414,1.06855766457146,0.105230528295808,10.8506105690616,0.066309762099479,1.18262968515406,"rwe"
2,28,4098604,2,NA,NA,NA,NA,NA,NA,NA,3883,38853,115202,1151266,0,0,NA,NA,NA,NA,NA,NA,"rwe"
2,28,432303,2,0.33262369200308,NA,1.3794877648474,NA,NA,-1.10074348203901,NA,3879,38834,115082,1150373,0,24,NA,NA,NA,NA,NA,NA,"rwe"
2,28,433270,2,NA,NA,NA,NA,NA,NA,NA,3883,38853,115202,1151266,0,0,NA,NA,NA,NA,NA,NA,"rwe"
2,28,4119307,2,0.338562803967979,NA,20.657788398681,NA,NA,-1.08304566774503,NA,3883,38853,115202,1151212,0,-5,NA,NA,NA,NA,NA,NA,"rwe"
2,28,4163735,2,0.335333987732742,NA,21.655904257379,NA,NA,-1.09262826550318,NA,3883,38853,115202,1151235,0,-5,NA,NA,NA,NA,NA,NA,"rwe"
2,28,439125,2,0.724973001367111,0.0399938144605229,3.59850597691204,0.779331410468917,NA,-0.32162086431451,1.14786528316707,3883,38836,115180,1150488,-5,17,0.677877548157698,0.619057554703785,0.0652157544509312,5.87637541361537,-0.479557030484571,1.14823394400207,"rwe"
2,28,443447,2,0.535533510238817,0.0297236467133633,2.60390967177115,0.584174941632467,NA,-0.62449181357544,1.14104810983565,3882,38830,115162,1150316,-5,20,0.495057111214388,0.457294360873023,0.0488223022527319,4.28325013031453,-0.78242797974552,1.14141897251529,"rwe"
2,28,439791,2,NA,NA,NA,NA,NA,NA,NA,3883,38853,115202,1151266,0,0,NA,NA,NA,NA,NA,NA,"rwe"
2,28,6,2,0.934169674609581,0.681731393518002,1.24929543493898,0.659424920840649,NA,-0.0680971927880655,0.154517964359695,3827,38371,112819,1129908,47,465,0.186714147248888,0.797691491064783,0.586135203702815,1.08560569455196,-0.226033358958119,0.157233212675302,"rwe"
2,28,374375,2,NA,NA,NA,NA,NA,NA,NA,3883,38853,115202,1151266,0,0,NA,NA,NA,NA,NA,NA,"rwe"
2,28,438808,2,1.86352953977204,0.286339722095661,7.04030097208915,0.446069439261657,NA,0.622472291580809,0.816909718704584,3881,38840,115095,1150780,-5,11,0.5707763736964,1.59127586521718,0.320589869646734,7.89843697186354,0.464536125410746,0.817427654518937,"rwe"
2,28,4008710,2,NA,NA,NA,NA,NA,NA,NA,3883,38853,115202,1151266,0,0,NA,NA,NA,NA,NA,NA,"rwe"
2,28,22,2,0.518633710822465,0.08416208802757,1.7015247875298,0.391986126014719,NA,-0.656557404476007,0.766987436172447,3880,38804,115084,1149215,-5,42,0.291836380006819,0.442863549681523,0.0983874045571033,1.99342715177213,-0.814493570646064,0.767539060312054,"rwe"
2,28,4176908,2,NA,NA,NA,NA,NA,NA,NA,3883,38853,115202,1151266,0,0,NA,NA,NA,NA,NA,NA,"rwe"
2,28,25518,2,3.01652839275613,0.153303925751822,20.7194027814442,0.377713920434681,NA,1.10410663133777,1.25165653999858,3883,38852,115187,1151163,-5,-5,0.450275697687158,2.57582653008142,0.221419998344583,29.9651448047877,0.946170465167711,1.25199463895799,"rwe"
2,28,4193634,2,NA,NA,NA,NA,NA,NA,NA,3883,38853,115202,1151266,0,0,NA,NA,NA,NA,NA,NA,"rwe"
2,28,4166231,2,0.668277214972804,0.298242945135412,1.29168678513136,0.281092309462559,NA,-0.403052199056795,0.37393437676546,3874,38733,114814,1146258,8,107,0.143251101499477,0.570644779578258,0.273596378029167,1.19020385724984,-0.560988365226848,0.375064527761967,"rwe"
2,28,438130,2,0.326731671040178,NA,2.83398224254763,NA,NA,-1.11861602280197,NA,3883,38838,115202,1150660,0,9,NA,NA,NA,NA,NA,NA,"rwe"
2,28,443236,2,5.43641776044715,1.12123561014482,21.1843791391026,0.0239239153642323,NA,1.69312034404375,0.749716015104378,3882,38843,115135,1150886,-5,6,0.0416069024470235,4.6421804381464,1.06679810570333,20.2004850825085,1.5351841778737,0.750280337715388,"rwe"
2,28,4091513,2,NA,NA,NA,NA,NA,NA,NA,3883,38853,115202,1151266,0,0,NA,NA,NA,NA,NA,NA,"rwe"
2,28,374801,2,0.341371536318685,NA,13.4652648668858,NA,NA,-1.07478384550504,NA,3883,38849,115202,1151115,0,-5,NA,NA,NA,NA,NA,NA,"rwe"
2,28,378256,2,NA,NA,NA,NA,NA,NA,NA,3883,38853,115202,1151266,0,0,NA,NA,NA,NA,NA,NA,"rwe"
2,28,4092879,2,NA,NA,NA,NA,NA,NA,NA,3883,38853,115202,1151266,0,0,NA,NA,NA,NA,NA,NA,"rwe"
2,28,4168212,2,NA,NA,NA,NA,NA,NA,NA,3883,38853,115202,1151266,0,0,NA,NA,NA,NA,NA,NA,"rwe"
2,28,4058388,2,NA,NA,NA,NA,NA,NA,NA,3883,38853,115202,1151266,0,0,NA,NA,NA,NA,NA,NA,"rwe"
2,28,4216708,2,NA,NA,NA,NA,NA,NA,NA,3883,38852,115202,1151236,0,0,NA,NA,NA,NA,NA,NA,"rwe"
2,28,4248728,2,NA,NA,NA,NA,NA,NA,NA,3883,38853,115202,1151266,0,0,NA,NA,NA,NA,NA,NA,"rwe"
2,28,4275889,2,NA,NA,NA,NA,NA,NA,NA,3883,38853,115202,1151266,0,0,NA,NA,NA,NA,NA,NA,"rwe"
2,28,441553,2,NA,NA,NA,NA,NA,NA,NA,3883,38853,115202,1151266,0,0,NA,NA,NA,NA,NA,NA,"rwe"
2,28,4209423,2,1.1935972541232,0.893730552426279,1.5626996062654,0.21441555108986,NA,0.176971649964715,0.142544911952559,3827,38323,112739,1128271,56,499,0.741865146535834,1.01921781369137,0.76635673268994,1.35551096171568,0.0190354837946529,0.145483792162202,"rwe"
2,28,4311591,2,1.39594071815674,0.741940587313689,2.41453121861468,0.267812658725619,NA,0.333568537934728,0.301023711461399,3877,38765,114851,1147226,13,96,0.570399501175052,1.19199976532086,0.658946734731755,2.15626448335522,0.175632371764664,0.3024264484471,"rwe"
2,28,4344500,2,NA,NA,NA,NA,NA,NA,NA,3883,38853,115202,1151266,0,0,NA,NA,NA,NA,NA,NA,"rwe"
2,28,4022076,2,NA,NA,NA,NA,NA,NA,NA,3883,38853,115202,1151266,0,0,NA,NA,NA,NA,NA,NA,"rwe"
2,28,4049367,2,0.343146843216403,NA,15.0004465541796,NA,NA,-1.06959680909746,NA,3883,38845,115202,1151010,0,-5,NA,NA,NA,NA,NA,NA,"rwe"
2,28,40479573,2,NA,NA,NA,NA,NA,NA,NA,3883,38853,115202,1151266,0,0,NA,NA,NA,NA,NA,NA,"rwe"
2,28,40483172,2,0.534240595742934,0.0297464345789672,2.56729533283777,0.58145903676544,NA,-0.62690898766512,1.13724001575866,3881,38834,115126,1150413,-5,23,0.492273423544422,0.45619033564071,0.0490691899444693,4.24114648249742,-0.784845153835178,1.13761211988142,"rwe"
2,28,4194160,2,NA,NA,NA,NA,NA,NA,NA,3883,38853,115202,1151266,0,0,NA,NA,NA,NA,NA,NA,"rwe"
2,28,4195873,2,NA,NA,NA,NA,NA,NA,NA,3883,38853,115202,1151266,0,0,NA,NA,NA,NA,NA,NA,"rwe"
2,28,40486120,2,NA,NA,NA,NA,NA,NA,NA,3883,38853,115202,1151266,0,0,NA,NA,NA,NA,NA,NA,"rwe"
2,28,4198492,2,NA,NA,NA,NA,NA,NA,NA,3883,38853,115202,1151266,0,0,NA,NA,NA,NA,NA,NA,"rwe"
2,28,44782778,2,1.63837017875566,0.554062424662097,3.91265673915749,0.322141985692795,NA,0.493701954254326,0.498655727935824,3881,38829,115104,1150102,5,30,0.505260068629424,1.39901132131471,0.525584862592605,3.7239137130245,0.335765788084274,0.499503770617939,"rwe"
2,28,46286594,2,1.24486019695853,0.19378755312369,4.53206462082327,0.785337869541278,NA,0.219023232011927,0.804139880546561,3883,38842,115187,1150732,-5,15,0.929853391334352,1.06299146040474,0.21958203421068,5.14591664548119,0.0610870658418747,0.804666035907918,"rwe"
