"target_id","comparator_id","outcome_id","analysis_id","rr","ci_95_lb","ci_95_ub","p","i_2","log_rr","se_log_rr","target_subjects","comparator_subjects","target_days","comparator_days","target_outcomes","comparator_outcomes","calibrated_p","calibrated_rr","calibrated_ci_95_lb","calibrated_ci_95_ub","calibrated_log_rr","calibrated_se_log_rr","database_id"
137,143,6,1,0.338024331454165,NA,20.0303415325145,NA,NA,-1.08463739953924,NA,23,170,1464,15017,0,-5,NA,NA,NA,NA,NA,NA,"rwe"
137,143,7,1,0.801892229791618,0.0417461107868724,4.84816359555892,0.855569269947319,NA,-0.220781056963428,1.21296845694384,23,168,1439,14226,-5,9,NA,NA,NA,NA,NA,NA,"rwe"
137,143,18,1,0.346863645256892,NA,101.405254464386,NA,NA,-1.05882352941176,NA,23,171,1464,15606,0,-5,NA,NA,NA,NA,NA,NA,"rwe"
137,143,8,1,NA,NA,NA,NA,NA,NA,NA,23,171,1464,15606,0,0,NA,NA,NA,NA,NA,NA,"rwe"
137,143,19,1,NA,NA,NA,NA,NA,NA,NA,23,171,1464,15606,0,0,NA,NA,NA,NA,NA,NA,"rwe"
137,143,20,1,NA,NA,NA,NA,NA,NA,NA,23,171,1464,15606,0,0,NA,NA,NA,NA,NA,NA,"rwe"
137,143,9,1,NA,NA,NA,NA,NA,NA,NA,22,171,1167,15606,-5,0,NA,NA,NA,NA,NA,NA,"rwe"
137,143,10,1,NA,NA,NA,NA,NA,NA,NA,23,171,1464,15606,0,0,NA,NA,NA,NA,NA,NA,"rwe"
137,143,259995,1,NA,NA,NA,NA,NA,NA,NA,23,171,1464,15606,0,0,NA,NA,NA,NA,NA,NA,"rwe"
137,143,313601,1,NA,NA,NA,NA,NA,NA,NA,23,171,1464,15606,0,0,NA,NA,NA,NA,NA,NA,"rwe"
137,143,11,1,NA,NA,NA,NA,NA,NA,NA,23,171,1464,15606,0,0,NA,NA,NA,NA,NA,NA,"rwe"
137,143,12,1,0.343525769180601,NA,87.397887506103,NA,NA,-1.06849315068493,NA,23,170,1464,15359,0,-5,NA,NA,NA,NA,NA,NA,"rwe"
137,143,17,1,NA,NA,NA,NA,NA,NA,NA,23,171,1464,15606,0,0,NA,NA,NA,NA,NA,NA,"rwe"
137,143,432303,1,NA,NA,NA,NA,NA,NA,NA,23,171,1464,15606,0,0,NA,NA,NA,NA,NA,NA,"rwe"
137,143,13,1,6.37040086646699,0.29615566873286,66.5270907937505,0.180066420407971,NA,1.85166239797562,1.3812701005704,23,171,1210,15047,-5,-5,NA,NA,NA,NA,NA,NA,"rwe"
137,143,15,1,0.296169642884062,NA,7.58209168609109,NA,NA,-1.21682287097583,NA,23,168,1464,14556,0,-5,NA,NA,NA,NA,NA,NA,"rwe"
137,143,16,1,NA,NA,NA,NA,NA,NA,NA,23,168,1464,15336,0,0,NA,NA,NA,NA,NA,NA,"rwe"
137,143,199876,1,NA,NA,NA,NA,NA,NA,NA,23,170,1464,15590,0,0,NA,NA,NA,NA,NA,NA,"rwe"
137,143,25518,1,0.340642044157441,NA,78.0546247839408,NA,NA,-1.07692307692308,NA,23,171,1464,15518,0,-5,NA,NA,NA,NA,NA,NA,"rwe"
137,143,196456,1,0.263597138115727,NA,19.2748154151161,NA,NA,-1.33333333333333,NA,23,171,1464,15585,0,-5,NA,NA,NA,NA,NA,NA,"rwe"
137,143,443236,1,NA,NA,NA,NA,NA,NA,NA,23,171,1452,15606,-5,0,NA,NA,NA,NA,NA,NA,"rwe"
137,143,443447,1,0.344386795513837,NA,26.6901103171524,NA,NA,-1.06598984771574,NA,23,171,1464,15575,0,-5,NA,NA,NA,NA,NA,NA,"rwe"
137,143,197318,1,NA,NA,NA,NA,NA,NA,NA,23,171,1464,15606,0,0,NA,NA,NA,NA,NA,NA,"rwe"
137,143,378256,1,NA,NA,NA,NA,NA,NA,NA,23,171,1464,15606,0,0,NA,NA,NA,NA,NA,NA,"rwe"
137,143,438130,1,NA,NA,NA,NA,NA,NA,NA,23,171,1464,15606,0,0,NA,NA,NA,NA,NA,NA,"rwe"
137,143,73754,1,0.35345468195878,NA,148.061193756517,NA,NA,-1.04,NA,23,171,1464,15268,0,-5,NA,NA,NA,NA,NA,NA,"rwe"
137,143,21,1,NA,NA,NA,NA,NA,NA,NA,23,171,1464,15606,0,0,NA,NA,NA,NA,NA,NA,"rwe"
137,143,4168212,1,NA,NA,NA,NA,NA,NA,NA,23,171,1464,15606,0,0,NA,NA,NA,NA,NA,NA,"rwe"
137,143,22,1,NA,NA,NA,NA,NA,NA,NA,23,171,1210,15606,-5,0,NA,NA,NA,NA,NA,NA,"rwe"
137,143,4176908,1,NA,NA,NA,NA,NA,NA,NA,23,171,1464,15606,0,0,NA,NA,NA,NA,NA,NA,"rwe"
137,143,321689,1,1.94104136349918,0.0997256072639511,12.0808411377435,0.587840929673907,NA,0.663224614366394,1.22373514267408,23,169,1456,14856,-5,7,NA,NA,NA,NA,NA,NA,"rwe"
137,143,436246,1,NA,NA,NA,NA,NA,NA,NA,23,171,1464,15606,0,0,NA,NA,NA,NA,NA,NA,"rwe"
137,143,443792,1,NA,NA,NA,NA,NA,NA,NA,23,171,1464,15606,0,0,NA,NA,NA,NA,NA,NA,"rwe"
137,143,46286594,1,NA,NA,NA,NA,NA,NA,NA,23,171,1464,15606,0,0,NA,NA,NA,NA,NA,NA,"rwe"
137,143,435522,1,NA,NA,NA,NA,NA,NA,NA,23,170,1464,15583,0,0,NA,NA,NA,NA,NA,NA,"rwe"
137,143,374801,1,NA,NA,NA,NA,NA,NA,NA,23,171,1464,15606,0,0,NA,NA,NA,NA,NA,NA,"rwe"
137,143,436233,1,NA,NA,NA,NA,NA,NA,NA,23,171,1464,15606,0,0,NA,NA,NA,NA,NA,NA,"rwe"
137,143,78200,1,NA,NA,NA,NA,NA,NA,NA,23,170,1464,15585,0,0,NA,NA,NA,NA,NA,NA,"rwe"
137,143,138278,1,NA,NA,NA,NA,NA,NA,NA,23,171,1464,15606,0,0,NA,NA,NA,NA,NA,NA,"rwe"
137,143,441267,1,NA,NA,NA,NA,NA,NA,NA,23,171,1464,15606,0,0,NA,NA,NA,NA,NA,NA,"rwe"
137,143,441553,1,NA,NA,NA,NA,NA,NA,NA,23,171,1464,15606,0,0,NA,NA,NA,NA,NA,NA,"rwe"
137,143,138821,1,NA,NA,NA,NA,NA,NA,NA,23,171,1464,15606,0,0,NA,NA,NA,NA,NA,NA,"rwe"
137,143,433270,1,NA,NA,NA,NA,NA,NA,NA,23,171,1464,15606,0,0,NA,NA,NA,NA,NA,NA,"rwe"
137,143,433753,1,0.346245900727071,NA,98.4876573140761,NA,NA,-1.06060606060606,NA,23,171,1464,15117,0,-5,NA,NA,NA,NA,NA,NA,"rwe"
137,143,435371,1,NA,NA,NA,NA,NA,NA,NA,23,171,1464,15606,0,0,NA,NA,NA,NA,NA,NA,"rwe"
137,143,435516,1,NA,NA,NA,NA,NA,NA,NA,23,171,1464,15606,0,0,NA,NA,NA,NA,NA,NA,"rwe"
137,143,4166231,1,0.343119404268416,NA,13.7066914744339,NA,NA,-1.06967677499437,NA,23,170,1464,14872,0,-5,NA,NA,NA,NA,NA,NA,"rwe"
137,143,374375,1,NA,NA,NA,NA,NA,NA,NA,23,171,1464,15606,0,0,NA,NA,NA,NA,NA,NA,"rwe"
137,143,440382,1,NA,NA,NA,NA,NA,NA,NA,23,171,1464,15606,0,0,NA,NA,NA,NA,NA,NA,"rwe"
137,143,439125,1,NA,NA,NA,NA,NA,NA,NA,23,171,1464,15606,0,0,NA,NA,NA,NA,NA,NA,"rwe"
137,143,4163735,1,NA,NA,NA,NA,NA,NA,NA,23,171,1464,15606,0,0,NA,NA,NA,NA,NA,NA,"rwe"
137,143,440068,1,NA,NA,NA,NA,NA,NA,NA,23,171,1464,15606,0,0,NA,NA,NA,NA,NA,NA,"rwe"
137,143,44782778,1,0.31890655732397,NA,42.9584394972867,NA,NA,-1.14285714285714,NA,23,171,1464,15527,0,-5,NA,NA,NA,NA,NA,NA,"rwe"
137,143,4198492,1,NA,NA,NA,NA,NA,NA,NA,23,171,1464,15606,0,0,NA,NA,NA,NA,NA,NA,"rwe"
137,143,434164,1,NA,NA,NA,NA,NA,NA,NA,23,171,1464,15606,0,0,NA,NA,NA,NA,NA,NA,"rwe"
137,143,440233,1,NA,NA,NA,NA,NA,NA,NA,23,171,1464,15606,0,0,NA,NA,NA,NA,NA,NA,"rwe"
137,143,4119307,1,NA,NA,NA,NA,NA,NA,NA,23,171,1464,15606,0,0,NA,NA,NA,NA,NA,NA,"rwe"
137,143,438808,1,NA,NA,NA,NA,NA,NA,NA,23,171,1464,15606,0,0,NA,NA,NA,NA,NA,NA,"rwe"
137,143,439971,1,NA,NA,NA,NA,NA,NA,NA,23,171,1464,15606,0,0,NA,NA,NA,NA,NA,NA,"rwe"
137,143,4092879,1,NA,NA,NA,NA,NA,NA,NA,23,171,1464,15606,0,0,NA,NA,NA,NA,NA,NA,"rwe"
137,143,4193634,1,NA,NA,NA,NA,NA,NA,NA,23,171,1464,15606,0,0,NA,NA,NA,NA,NA,NA,"rwe"
137,143,40479573,1,NA,NA,NA,NA,NA,NA,NA,23,171,1464,15606,0,0,NA,NA,NA,NA,NA,NA,"rwe"
137,143,4209423,1,1.18254914140819,0.0598490577042096,7.71684393604554,0.892407926687296,NA,0.167672397736704,1.23964906845138,23,170,1447,13743,-5,7,NA,NA,NA,NA,NA,NA,"rwe"
137,143,4195873,1,NA,NA,NA,NA,NA,NA,NA,23,171,1464,15606,0,0,NA,NA,NA,NA,NA,NA,"rwe"
137,143,40486120,1,NA,NA,NA,NA,NA,NA,NA,23,171,1464,15606,0,0,NA,NA,NA,NA,NA,NA,"rwe"
137,143,4022076,1,NA,NA,NA,NA,NA,NA,NA,23,171,1464,15606,0,0,NA,NA,NA,NA,NA,NA,"rwe"
137,143,434327,1,0.340642044157441,NA,78.0546247839408,NA,NA,-1.07692307692308,NA,23,171,1464,15452,0,-5,NA,NA,NA,NA,NA,NA,"rwe"
137,143,4344500,1,NA,NA,NA,NA,NA,NA,NA,23,171,1464,15606,0,0,NA,NA,NA,NA,NA,NA,"rwe"
137,143,4216708,1,NA,NA,NA,NA,NA,NA,NA,23,171,1464,15606,0,0,NA,NA,NA,NA,NA,NA,"rwe"
137,143,40483172,1,NA,NA,NA,NA,NA,NA,NA,23,171,1464,15606,0,0,NA,NA,NA,NA,NA,NA,"rwe"
137,143,439791,1,NA,NA,NA,NA,NA,NA,NA,23,171,1464,15606,0,0,NA,NA,NA,NA,NA,NA,"rwe"
137,143,4091513,1,NA,NA,NA,NA,NA,NA,NA,23,171,1464,15606,0,0,NA,NA,NA,NA,NA,NA,"rwe"
137,143,4248728,1,NA,NA,NA,NA,NA,NA,NA,23,171,1464,15606,0,0,NA,NA,NA,NA,NA,NA,"rwe"
137,143,4008710,1,NA,NA,NA,NA,NA,NA,NA,23,171,1464,15606,0,0,NA,NA,NA,NA,NA,NA,"rwe"
137,143,4194160,1,NA,NA,NA,NA,NA,NA,NA,23,171,1464,15606,0,0,NA,NA,NA,NA,NA,NA,"rwe"
137,143,4311591,1,NA,NA,NA,NA,NA,NA,NA,23,170,1464,15586,0,0,NA,NA,NA,NA,NA,NA,"rwe"
137,143,439871,1,NA,NA,NA,NA,NA,NA,NA,23,171,1464,15606,0,0,NA,NA,NA,NA,NA,NA,"rwe"
137,143,4058388,1,NA,NA,NA,NA,NA,NA,NA,23,171,1464,15606,0,0,NA,NA,NA,NA,NA,NA,"rwe"
137,143,4098604,1,NA,NA,NA,NA,NA,NA,NA,23,171,1464,15606,0,0,NA,NA,NA,NA,NA,NA,"rwe"
137,143,4275889,1,NA,NA,NA,NA,NA,NA,NA,23,171,1464,15606,0,0,NA,NA,NA,NA,NA,NA,"rwe"
137,143,4049367,1,NA,NA,NA,NA,NA,NA,NA,23,171,1464,15606,0,0,NA,NA,NA,NA,NA,NA,"rwe"
137,143,21,2,0.340438978861425,NA,77.4705012801682,NA,NA,-1.07751937984496,NA,23,171,690,5077,0,-5,NA,NA,NA,NA,NA,NA,"rwe"
137,143,9,2,NA,NA,NA,NA,NA,NA,NA,22,171,660,5091,0,0,NA,NA,NA,NA,NA,NA,"rwe"
137,143,10,2,NA,NA,NA,NA,NA,NA,NA,23,171,690,5091,0,0,NA,NA,NA,NA,NA,NA,"rwe"
137,143,434164,2,NA,NA,NA,NA,NA,NA,NA,23,171,690,5091,0,0,NA,NA,NA,NA,NA,NA,"rwe"
137,143,25518,2,NA,NA,NA,NA,NA,NA,NA,23,171,690,5091,0,0,NA,NA,NA,NA,NA,NA,"rwe"
137,143,374375,2,NA,NA,NA,NA,NA,NA,NA,23,171,690,5091,0,0,NA,NA,NA,NA,NA,NA,"rwe"
137,143,11,2,NA,NA,NA,NA,NA,NA,NA,23,171,690,5091,0,0,NA,NA,NA,NA,NA,NA,"rwe"
137,143,6,2,6.33173823613303,0.225065005737023,178.130353759908,0.278362631943868,NA,1.84557480132424,1.70255210389798,23,170,687,5055,-5,-5,NA,NA,NA,NA,NA,NA,"rwe"
137,143,73754,2,0.340023632144403,NA,76.3021867798785,NA,NA,-1.07874015748032,NA,23,171,690,5091,0,-5,NA,NA,NA,NA,NA,NA,"rwe"
137,143,8,2,NA,NA,NA,NA,NA,NA,NA,23,171,690,5091,0,0,NA,NA,NA,NA,NA,NA,"rwe"
137,143,20,2,NA,NA,NA,NA,NA,NA,NA,23,171,690,5091,0,0,NA,NA,NA,NA,NA,NA,"rwe"
137,143,12,2,NA,NA,NA,NA,NA,NA,NA,23,170,690,5061,0,0,NA,NA,NA,NA,NA,NA,"rwe"
137,143,138278,2,NA,NA,NA,NA,NA,NA,NA,23,171,690,5091,0,0,NA,NA,NA,NA,NA,NA,"rwe"
137,143,321689,2,4.41603889122963,0.218458891233055,34.5008746169655,0.250096470690586,NA,1.48524311582678,1.29138650960398,23,169,674,4985,-5,-5,NA,NA,NA,NA,NA,NA,"rwe"
137,143,439791,2,NA,NA,NA,NA,NA,NA,NA,23,171,690,5091,0,0,NA,NA,NA,NA,NA,NA,"rwe"
137,143,434327,2,NA,NA,NA,NA,NA,NA,NA,23,171,690,5091,0,0,NA,NA,NA,NA,NA,NA,"rwe"
137,143,7,2,1.33064422882413,0.064275446583461,11.1363428618423,0.828028524805706,NA,0.285663207532828,1.31502198770495,23,168,678,4969,-5,-5,NA,NA,NA,NA,NA,NA,"rwe"
137,143,22,2,NA,NA,NA,NA,NA,NA,NA,23,171,690,5091,0,0,NA,NA,NA,NA,NA,NA,"rwe"
137,143,78200,2,NA,NA,NA,NA,NA,NA,NA,23,170,690,5061,0,0,NA,NA,NA,NA,NA,NA,"rwe"
137,143,16,2,NA,NA,NA,NA,NA,NA,NA,23,168,690,5001,0,0,NA,NA,NA,NA,NA,NA,"rwe"
137,143,432303,2,NA,NA,NA,NA,NA,NA,NA,23,171,690,5091,0,0,NA,NA,NA,NA,NA,NA,"rwe"
137,143,435516,2,NA,NA,NA,NA,NA,NA,NA,23,171,690,5091,0,0,NA,NA,NA,NA,NA,NA,"rwe"
137,143,433270,2,NA,NA,NA,NA,NA,NA,NA,23,171,690,5091,0,0,NA,NA,NA,NA,NA,NA,"rwe"
137,143,433753,2,NA,NA,NA,NA,NA,NA,NA,23,171,690,5091,0,0,NA,NA,NA,NA,NA,NA,"rwe"
137,143,435371,2,NA,NA,NA,NA,NA,NA,NA,23,171,690,5091,0,0,NA,NA,NA,NA,NA,NA,"rwe"
137,143,199876,2,0.339811210315776,NA,75.7179948680622,NA,NA,-1.07936507936508,NA,23,170,690,5060,0,-5,NA,NA,NA,NA,NA,NA,"rwe"
137,143,439871,2,NA,NA,NA,NA,NA,NA,NA,23,171,690,5091,0,0,NA,NA,NA,NA,NA,NA,"rwe"
137,143,438808,2,NA,NA,NA,NA,NA,NA,NA,23,171,690,5091,0,0,NA,NA,NA,NA,NA,NA,"rwe"
137,143,439125,2,NA,NA,NA,NA,NA,NA,NA,23,171,690,5091,0,0,NA,NA,NA,NA,NA,NA,"rwe"
137,143,197318,2,NA,NA,NA,NA,NA,NA,NA,23,171,690,5091,0,0,NA,NA,NA,NA,NA,NA,"rwe"
137,143,440068,2,NA,NA,NA,NA,NA,NA,NA,23,171,690,5091,0,0,NA,NA,NA,NA,NA,NA,"rwe"
137,143,4049367,2,NA,NA,NA,NA,NA,NA,NA,23,171,690,5091,0,0,NA,NA,NA,NA,NA,NA,"rwe"
137,143,138821,2,NA,NA,NA,NA,NA,NA,NA,23,171,690,5091,0,0,NA,NA,NA,NA,NA,NA,"rwe"
137,143,13,2,0.340229854815342,NA,21.5310468008271,NA,NA,-1.07813384621191,NA,23,171,690,5069,0,-5,NA,NA,NA,NA,NA,NA,"rwe"
137,143,15,2,0.297165764471952,NA,6.99683928584424,NA,NA,-1.2134651663406,NA,23,168,690,4975,0,-5,NA,NA,NA,NA,NA,NA,"rwe"
137,143,374801,2,NA,NA,NA,NA,NA,NA,NA,23,171,690,5091,0,0,NA,NA,NA,NA,NA,NA,"rwe"
137,143,439971,2,NA,NA,NA,NA,NA,NA,NA,23,171,690,5091,0,0,NA,NA,NA,NA,NA,NA,"rwe"
137,143,378256,2,NA,NA,NA,NA,NA,NA,NA,23,171,690,5091,0,0,NA,NA,NA,NA,NA,NA,"rwe"
137,143,436246,2,NA,NA,NA,NA,NA,NA,NA,23,171,690,5091,0,0,NA,NA,NA,NA,NA,NA,"rwe"
137,143,4058388,2,NA,NA,NA,NA,NA,NA,NA,23,171,690,5091,0,0,NA,NA,NA,NA,NA,NA,"rwe"
137,143,196456,2,NA,NA,NA,NA,NA,NA,NA,23,171,690,5091,0,0,NA,NA,NA,NA,NA,NA,"rwe"
137,143,436233,2,NA,NA,NA,NA,NA,NA,NA,23,171,690,5091,0,0,NA,NA,NA,NA,NA,NA,"rwe"
137,143,18,2,NA,NA,NA,NA,NA,NA,NA,23,171,690,5091,0,0,NA,NA,NA,NA,NA,NA,"rwe"
137,143,19,2,NA,NA,NA,NA,NA,NA,NA,23,171,690,5091,0,0,NA,NA,NA,NA,NA,NA,"rwe"
137,143,443792,2,NA,NA,NA,NA,NA,NA,NA,23,171,690,5091,0,0,NA,NA,NA,NA,NA,NA,"rwe"
137,143,4008710,2,NA,NA,NA,NA,NA,NA,NA,23,171,690,5091,0,0,NA,NA,NA,NA,NA,NA,"rwe"
137,143,435522,2,NA,NA,NA,NA,NA,NA,NA,23,170,690,5061,0,0,NA,NA,NA,NA,NA,NA,"rwe"
137,143,313601,2,NA,NA,NA,NA,NA,NA,NA,23,171,690,5091,0,0,NA,NA,NA,NA,NA,NA,"rwe"
137,143,4022076,2,NA,NA,NA,NA,NA,NA,NA,23,171,690,5091,0,0,NA,NA,NA,NA,NA,NA,"rwe"
137,143,4193634,2,NA,NA,NA,NA,NA,NA,NA,23,171,690,5091,0,0,NA,NA,NA,NA,NA,NA,"rwe"
137,143,438130,2,NA,NA,NA,NA,NA,NA,NA,23,171,690,5091,0,0,NA,NA,NA,NA,NA,NA,"rwe"
137,143,259995,2,NA,NA,NA,NA,NA,NA,NA,23,171,690,5091,0,0,NA,NA,NA,NA,NA,NA,"rwe"
137,143,440382,2,NA,NA,NA,NA,NA,NA,NA,23,171,690,5091,0,0,NA,NA,NA,NA,NA,NA,"rwe"
137,143,4091513,2,NA,NA,NA,NA,NA,NA,NA,23,171,690,5091,0,0,NA,NA,NA,NA,NA,NA,"rwe"
137,143,4092879,2,NA,NA,NA,NA,NA,NA,NA,23,171,690,5091,0,0,NA,NA,NA,NA,NA,NA,"rwe"
137,143,441267,2,NA,NA,NA,NA,NA,NA,NA,23,171,690,5091,0,0,NA,NA,NA,NA,NA,NA,"rwe"
137,143,4209423,2,2.30923194827818,0.102285327455182,26.8766397561838,0.555959744728533,NA,0.836914979323806,1.42126247871443,23,170,686,5027,-5,-5,NA,NA,NA,NA,NA,NA,"rwe"
137,143,4194160,2,NA,NA,NA,NA,NA,NA,NA,23,171,690,5091,0,0,NA,NA,NA,NA,NA,NA,"rwe"
137,143,440233,2,NA,NA,NA,NA,NA,NA,NA,23,171,690,5091,0,0,NA,NA,NA,NA,NA,NA,"rwe"
137,143,443236,2,NA,NA,NA,NA,NA,NA,NA,23,171,673,5091,-5,0,NA,NA,NA,NA,NA,NA,"rwe"
137,143,4216708,2,NA,NA,NA,NA,NA,NA,NA,23,171,690,5091,0,0,NA,NA,NA,NA,NA,NA,"rwe"
137,143,443447,2,NA,NA,NA,NA,NA,NA,NA,23,171,690,5091,0,0,NA,NA,NA,NA,NA,NA,"rwe"
137,143,4248728,2,NA,NA,NA,NA,NA,NA,NA,23,171,690,5091,0,0,NA,NA,NA,NA,NA,NA,"rwe"
137,143,4163735,2,NA,NA,NA,NA,NA,NA,NA,23,171,690,5091,0,0,NA,NA,NA,NA,NA,NA,"rwe"
137,143,4166231,2,0.340438978861425,NA,77.4705012801682,NA,NA,-1.07751937984496,NA,23,170,690,5034,0,-5,NA,NA,NA,NA,NA,NA,"rwe"
137,143,17,2,NA,NA,NA,NA,NA,NA,NA,23,171,690,5091,0,0,NA,NA,NA,NA,NA,NA,"rwe"
137,143,4119307,2,NA,NA,NA,NA,NA,NA,NA,23,171,690,5091,0,0,NA,NA,NA,NA,NA,NA,"rwe"
137,143,4168212,2,NA,NA,NA,NA,NA,NA,NA,23,171,690,5091,0,0,NA,NA,NA,NA,NA,NA,"rwe"
137,143,4176908,2,NA,NA,NA,NA,NA,NA,NA,23,171,690,5091,0,0,NA,NA,NA,NA,NA,NA,"rwe"
137,143,4344500,2,NA,NA,NA,NA,NA,NA,NA,23,171,690,5091,0,0,NA,NA,NA,NA,NA,NA,"rwe"
137,143,40479573,2,NA,NA,NA,NA,NA,NA,NA,23,171,690,5091,0,0,NA,NA,NA,NA,NA,NA,"rwe"
137,143,4275889,2,NA,NA,NA,NA,NA,NA,NA,23,171,690,5091,0,0,NA,NA,NA,NA,NA,NA,"rwe"
137,143,4311591,2,NA,NA,NA,NA,NA,NA,NA,23,170,690,5061,0,0,NA,NA,NA,NA,NA,NA,"rwe"
137,143,40483172,2,NA,NA,NA,NA,NA,NA,NA,23,171,690,5091,0,0,NA,NA,NA,NA,NA,NA,"rwe"
137,143,40486120,2,NA,NA,NA,NA,NA,NA,NA,23,171,690,5091,0,0,NA,NA,NA,NA,NA,NA,"rwe"
137,143,4195873,2,NA,NA,NA,NA,NA,NA,NA,23,171,690,5091,0,0,NA,NA,NA,NA,NA,NA,"rwe"
137,143,4198492,2,NA,NA,NA,NA,NA,NA,NA,23,171,690,5091,0,0,NA,NA,NA,NA,NA,NA,"rwe"
137,143,44782778,2,NA,NA,NA,NA,NA,NA,NA,23,171,690,5091,0,0,NA,NA,NA,NA,NA,NA,"rwe"
137,143,441553,2,NA,NA,NA,NA,NA,NA,NA,23,171,690,5091,0,0,NA,NA,NA,NA,NA,NA,"rwe"
137,143,4098604,2,NA,NA,NA,NA,NA,NA,NA,23,171,690,5091,0,0,NA,NA,NA,NA,NA,NA,"rwe"
137,143,46286594,2,NA,NA,NA,NA,NA,NA,NA,23,171,690,5091,0,0,NA,NA,NA,NA,NA,NA,"rwe"
2,28,6,1,0.924487257560109,0.727006024996577,1.15904348321636,0.509332510726477,NA,-0.0785160113109414,0.118985756680241,3827,38371,199019,2044973,79,806,0.242424858747726,0.856913535808896,0.67555444881662,1.08696021340512,-0.154418257179174,0.121330424600114,"rwe"
2,28,138821,1,NA,NA,NA,NA,NA,NA,NA,3883,38853,204933,2101078,0,0,NA,NA,NA,NA,NA,NA,"rwe"
2,28,432303,1,0.353971493558394,0.0198940564528281,1.64509437241209,0.356499519805365,NA,-1.03853889576201,1.12632988392136,3879,38834,204723,2098851,-5,38,0.323158059799794,0.328098588314999,0.0360626583568062,2.98504571097369,-1.11444114163025,1.12657998786379,"rwe"
2,28,7,1,1.07365856354699,0.878740862199526,1.29891484235769,0.475907768558063,NA,0.071072034505923,0.0996942844005693,3813,38178,196689,2018330,114,1137,0.727163899282756,0.995181435349013,0.81408554862303,1.21656267076415,-0.00483021136231798,0.102481276255794,"rwe"
2,28,18,1,1.07121698285379,0.497834681946405,2.03190891471064,0.847947157712728,NA,0.0687953693148862,0.358798155323421,3883,38853,204933,2101078,9,85,0.91257474469119,0.992918317574638,0.490722916252562,2.0090498175713,-0.00710687655335107,0.359582505003193,"rwe"
2,28,19,1,916514696801804,NA,NA,NA,NA,34.45159921887,NA,3883,38853,204933,2101078,-5,0,NA,NA,NA,NA,NA,NA,"rwe"
2,28,8,1,0.351022001278906,NA,19.8670434905062,NA,NA,-1.0469063757744,NA,3883,38852,204933,2100970,0,-5,NA,NA,NA,NA,NA,NA,"rwe"
2,28,9,1,0.833730353877278,0.511418159128308,1.28121905404691,0.43764766682517,NA,-0.181845245595412,0.234284845541613,3871,38694,203851,2080768,20,284,0.287810813826228,0.772790343630807,0.487098841102169,1.22604462342327,-0.257747491463647,0.235484289266468,"rwe"
2,28,12,1,0.944669967488414,0.713929170177365,1.22581003230998,0.679790777055433,NA,-0.0569196532401501,0.137903911396213,3848,38521,200017,2056524,59,593,0.376220085440808,0.875621027107928,0.665588624701576,1.15193101964041,-0.132821899108379,0.13993194924409,"rwe"
2,28,13,1,0.959164285494396,0.696325457396838,1.28765687423,0.7903564337712,NA,-0.0416929096000572,0.15683000090463,3859,38527,201306,2060158,45,551,0.484650779601311,0.889055909189923,0.651500399972431,1.21323088934249,-0.117595155468308,0.158616237581853,"rwe"
2,28,10,1,1.19017194112891,0.410186815080315,2.74440905261374,0.719557116413126,NA,0.174097785029624,0.484883488145736,3880,38835,204363,2098079,5,48,0.841700708761652,1.10317847861413,0.426008173396683,2.85675916960444,0.0981955391613951,0.485464168314461,"rwe"
2,28,11,1,0.488064479926789,0.0272167633475694,2.3314232635571,0.527512979201034,NA,-0.717307750860004,1.13532727001452,3883,38843,204916,2099799,-5,25,0.485350242354805,0.452390290700784,0.0488550822791545,4.18906213177474,-0.793209996728251,1.1355753923362,"rwe"
2,28,22,1,0.449046625767931,0.109658786498987,1.20980700541415,0.191141272318119,NA,-0.800628553050116,0.612471081424453,3880,38804,204621,2094814,-5,76,0.154834207346883,0.416224375926384,0.125198689652298,1.38374236660491,-0.876530798918353,0.612930899222834,"rwe"
2,28,25518,1,1.17510532956241,0.0641240914849447,6.09917194310296,0.889562279671275,NA,0.161357785759278,1.16203363794696,3883,38852,204905,2100705,-5,11,0.941525836329835,1.08921313373292,0.111630197817753,10.6278164321915,0.0854555398910435,1.16227605901572,"rwe"
2,28,138278,1,NA,NA,NA,NA,NA,NA,NA,3883,38853,204933,2101078,0,0,NA,NA,NA,NA,NA,NA,"rwe"
2,28,4209423,1,1.09649758874916,0.877152747023447,1.35354958004557,0.405171373346271,NA,0.0921210898302114,0.110666470319155,3827,38323,199216,2032957,92,935,0.741835169487047,1.01635108336783,0.814144872424616,1.26877851798864,0.0162188439619797,0.113183608768127,"rwe"
2,28,73754,1,1.1882464457355,0.617482664667048,2.08191895402446,0.578017033533579,NA,0.172478645331827,0.310055270486654,3877,38785,204370,2093457,12,108,0.761559308774813,1.10139372381924,0.598757216612482,2.02597664163686,0.0965763994636006,0.310962590028817,"rwe"
2,28,78200,1,0.651853354051672,0.253043922157409,1.37506097657304,0.321679552283671,NA,-0.42793565945179,0.431816678786597,3880,38812,204488,2094697,6,91,0.248368060235132,0.604207313709769,0.258861833395805,1.41027540889808,-0.503837905320026,0.432468618189998,"rwe"
2,28,15,1,1.22898581843555,0.904471931156642,1.63477085536673,0.172096676326305,NA,0.206189291408734,0.150999369540271,3845,38547,200755,2070637,51,376,0.424988153485341,1.1391553258549,0.844254901110929,1.53706523316123,0.130287045540499,0.152853757698113,"rwe"
2,28,374801,1,0.325488378434657,NA,3.44393410441976,NA,NA,-1.12242852170468,NA,3883,38849,204933,2100662,0,7,NA,NA,NA,NA,NA,NA,"rwe"
2,28,16,1,1.16735721244882,0.543976195402178,2.20513253636668,0.66473654441499,NA,0.154742401110388,0.357056919633187,3865,38790,203778,2094316,9,92,0.827248236374538,1.08203135120713,0.53658874001518,2.18191653623216,0.0788401552421618,0.35784508589447,"rwe"
2,28,378256,1,NA,NA,NA,NA,NA,NA,NA,3883,38853,204933,2101078,0,0,NA,NA,NA,NA,NA,NA,"rwe"
2,28,434164,1,NA,NA,NA,NA,NA,NA,NA,3883,38853,204933,2101078,0,0,NA,NA,NA,NA,NA,NA,"rwe"
2,28,20,1,1.17337303525994,0.279263417044423,3.33840212595625,0.800576031291003,NA,0.15988253723871,0.63294328420296,3879,38835,204651,2098936,-5,30,0.8951729461143,1.08760745834512,0.314290410155997,3.76368462168739,0.0839802913704659,0.633388240069634,"rwe"
2,28,17,1,1.04578631646315,0.435705196944683,2.12772183343892,0.911884821359108,NA,0.0447690584093305,0.404558776640769,3880,38817,204062,2096345,7,76,0.909689624133539,0.96934645968631,0.438052047152519,2.14502492344072,-0.0311331874589058,0.405254568633036,"rwe"
2,28,433270,1,NA,NA,NA,NA,NA,NA,NA,3883,38853,204933,2101078,0,0,NA,NA,NA,NA,NA,NA,"rwe"
2,28,196456,1,1.00197013625602,0.704490875428026,1.38334412891151,0.990877520933389,NA,0.00196819808281563,0.172141874663855,3863,38588,202631,2071761,38,399,0.680086375676328,0.928732943815883,0.660658289163554,1.30558398354612,-0.0739340477854142,0.173770787687863,"rwe"
2,28,197318,1,3.19110199737363,0.713694732020131,10.3991917724605,0.0895385712845618,NA,1.1603663108635,0.683438079558997,3881,38841,204739,2100096,-5,11,0.11436517996965,2.95785417628481,0.774252167351146,11.2998086374069,1.08446406499526,0.683850181130456,"rwe"
2,28,433753,1,1.30718781930703,0.772420751931491,2.07850860957703,0.288779889361465,NA,0.267878126924611,0.252524151383886,3875,38751,203925,2088334,18,163,0.461203983898053,1.21164129310444,0.737017086614903,1.99191395941525,0.191975881056379,0.253637356619699,"rwe"
2,28,4049367,1,1.06802384531122,0.0574846296866026,5.81365842912422,0.955436778123697,NA,0.0658100673591874,1.17768687685459,3883,38845,204909,2100243,-5,9,0.972610810065963,0.989958576637626,0.0983930738818053,9.96023342695483,-0.0100921785090691,1.1779260764396,"rwe"
2,28,438130,1,0.545486507277133,0.0302918621557559,2.64697856170534,0.595100669840433,NA,-0.606077208612289,1.1404023333182,3883,38838,204929,2099579,-5,21,0.55026054936461,0.505615158959072,0.0540626833552229,4.72870884505428,-0.681979454480526,1.14064935167582,"rwe"
2,28,21,1,0.592071755769079,0.207993519489224,1.32000959490961,0.266210036659782,NA,-0.524127442373967,0.471408499361894,3880,38802,204663,2093049,5,98,0.207156019210243,0.5487953430831,0.217589727559998,1.38414773512991,-0.600029688242216,0.472005757286399,"rwe"
2,28,313601,1,NA,NA,NA,NA,NA,NA,NA,3883,38853,204933,2101078,0,0,NA,NA,NA,NA,NA,NA,"rwe"
2,28,4022076,1,NA,NA,NA,NA,NA,NA,NA,3883,38853,204933,2101078,0,0,NA,NA,NA,NA,NA,NA,"rwe"
2,28,439791,1,NA,NA,NA,NA,NA,NA,NA,3883,38853,204933,2101078,0,0,NA,NA,NA,NA,NA,NA,"rwe"
2,28,321689,1,0.969826197768301,0.76658764400463,1.20978162128075,0.792368812322968,NA,-0.0306384010973776,0.116391452272022,3834,38311,198735,2034043,82,924,0.413935697373646,0.898938508295997,0.712226320385824,1.13459783578297,-0.106540646965598,0.118787338562941,"rwe"
2,28,374375,1,NA,NA,NA,NA,NA,NA,NA,3883,38853,204933,2101078,0,0,NA,NA,NA,NA,NA,NA,"rwe"
2,28,4195873,1,NA,NA,NA,NA,NA,NA,NA,3883,38853,204933,2101078,0,0,NA,NA,NA,NA,NA,NA,"rwe"
2,28,4198492,1,NA,NA,NA,NA,NA,NA,NA,3883,38853,204933,2101078,0,0,NA,NA,NA,NA,NA,NA,"rwe"
2,28,439125,1,0.41691374033256,0.0233525229626201,1.9620042690221,0.438951656797994,NA,-0.874875936297026,1.13038219652441,3883,38836,204911,2098852,-5,30,0.400983127824692,0.386440185555997,0.042139277586752,3.54386751659688,-0.950778182165266,1.13063140406599,"rwe"
2,28,4092879,1,NA,NA,NA,NA,NA,NA,NA,3883,38853,204933,2101078,0,0,NA,NA,NA,NA,NA,NA,"rwe"
2,28,199876,1,1.07180215773675,0.69583780224514,1.5813610477315,0.740563872596871,NA,0.0693414912663165,0.209423385805863,3863,38694,203010,2084150,26,239,0.855571624457324,0.993460720159355,0.657275963604237,1.50159789365705,-0.00656075460190664,0.210764361701089,"rwe"
2,28,438808,1,0.751336264435589,0.120514448352153,2.53943903548829,0.713098970436286,NA,-0.285901971857262,0.777547153522364,3881,38840,204714,2099600,-5,26,0.642528653970386,0.696418700932823,0.151604726515222,3.19910215306023,-0.361804217725478,0.777909401917477,"rwe"
2,28,443236,1,3.33246662410092,0.739975697247325,10.9491321926465,0.079909082410011,NA,1.20371275774703,0.687359093698345,3882,38843,204764,2100256,-5,12,0.102499856564059,3.08888601164713,0.802365005407804,11.8913670569418,1.12781051187879,0.687768845856432,"rwe"
2,28,435371,1,2.46854749714401,0.374033577349556,9.61453338332421,0.275268781949531,NA,0.903629919829626,0.828251330122663,3882,38838,204851,2099951,-5,10,0.319490747255111,2.28811348863002,0.451002836199695,11.608493154869,0.827727673961391,0.828591411668521,"rwe"
2,28,443447,1,1.21597514849079,0.288554054664383,3.47891136147066,0.758163886598926,NA,0.195546346238748,0.635111737609213,3882,38830,204781,2098566,-5,29,0.852027593246719,1.12709564726611,0.324321116574832,3.9169345847793,0.119644100370508,0.635555175330883,"rwe"
2,28,4248728,1,NA,NA,NA,NA,NA,NA,NA,3883,38853,204933,2101078,0,0,NA,NA,NA,NA,NA,NA,"rwe"
2,28,4275889,1,NA,NA,NA,NA,NA,NA,NA,3883,38853,204933,2101078,0,0,NA,NA,NA,NA,NA,NA,"rwe"
2,28,4098604,1,NA,NA,NA,NA,NA,NA,NA,3883,38853,204933,2101078,0,0,NA,NA,NA,NA,NA,NA,"rwe"
2,28,259995,1,1.09780900399529,0.059234172272273,5.89693528762264,0.936628245801644,NA,0.0933163789539902,1.17366683234163,3882,38849,204889,2100505,-5,10,0.971796148530149,1.01756664309165,0.10193692735674,10.1576720034846,0.0174141330857509,1.17390685106601,"rwe"
2,28,434327,1,0.367649289333217,0.0206151013370343,1.72257628004042,0.375454182871845,NA,-1.00062581333996,1.12898819556591,3882,38833,204812,2099207,-5,34,0.341028810620715,0.340776630379541,0.0372615504788476,3.116582920476,-1.07652805920819,1.12923771074475,"rwe"
2,28,4091513,1,NA,NA,NA,NA,NA,NA,NA,3883,38853,204933,2101078,0,0,NA,NA,NA,NA,NA,NA,"rwe"
2,28,436233,1,0.329477435031643,NA,3.75628889467483,NA,NA,-1.11024740983789,NA,3883,38849,204933,2100603,0,7,NA,NA,NA,NA,NA,NA,"rwe"
2,28,436246,1,2.25486909814962,0.650352633359675,6.0190607573714,0.152038927857473,NA,0.813091921668642,0.567656292326868,3882,38838,204749,2099397,-5,22,0.197314153291708,2.09005352521686,0.686349347212255,6.36457768338302,0.737189675800394,0.568152380844403,"rwe"
2,28,435516,1,0.542284258956106,0.087674272111303,1.79623920695623,0.426979566227902,NA,-0.611964952006507,0.770376894339293,3879,38829,204248,2098218,-5,36,0.373668068894402,0.502646973179484,0.110970068827509,2.27677591188324,-0.687867197874724,0.77074251275814,"rwe"
2,28,4058388,1,NA,NA,NA,NA,NA,NA,NA,3883,38853,204933,2101078,0,0,NA,NA,NA,NA,NA,NA,"rwe"
2,28,439971,1,NA,NA,NA,NA,NA,NA,NA,3883,38853,204933,2101078,0,0,NA,NA,NA,NA,NA,NA,"rwe"
2,28,440382,1,1.98252290122815,0.101936281414653,12.4584234486609,0.576696168884479,NA,0.684370226151518,1.22599302006922,3883,38850,204933,2100728,-5,6,0.62047362062371,1.83761398031284,0.166146634850018,20.3243667480193,0.608467980283294,1.2262227965991,"rwe"
2,28,441267,1,1.02846625154182,0.0558884216637181,5.37590232271795,0.980776593023293,NA,0.0280686162927967,1.16490009920702,3881,38845,204830,2100023,-5,12,0.962587124654657,0.953292373542024,0.0971528432246297,9.35398614482312,-0.0478336295754218,1.16514192387597,"rwe"
2,28,439871,1,0.987234115552717,0.054127037966697,5.03721833501064,0.991135893807303,NA,-0.0128480685343666,1.15646906989769,3883,38852,204914,2100682,-5,12,0.938508313154644,0.915074025857439,0.0948114152511237,8.83185290063519,-0.0887503144026169,1.15671265717588,"rwe"
2,28,441553,1,NA,NA,NA,NA,NA,NA,NA,3883,38853,204933,2101078,0,0,NA,NA,NA,NA,NA,NA,"rwe"
2,28,4216708,1,NA,NA,NA,NA,NA,NA,NA,3883,38852,204933,2101035,0,0,NA,NA,NA,NA,NA,NA,"rwe"
2,28,4163735,1,0.335324128427806,NA,21.6518861295754,NA,NA,-1.0926576673838,NA,3883,38853,204933,2100961,0,-5,NA,NA,NA,NA,NA,NA,"rwe"
2,28,4176908,1,NA,NA,NA,NA,NA,NA,NA,3883,38853,204933,2101078,0,0,NA,NA,NA,NA,NA,NA,"rwe"
2,28,44782778,1,1.78190493988829,0.772815738446266,3.60371750186924,0.141360414231539,NA,0.577682983006375,0.392782876373389,3881,38829,204651,2098155,8,46,0.207608381150481,1.6516598255176,0.763788703898908,3.5716424782186,0.50178073713812,0.393499491248758,"rwe"
2,28,440068,1,1.10322249841343,0.378624232814209,2.56532736347332,0.840492960066757,NA,0.0982354410647756,0.488094972288932,3880,38832,204711,2098760,5,42,0.930614302382519,1.02258444793968,0.392410809606091,2.66475572937903,0.0223331951965378,0.488671836322297,"rwe"
2,28,435522,1,1.52118877856542,0.0811276636692939,8.52300323114143,0.723872559413916,NA,0.419492120345717,1.18739427808966,3882,38849,204834,2100562,-5,8,0.77295313536702,1.41000023982327,0.13750085598295,14.4588239985079,0.343589874477487,1.18763152251906,"rwe"
2,28,4008710,1,NA,NA,NA,NA,NA,NA,NA,3883,38853,204933,2101078,0,0,NA,NA,NA,NA,NA,NA,"rwe"
2,28,4119307,1,0.338523805132179,NA,20.6442541494693,NA,NA,-1.08316086374896,NA,3883,38853,204933,2100998,0,-5,NA,NA,NA,NA,NA,NA,"rwe"
2,28,4311591,1,1.4462764634479,0.874815437070165,2.26470696950027,0.128347793017001,NA,0.368992297334422,0.242654387712017,3877,38765,204017,2090841,20,147,0.242574068860276,1.34056350470544,0.831292149213091,2.16182783856357,0.293090051466166,0.243812660698272,"rwe"
2,28,4194160,1,NA,NA,NA,NA,NA,NA,NA,3883,38853,204933,2101078,0,0,NA,NA,NA,NA,NA,NA,"rwe"
2,28,40486120,1,NA,NA,NA,NA,NA,NA,NA,3883,38853,204933,2101078,0,0,NA,NA,NA,NA,NA,NA,"rwe"
2,28,4166231,1,0.900588319796562,0.534016425374443,1.42466366539344,0.675741840217846,NA,-0.10470704055635,0.250327161795856,3874,38733,203948,2087834,18,192,0.484049227702518,0.834761447617775,0.509950093569327,1.36646052862073,-0.180609286424584,0.251450093604371,"rwe"
2,28,46286594,1,1.63450174174999,0.376619424073416,4.98100331576137,0.455731833094974,NA,0.491338012797948,0.658724202782391,3883,38842,204830,2099307,-5,17,0.530795885970589,1.51503079718513,0.416246379974096,5.51432619440968,0.415435766929718,0.659151755646731,"rwe"
2,28,4344500,1,NA,NA,NA,NA,NA,NA,NA,3883,38853,204933,2101078,0,0,NA,NA,NA,NA,NA,NA,"rwe"
2,28,443792,1,0.65357006657752,0.274440152082734,1.31181618141292,0.286574001541422,NA,-0.425305534255106,0.399097803433855,3878,38784,204447,2092228,7,112,0.215001329991582,0.605798546242683,0.276703856172118,1.32629838885035,-0.501207780123337,0.39980309947098,"rwe"
2,28,4168212,1,NA,NA,NA,NA,NA,NA,NA,3883,38853,204933,2101078,0,0,NA,NA,NA,NA,NA,NA,"rwe"
2,28,440233,1,NA,NA,NA,NA,NA,NA,NA,3883,38853,204933,2101078,0,0,NA,NA,NA,NA,NA,NA,"rwe"
2,28,40479573,1,NA,NA,NA,NA,NA,NA,NA,3883,38853,204933,2101078,0,0,NA,NA,NA,NA,NA,NA,"rwe"
2,28,40483172,1,0.333079544510919,0.0187254555577686,1.54645760572869,0.328889295738638,NA,-1.099373945122,1.12599985396717,3881,38834,204818,2098596,-5,39,0.297330483813627,0.308733698445715,0.0339561365162876,2.80704774850481,-1.17527619099023,1.12625003119865,"rwe"
2,28,4193634,1,NA,NA,NA,NA,NA,NA,NA,3883,38853,204933,2101078,0,0,NA,NA,NA,NA,NA,NA,"rwe"
2,28,259995,2,0.312678565993574,NA,7.53903197594277,NA,NA,-1.16257956181945,NA,3882,38849,115172,1151095,0,-5,NA,NA,NA,NA,NA,NA,"rwe"
2,28,13,2,1.08709529634379,0.724695718896122,1.56792999745487,0.671448423677541,NA,0.0835092734258832,0.196881088846151,3859,38527,114144,1137252,29,298,0.713066366639905,0.928420224919107,0.628633090193077,1.37117203578019,-0.0742708201152311,0.198950949031966,"rwe"
2,28,138821,2,NA,NA,NA,NA,NA,NA,NA,3883,38853,115202,1151266,0,0,NA,NA,NA,NA,NA,NA,"rwe"
2,28,199876,2,1.1919841101414,0.665942413575921,1.98144210735592,0.527808554816357,NA,0.175619238136017,0.278162507966807,3863,38694,114428,1144729,15,121,0.85519050657036,1.01799921254326,0.588470635296413,1.76104351615904,0.0178391445948876,0.279631360569341,"rwe"
2,28,435516,2,0.448636337225935,0.0249454924629655,2.16848253457191,0.481632758978048,NA,-0.801542658781156,1.13907444250054,3879,38829,115077,1150244,-5,21,0.401923994461415,0.383152287122457,0.0410660961721609,3.57486317939052,-0.959322752322265,1.13943402728433,"rwe"
2,28,12,2,0.776250122995215,0.522770753191736,1.10893014928697,0.186750341089255,NA,-0.253280487286519,0.191842291091035,3848,38521,113697,1135962,30,360,0.0443961942077768,0.662946768520267,0.453288352638155,0.969578007759447,-0.411060580827638,0.193965929035314,"rwe"
2,28,20,2,1.75097772772089,0.405465819296905,5.27896404085835,0.392221304440545,NA,0.560174333474614,0.654718299938333,3879,38835,115071,1150485,-5,18,0.540496675409041,1.49540076317732,0.413931070364709,5.40240538247346,0.4023942399335,0.655343703143331,"rwe"
2,28,321689,2,1.00456585915746,0.740863569734936,1.33136447536532,0.975695861915482,NA,0.00455546724254219,0.149529054957492,3834,38311,112977,1127693,50,524,0.358207978831461,0.857936984955999,0.636597615341171,1.15623409893057,-0.153224626298552,0.152244064751157,"rwe"
2,28,15,2,1.3029179848487,0.873904347283115,1.87654944110021,0.174701142942957,NA,0.264606352837592,0.194957418750136,3845,38547,113628,1139026,31,209,0.603327242600754,1.11274090929542,0.756252685696353,1.63727330115792,0.106826259296469,0.197047486919245,"rwe"
2,28,197318,2,1.47947740476975,0.079420541911743,8.16947061784476,0.740361465650485,NA,0.391688920534512,1.18201211282425,3881,38841,115128,1150765,-5,8,0.842340763471881,1.263529287192,0.12449726604817,12.8236250503223,0.233908826993385,1.18235863926252,"rwe"
2,28,435522,2,3.51564590993244,0.179218384314808,23.954511682217,0.314067256170145,NA,1.25722326654118,1.24882572246379,3882,38849,115159,1151084,-5,-5,0.378913769066501,3.00249368883582,0.259537749123639,34.7347096210058,1.09944317300004,1.24915371434531,"rwe"
2,28,9,2,0.873142863144777,0.457920130075738,1.50967530763077,0.655776409036913,NA,-0.135656090317168,0.304330872304818,3871,38694,114677,1144363,12,156,0.351272530192621,0.745696808838933,0.409611461691507,1.35753948001424,-0.29343618385829,0.305674004150317,"rwe"
2,28,16,2,1.35672979408383,0.516652917454771,2.95605725191803,0.492954665705613,NA,0.305077240969573,0.444967446892614,3865,38790,114557,1148754,6,49,0.741790716002343,1.15869821607562,0.483537891843053,2.77657982670071,0.147297147428446,0.445887144656136,"rwe"
2,28,11,2,0.96066473211157,0.0522948836804703,4.99801557413295,0.972480283038869,NA,-0.0401298048559199,1.16326058119502,3883,38843,115198,1150789,-5,12,0.866202099311391,0.82044377310672,0.083864836410719,8.02634350269307,-0.197909898397043,1.16361269189436,"rwe"
2,28,440068,2,1.17043451566484,0.27593892442581,3.40076361048539,0.80597465698337,NA,0.157375060774965,0.640719866181374,3880,38832,115053,1150211,-5,24,0.937131146079408,0.99959504924853,0.284379570713779,3.51357961464766,-0.000405032766167324,0.641358919712628,"rwe"
2,28,313601,2,NA,NA,NA,NA,NA,NA,NA,3883,38853,115202,1151266,0,0,NA,NA,NA,NA,NA,NA,"rwe"
2,28,8,2,0.350034188129955,NA,119.554400286505,NA,NA,-1.0497244488978,NA,3883,38852,115202,1151233,0,-5,NA,NA,NA,NA,NA,NA,"rwe"
2,28,19,2,NA,NA,NA,NA,NA,NA,NA,3883,38853,115202,1151266,-5,0,NA,NA,NA,NA,NA,NA,"rwe"
2,28,17,2,1.12239677333704,0.335090267876296,2.80962684110057,0.831438775288545,NA,0.115466375013172,0.54246073439247,3880,38817,115053,1149536,-5,40,0.914884161488347,0.958569012537147,0.330550336065227,2.77977194860611,-0.0423137185279501,0.54321539497062,"rwe"
2,28,10,2,1.20183469307609,0.28571457182575,3.42535732324879,0.771716032089891,NA,0.183849300096375,0.633676889199808,3880,38835,115051,1150313,-5,29,0.932978077209318,1.02641198045291,0.296063564428944,3.55843028387949,0.026069206555249,0.634323038271054,"rwe"
2,28,21,2,0.565590770202824,0.13734216008856,1.542166814406,0.355649667330634,NA,-0.569884483127648,0.616967560830671,3880,38802,115076,1148963,-5,56,0.242985445453785,0.483035766827382,0.143962926595341,1.62071970577786,-0.727664576668786,0.617631190997359,"rwe"
2,28,196456,2,1.06034361585369,0.669414146864715,1.598952010019,0.791943275584896,NA,0.0585930214932662,0.222121626864724,3863,38588,114328,1140446,23,219,0.674220917455093,0.905573284727992,0.583834728609808,1.40461492581259,-0.0991870720478687,0.223958331161193,"rwe"
2,28,435371,2,1.65288805716085,0.0880589530063155,9.40184907681894,0.673206027999017,NA,0.502524095529897,1.19151555471086,3882,38838,115162,1150727,-5,7,0.771650623961902,1.41162849931975,0.136523661359553,14.5959682024915,0.344744001988758,1.1918593180797,"rwe"
2,28,436246,2,1.81281438500032,0.280168686230463,6.71417745130734,0.462895843786956,NA,0.594880546498603,0.810368139337844,3882,38838,115149,1150627,-5,13,0.589694478220556,1.54821159167847,0.315946491832317,7.586598346785,0.437100452957495,0.810873503223135,"rwe"
2,28,138278,2,NA,NA,NA,NA,NA,NA,NA,3883,38853,115202,1151266,0,0,NA,NA,NA,NA,NA,NA,"rwe"
2,28,434164,2,NA,NA,NA,NA,NA,NA,NA,3883,38853,115202,1151266,0,0,NA,NA,NA,NA,NA,NA,"rwe"
2,28,440233,2,NA,NA,NA,NA,NA,NA,NA,3883,38853,115202,1151266,0,0,NA,NA,NA,NA,NA,NA,"rwe"
2,28,18,2,1.50236451265424,0.614154488340938,3.15232964567691,0.329314964809833,NA,0.407040208755091,0.417265453665461,3883,38853,115202,1151266,7,46,0.555617282165232,1.28307573718709,0.565250026825421,2.91248698669532,0.249260115213971,0.418246070869912,"rwe"
2,28,7,2,1.03416249139576,0.78379976722216,1.33920066488544,0.805823967828883,NA,0.0335919120915279,0.136654196623198,3813,38178,112310,1121955,60,611,0.423736066190883,0.883213620824018,0.671770881942858,1.1612088600104,-0.124188181449583,0.139619792401387,"rwe"
2,28,434327,2,0.700145159582862,0.0385162822787704,3.50980664276363,0.756807969086913,NA,-0.356467594604431,1.15110154951346,3882,38833,115167,1150472,-5,16,0.657002625081532,0.597950270525653,0.0625954504810282,5.71198902274973,-0.514247688145559,1.15145737839825,"rwe"
2,28,78200,2,1.28486901307781,0.487236027106928,2.82043338085296,0.575769223666614,NA,0.250656777803415,0.447941183155077,3880,38812,115054,1149480,6,43,0.832109032985751,1.09732640930867,0.455270953926434,2.64485409882054,0.0928766842622935,0.448854787812103,"rwe"
2,28,436233,2,0.327676714634643,NA,4.16203023421656,NA,NA,-1.11572778276071,NA,3883,38849,115202,1151085,0,6,NA,NA,NA,NA,NA,NA,"rwe"
2,28,433753,2,1.69264722607438,0.89599848637348,2.94517662038071,0.0829779144480469,NA,0.526293709361956,0.303573267922327,3875,38751,114750,1146911,13,86,0.237505069554716,1.44558432331187,0.795234621290604,2.62779559624004,0.368513615820831,0.304919736935016,"rwe"
2,28,443792,2,0.307999891483939,0.0504018727717572,0.989330024577403,0.120982231669234,NA,-1.1776558483335,0.759452638443654,3878,38784,115009,1148320,-5,63,0.0805861396809194,0.263043478790055,0.0593090947843506,1.16663172799312,-1.33543594187462,0.759991859834368,"rwe"
2,28,73754,2,1.44760909168222,0.66770796300958,2.77958594952972,0.309293009983686,NA,0.369913293208745,0.363834838548586,3877,38785,114895,1148285,9,64,0.567622122226349,1.23631255053237,0.604608952010961,2.52802860017222,0.212133199667619,0.36495904800012,"rwe"
2,28,439871,2,1.93468106996483,0.102257358679737,11.3828987187261,0.583029718765724,NA,0.65994249117355,1.20215847663638,3883,38852,115196,1151168,-5,6,0.67563114411946,1.65229031913264,0.156501024788543,17.4443796926451,0.502162397632432,1.2024991974734,"rwe"
2,28,439971,2,NA,NA,NA,NA,NA,NA,NA,3883,38853,115202,1151266,0,0,NA,NA,NA,NA,NA,NA,"rwe"
2,28,440382,2,0.330717131047511,NA,6.70814135907497,NA,NA,-1.10649185795474,NA,3883,38850,115202,1151149,0,5,NA,NA,NA,NA,NA,NA,"rwe"
2,28,441267,2,1.25219851831599,0.0670441562842541,6.90403053942563,0.849133581560193,NA,0.224900821063707,1.18229448128054,3881,38845,115125,1150928,-5,9,0.949179502849925,1.06942457936148,0.105313581180587,10.8596528398493,0.0671207275225925,1.18264092498184,"rwe"
2,28,4098604,2,NA,NA,NA,NA,NA,NA,NA,3883,38853,115202,1151266,0,0,NA,NA,NA,NA,NA,NA,"rwe"
2,28,432303,2,0.332616866341147,NA,1.37933574252817,NA,NA,-1.10076400292232,NA,3879,38834,115082,1150373,0,24,NA,NA,NA,NA,NA,NA,"rwe"
2,28,433270,2,NA,NA,NA,NA,NA,NA,NA,3883,38853,115202,1151266,0,0,NA,NA,NA,NA,NA,NA,"rwe"
2,28,4119307,2,0.338523805132179,NA,20.6442541494693,NA,NA,-1.08316086374896,NA,3883,38853,115202,1151212,0,-5,NA,NA,NA,NA,NA,NA,"rwe"
2,28,4163735,2,0.335368411300309,NA,21.6699503961828,NA,NA,-1.09252561619807,NA,3883,38853,115202,1151235,0,-5,NA,NA,NA,NA,NA,NA,"rwe"
2,28,439125,2,0.724903541768469,0.0399899417846059,3.59817932529632,0.779267663432292,NA,-0.321716678815439,1.14786682865677,3883,38836,115180,1150488,-5,17,0.677886443478151,0.619094859077109,0.0652209989519994,5.87661107150138,-0.479496772356541,1.14822365996614,"rwe"
2,28,443447,2,0.535567807872962,0.0297255116464621,2.60408953901075,0.584214027354277,NA,-0.624427771764313,1.14104972543008,3882,38830,115162,1150316,-5,20,0.495181581232573,0.457395029044072,0.0488340342874379,4.28410668188527,-0.782207865305438,1.14140868792889,"rwe"
2,28,439791,2,NA,NA,NA,NA,NA,NA,NA,3883,38853,115202,1151266,0,0,NA,NA,NA,NA,NA,NA,"rwe"
2,28,6,2,0.93425122661441,0.681792015776582,1.24940546613939,0.659833574449253,NA,-0.0680098976771751,0.154517747701101,3827,38371,112819,1129908,47,465,0.187025042439985,0.797885647064727,0.586377410472869,1.08568559160306,-0.225789991218306,0.157146591850079,"rwe"
2,28,374375,2,NA,NA,NA,NA,NA,NA,NA,3883,38853,115202,1151266,0,0,NA,NA,NA,NA,NA,NA,"rwe"
2,28,438808,2,1.8643040576715,0.286461733268815,7.04302764431032,0.445760394264835,NA,0.622887824029007,0.816899821652361,3881,38840,115095,1150780,-5,11,0.569395972097976,1.59218570659109,0.320789838457601,7.90254247597672,0.465107730487901,0.817401147290075,"rwe"
2,28,4008710,2,NA,NA,NA,NA,NA,NA,NA,3883,38853,115202,1151266,0,0,NA,NA,NA,NA,NA,NA,"rwe"
2,28,22,2,0.518630257325319,0.0841613357935937,1.70152321598975,0.391982586061923,NA,-0.656564063334799,0.76698948068762,3880,38804,115084,1149215,-5,42,0.292216517663626,0.442929724537736,0.0984051250831426,1.99366385351688,-0.814344156875919,0.767523407109479,"rwe"
2,28,4176908,2,NA,NA,NA,NA,NA,NA,NA,3883,38853,115202,1151266,0,0,NA,NA,NA,NA,NA,NA,"rwe"
2,28,25518,2,3.01442550113241,0.153198487427334,20.7044740044123,0.378012072972192,NA,1.10340926513469,1.25164817976534,3883,38852,115187,1151163,-5,-5,0.44977557954881,2.57443262902145,0.22130850844842,29.9478018619195,0.945629171593566,1.25197543222117,"rwe"
2,28,4193634,2,NA,NA,NA,NA,NA,NA,NA,3883,38853,115202,1151266,0,0,NA,NA,NA,NA,NA,NA,"rwe"
2,28,4166231,2,0.668254744175872,0.298233145041217,1.29164207412443,0.281051599593071,NA,-0.403085824585583,0.373933929037904,3874,38733,114814,1146258,8,107,0.142280462121476,0.570714657654815,0.273649543756482,1.19026407276565,-0.560865918126723,0.375027865979588,"rwe"
2,28,438130,2,0.326732328995786,NA,2.83400767734353,NA,NA,-1.1186140090549,NA,3883,38838,115202,1150660,0,9,NA,NA,NA,NA,NA,NA,"rwe"
2,28,443236,2,5.43699321728561,1.12130435628989,21.1880350605172,0.0239204463502671,NA,1.69322619065254,0.749744395837186,3882,38843,115135,1150886,-5,6,0.0414674522309127,4.64339647375277,1.06705610625889,20.2061828670404,1.53544609711143,0.750290594413081,"rwe"
2,28,4091513,2,NA,NA,NA,NA,NA,NA,NA,3883,38853,115202,1151266,0,0,NA,NA,NA,NA,NA,NA,"rwe"
2,28,374801,2,0.341340700536052,NA,13.4587450378281,NA,NA,-1.074874178682,NA,3883,38849,115202,1151115,0,-5,NA,NA,NA,NA,NA,NA,"rwe"
2,28,378256,2,NA,NA,NA,NA,NA,NA,NA,3883,38853,115202,1151266,0,0,NA,NA,NA,NA,NA,NA,"rwe"
2,28,4092879,2,NA,NA,NA,NA,NA,NA,NA,3883,38853,115202,1151266,0,0,NA,NA,NA,NA,NA,NA,"rwe"
2,28,4168212,2,NA,NA,NA,NA,NA,NA,NA,3883,38853,115202,1151266,0,0,NA,NA,NA,NA,NA,NA,"rwe"
2,28,4058388,2,NA,NA,NA,NA,NA,NA,NA,3883,38853,115202,1151266,0,0,NA,NA,NA,NA,NA,NA,"rwe"
2,28,4216708,2,NA,NA,NA,NA,NA,NA,NA,3883,38852,115202,1151236,0,0,NA,NA,NA,NA,NA,NA,"rwe"
2,28,4248728,2,NA,NA,NA,NA,NA,NA,NA,3883,38853,115202,1151266,0,0,NA,NA,NA,NA,NA,NA,"rwe"
2,28,4275889,2,NA,NA,NA,NA,NA,NA,NA,3883,38853,115202,1151266,0,0,NA,NA,NA,NA,NA,NA,"rwe"
2,28,441553,2,NA,NA,NA,NA,NA,NA,NA,3883,38853,115202,1151266,0,0,NA,NA,NA,NA,NA,NA,"rwe"
2,28,4209423,2,1.19364066205364,0.893770861136524,1.56273493273957,0.214302929183975,NA,0.177008016621045,0.142539173372855,3827,38323,112739,1128271,56,499,0.741048700457045,1.01941397011249,0.766652993370656,1.35550875226029,0.0192279230799386,0.145384775410945,"rwe"
2,28,4311591,2,1.39582958139709,0.74188011735876,2.41434561216483,0.267928765206634,NA,0.333488920525136,0.301024893165401,3877,38765,114851,1147226,13,96,0.569993291061035,1.19209090340834,0.659053612094934,2.15624449348167,0.175708826984021,0.302382709956631,"rwe"
2,28,4344500,2,NA,NA,NA,NA,NA,NA,NA,3883,38853,115202,1151266,0,0,NA,NA,NA,NA,NA,NA,"rwe"
2,28,4022076,2,NA,NA,NA,NA,NA,NA,NA,3883,38853,115202,1151266,0,0,NA,NA,NA,NA,NA,NA,"rwe"
2,28,4049367,2,0.343092575846415,NA,14.9828705528429,NA,NA,-1.0697549678059,NA,3883,38845,115202,1151010,0,-5,NA,NA,NA,NA,NA,NA,"rwe"
2,28,40479573,2,NA,NA,NA,NA,NA,NA,NA,3883,38853,115202,1151266,0,0,NA,NA,NA,NA,NA,NA,"rwe"
2,28,40483172,2,0.527901802179697,0.0293996971310446,2.53506321973971,0.574208007527813,NA,-0.638844993292705,1.13700800550352,3881,38834,115126,1150413,-5,23,0.485750329864555,0.450847972172509,0.0485177348216029,4.18947617318598,-0.796625086833828,1.13736824360212,"rwe"
2,28,4194160,2,NA,NA,NA,NA,NA,NA,NA,3883,38853,115202,1151266,0,0,NA,NA,NA,NA,NA,NA,"rwe"
2,28,4195873,2,NA,NA,NA,NA,NA,NA,NA,3883,38853,115202,1151266,0,0,NA,NA,NA,NA,NA,NA,"rwe"
2,28,40486120,2,NA,NA,NA,NA,NA,NA,NA,3883,38853,115202,1151266,0,0,NA,NA,NA,NA,NA,NA,"rwe"
2,28,4198492,2,NA,NA,NA,NA,NA,NA,NA,3883,38853,115202,1151266,0,0,NA,NA,NA,NA,NA,NA,"rwe"
2,28,44782778,2,1.63743390005358,0.553752686597298,3.91035431699017,0.322695291780139,NA,0.493130321333032,0.498648217379882,3881,38829,115104,1150102,5,30,0.505294407365227,1.39843006854215,0.525402218102871,3.72211343847035,0.335350227791906,0.499469079795345,"rwe"
2,28,46286594,2,1.24496800929487,0.193803897465629,4.53241787357077,0.78525464607503,NA,0.219109834241054,0.804138248931519,3883,38842,115187,1150732,-5,15,0.929867964941516,1.06324945300938,0.219643296150906,5.14697884768617,0.061329740699918,0.804647525547755,"rwe"
