"database_id","exposure_id","target_id","comparator_id","outcome_id","analysis_id","sequence_number","description","subjects"
"ohdsi_results",2,2,28,6,1,1,"Original cohorts",4371
"ohdsi_results",2,2,28,6,1,2,"First cohort only & restrict to common period",3939
"ohdsi_results",2,2,28,6,1,3,"No prior outcome",3883
"ohdsi_results",2,2,28,6,1,4,"Censoring at start of new time-at-risk",3883
"ohdsi_results",2,2,28,6,1,5,"Have at least 1 days at risk",3827
"ohdsi_results",28,2,28,6,1,1,"Original cohorts",39758
"ohdsi_results",28,2,28,6,1,2,"First cohort only & restrict to common period",39369
"ohdsi_results",28,2,28,6,1,3,"No prior outcome",38886
"ohdsi_results",28,2,28,6,1,4,"Censoring at start of new time-at-risk",38886
"ohdsi_results",28,2,28,6,1,5,"Have at least 1 days at risk",38371
"ohdsi_results",2,2,28,7,1,1,"Original cohorts",4371
"ohdsi_results",2,2,28,7,1,2,"First cohort only & restrict to common period",3939
"ohdsi_results",2,2,28,7,1,3,"No prior outcome",3869
"ohdsi_results",2,2,28,7,1,4,"Censoring at start of new time-at-risk",3869
"ohdsi_results",2,2,28,7,1,5,"Have at least 1 days at risk",3813
"ohdsi_results",28,2,28,7,1,1,"Original cohorts",39758
"ohdsi_results",28,2,28,7,1,2,"First cohort only & restrict to common period",39369
"ohdsi_results",28,2,28,7,1,3,"No prior outcome",38690
"ohdsi_results",28,2,28,7,1,4,"Censoring at start of new time-at-risk",38690
"ohdsi_results",28,2,28,7,1,5,"Have at least 1 days at risk",38178
"ohdsi_results",2,2,28,8,1,1,"Original cohorts",4371
"ohdsi_results",2,2,28,8,1,2,"First cohort only & restrict to common period",3939
"ohdsi_results",2,2,28,8,1,3,"No prior outcome",3939
"ohdsi_results",2,2,28,8,1,4,"Censoring at start of new time-at-risk",3939
"ohdsi_results",2,2,28,8,1,5,"Have at least 1 days at risk",3883
"ohdsi_results",28,2,28,8,1,1,"Original cohorts",39758
"ohdsi_results",28,2,28,8,1,2,"First cohort only & restrict to common period",39369
"ohdsi_results",28,2,28,8,1,3,"No prior outcome",39368
"ohdsi_results",28,2,28,8,1,4,"Censoring at start of new time-at-risk",39368
"ohdsi_results",28,2,28,8,1,5,"Have at least 1 days at risk",38852
"ohdsi_results",2,2,28,9,1,1,"Original cohorts",4371
"ohdsi_results",2,2,28,9,1,2,"First cohort only & restrict to common period",3939
"ohdsi_results",2,2,28,9,1,3,"No prior outcome",3927
"ohdsi_results",2,2,28,9,1,4,"Censoring at start of new time-at-risk",3927
"ohdsi_results",2,2,28,9,1,5,"Have at least 1 days at risk",3871
"ohdsi_results",28,2,28,9,1,1,"Original cohorts",39758
"ohdsi_results",28,2,28,9,1,2,"First cohort only & restrict to common period",39369
"ohdsi_results",28,2,28,9,1,3,"No prior outcome",39210
"ohdsi_results",28,2,28,9,1,4,"Censoring at start of new time-at-risk",39210
"ohdsi_results",28,2,28,9,1,5,"Have at least 1 days at risk",38694
"ohdsi_results",2,2,28,10,1,1,"Original cohorts",4371
"ohdsi_results",2,2,28,10,1,2,"First cohort only & restrict to common period",3939
"ohdsi_results",2,2,28,10,1,3,"No prior outcome",3936
"ohdsi_results",2,2,28,10,1,4,"Censoring at start of new time-at-risk",3936
"ohdsi_results",2,2,28,10,1,5,"Have at least 1 days at risk",3880
"ohdsi_results",28,2,28,10,1,1,"Original cohorts",39758
"ohdsi_results",28,2,28,10,1,2,"First cohort only & restrict to common period",39369
"ohdsi_results",28,2,28,10,1,3,"No prior outcome",39351
"ohdsi_results",28,2,28,10,1,4,"Censoring at start of new time-at-risk",39351
"ohdsi_results",28,2,28,10,1,5,"Have at least 1 days at risk",38835
"ohdsi_results",2,2,28,11,1,1,"Original cohorts",4371
"ohdsi_results",2,2,28,11,1,2,"First cohort only & restrict to common period",3939
"ohdsi_results",2,2,28,11,1,3,"No prior outcome",3939
"ohdsi_results",2,2,28,11,1,4,"Censoring at start of new time-at-risk",3939
"ohdsi_results",2,2,28,11,1,5,"Have at least 1 days at risk",3883
"ohdsi_results",28,2,28,11,1,1,"Original cohorts",39758
"ohdsi_results",28,2,28,11,1,2,"First cohort only & restrict to common period",39369
"ohdsi_results",28,2,28,11,1,3,"No prior outcome",39359
"ohdsi_results",28,2,28,11,1,4,"Censoring at start of new time-at-risk",39359
"ohdsi_results",28,2,28,11,1,5,"Have at least 1 days at risk",38843
"ohdsi_results",2,2,28,12,1,1,"Original cohorts",4371
"ohdsi_results",2,2,28,12,1,2,"First cohort only & restrict to common period",3939
"ohdsi_results",2,2,28,12,1,3,"No prior outcome",3904
"ohdsi_results",2,2,28,12,1,4,"Censoring at start of new time-at-risk",3904
"ohdsi_results",2,2,28,12,1,5,"Have at least 1 days at risk",3848
"ohdsi_results",28,2,28,12,1,1,"Original cohorts",39758
"ohdsi_results",28,2,28,12,1,2,"First cohort only & restrict to common period",39369
"ohdsi_results",28,2,28,12,1,3,"No prior outcome",39037
"ohdsi_results",28,2,28,12,1,4,"Censoring at start of new time-at-risk",39037
"ohdsi_results",28,2,28,12,1,5,"Have at least 1 days at risk",38521
"ohdsi_results",2,2,28,13,1,1,"Original cohorts",4371
"ohdsi_results",2,2,28,13,1,2,"First cohort only & restrict to common period",3939
"ohdsi_results",2,2,28,13,1,3,"No prior outcome",3915
"ohdsi_results",2,2,28,13,1,4,"Censoring at start of new time-at-risk",3915
"ohdsi_results",2,2,28,13,1,5,"Have at least 1 days at risk",3859
"ohdsi_results",28,2,28,13,1,1,"Original cohorts",39758
"ohdsi_results",28,2,28,13,1,2,"First cohort only & restrict to common period",39369
"ohdsi_results",28,2,28,13,1,3,"No prior outcome",39042
"ohdsi_results",28,2,28,13,1,4,"Censoring at start of new time-at-risk",39042
"ohdsi_results",28,2,28,13,1,5,"Have at least 1 days at risk",38527
"ohdsi_results",2,2,28,15,1,1,"Original cohorts",4371
"ohdsi_results",2,2,28,15,1,2,"First cohort only & restrict to common period",3939
"ohdsi_results",2,2,28,15,1,3,"No prior outcome",3901
"ohdsi_results",2,2,28,15,1,4,"Censoring at start of new time-at-risk",3901
"ohdsi_results",2,2,28,15,1,5,"Have at least 1 days at risk",3845
"ohdsi_results",28,2,28,15,1,1,"Original cohorts",39758
"ohdsi_results",28,2,28,15,1,2,"First cohort only & restrict to common period",39369
"ohdsi_results",28,2,28,15,1,3,"No prior outcome",39063
"ohdsi_results",28,2,28,15,1,4,"Censoring at start of new time-at-risk",39063
"ohdsi_results",28,2,28,15,1,5,"Have at least 1 days at risk",38547
"ohdsi_results",2,2,28,16,1,1,"Original cohorts",4371
"ohdsi_results",2,2,28,16,1,2,"First cohort only & restrict to common period",3939
"ohdsi_results",2,2,28,16,1,3,"No prior outcome",3921
"ohdsi_results",2,2,28,16,1,4,"Censoring at start of new time-at-risk",3921
"ohdsi_results",2,2,28,16,1,5,"Have at least 1 days at risk",3865
"ohdsi_results",28,2,28,16,1,1,"Original cohorts",39758
"ohdsi_results",28,2,28,16,1,2,"First cohort only & restrict to common period",39369
"ohdsi_results",28,2,28,16,1,3,"No prior outcome",39306
"ohdsi_results",28,2,28,16,1,4,"Censoring at start of new time-at-risk",39306
"ohdsi_results",28,2,28,16,1,5,"Have at least 1 days at risk",38790
"ohdsi_results",2,2,28,17,1,1,"Original cohorts",4371
"ohdsi_results",2,2,28,17,1,2,"First cohort only & restrict to common period",3939
"ohdsi_results",2,2,28,17,1,3,"No prior outcome",3936
"ohdsi_results",2,2,28,17,1,4,"Censoring at start of new time-at-risk",3936
"ohdsi_results",2,2,28,17,1,5,"Have at least 1 days at risk",3880
"ohdsi_results",28,2,28,17,1,1,"Original cohorts",39758
"ohdsi_results",28,2,28,17,1,2,"First cohort only & restrict to common period",39369
"ohdsi_results",28,2,28,17,1,3,"No prior outcome",39333
"ohdsi_results",28,2,28,17,1,4,"Censoring at start of new time-at-risk",39333
"ohdsi_results",28,2,28,17,1,5,"Have at least 1 days at risk",38817
"ohdsi_results",2,2,28,18,1,1,"Original cohorts",4371
"ohdsi_results",2,2,28,18,1,2,"First cohort only & restrict to common period",3939
"ohdsi_results",2,2,28,18,1,3,"No prior outcome",3939
"ohdsi_results",2,2,28,18,1,4,"Censoring at start of new time-at-risk",3939
"ohdsi_results",2,2,28,18,1,5,"Have at least 1 days at risk",3883
"ohdsi_results",28,2,28,18,1,1,"Original cohorts",39758
"ohdsi_results",28,2,28,18,1,2,"First cohort only & restrict to common period",39369
"ohdsi_results",28,2,28,18,1,3,"No prior outcome",39369
"ohdsi_results",28,2,28,18,1,4,"Censoring at start of new time-at-risk",39369
"ohdsi_results",28,2,28,18,1,5,"Have at least 1 days at risk",38853
"ohdsi_results",2,2,28,19,1,1,"Original cohorts",4371
"ohdsi_results",2,2,28,19,1,2,"First cohort only & restrict to common period",3939
"ohdsi_results",2,2,28,19,1,3,"No prior outcome",3939
"ohdsi_results",2,2,28,19,1,4,"Censoring at start of new time-at-risk",3939
"ohdsi_results",2,2,28,19,1,5,"Have at least 1 days at risk",3883
"ohdsi_results",28,2,28,19,1,1,"Original cohorts",39758
"ohdsi_results",28,2,28,19,1,2,"First cohort only & restrict to common period",39369
"ohdsi_results",28,2,28,19,1,3,"No prior outcome",39369
"ohdsi_results",28,2,28,19,1,4,"Censoring at start of new time-at-risk",39369
"ohdsi_results",28,2,28,19,1,5,"Have at least 1 days at risk",38853
"ohdsi_results",2,2,28,20,1,1,"Original cohorts",4371
"ohdsi_results",2,2,28,20,1,2,"First cohort only & restrict to common period",3939
"ohdsi_results",2,2,28,20,1,3,"No prior outcome",3935
"ohdsi_results",2,2,28,20,1,4,"Censoring at start of new time-at-risk",3935
"ohdsi_results",2,2,28,20,1,5,"Have at least 1 days at risk",3879
"ohdsi_results",28,2,28,20,1,1,"Original cohorts",39758
"ohdsi_results",28,2,28,20,1,2,"First cohort only & restrict to common period",39369
"ohdsi_results",28,2,28,20,1,3,"No prior outcome",39351
"ohdsi_results",28,2,28,20,1,4,"Censoring at start of new time-at-risk",39351
"ohdsi_results",28,2,28,20,1,5,"Have at least 1 days at risk",38835
"ohdsi_results",2,2,28,21,1,1,"Original cohorts",4371
"ohdsi_results",2,2,28,21,1,2,"First cohort only & restrict to common period",3939
"ohdsi_results",2,2,28,21,1,3,"No prior outcome",3936
"ohdsi_results",2,2,28,21,1,4,"Censoring at start of new time-at-risk",3936
"ohdsi_results",2,2,28,21,1,5,"Have at least 1 days at risk",3880
"ohdsi_results",28,2,28,21,1,1,"Original cohorts",39758
"ohdsi_results",28,2,28,21,1,2,"First cohort only & restrict to common period",39369
"ohdsi_results",28,2,28,21,1,3,"No prior outcome",39318
"ohdsi_results",28,2,28,21,1,4,"Censoring at start of new time-at-risk",39318
"ohdsi_results",28,2,28,21,1,5,"Have at least 1 days at risk",38802
"ohdsi_results",2,2,28,22,1,1,"Original cohorts",4371
"ohdsi_results",2,2,28,22,1,2,"First cohort only & restrict to common period",3939
"ohdsi_results",2,2,28,22,1,3,"No prior outcome",3936
"ohdsi_results",2,2,28,22,1,4,"Censoring at start of new time-at-risk",3936
"ohdsi_results",2,2,28,22,1,5,"Have at least 1 days at risk",3880
"ohdsi_results",28,2,28,22,1,1,"Original cohorts",39758
"ohdsi_results",28,2,28,22,1,2,"First cohort only & restrict to common period",39369
"ohdsi_results",28,2,28,22,1,3,"No prior outcome",39320
"ohdsi_results",28,2,28,22,1,4,"Censoring at start of new time-at-risk",39320
"ohdsi_results",28,2,28,22,1,5,"Have at least 1 days at risk",38804
"ohdsi_results",137,137,143,6,1,1,"Original cohorts",23
"ohdsi_results",137,137,143,6,1,2,"First cohort only & restrict to common period",23
"ohdsi_results",137,137,143,6,1,3,"No prior outcome",23
"ohdsi_results",137,137,143,6,1,4,"Censoring at start of new time-at-risk",23
"ohdsi_results",137,137,143,6,1,5,"Have at least 1 days at risk",23
"ohdsi_results",143,137,143,6,1,1,"Original cohorts",191
"ohdsi_results",143,137,143,6,1,2,"First cohort only & restrict to common period",171
"ohdsi_results",143,137,143,6,1,3,"No prior outcome",170
"ohdsi_results",143,137,143,6,1,4,"Censoring at start of new time-at-risk",170
"ohdsi_results",143,137,143,6,1,5,"Have at least 1 days at risk",170
"ohdsi_results",137,137,143,7,1,1,"Original cohorts",23
"ohdsi_results",137,137,143,7,1,2,"First cohort only & restrict to common period",23
"ohdsi_results",137,137,143,7,1,3,"No prior outcome",23
"ohdsi_results",137,137,143,7,1,4,"Censoring at start of new time-at-risk",23
"ohdsi_results",137,137,143,7,1,5,"Have at least 1 days at risk",23
"ohdsi_results",143,137,143,7,1,1,"Original cohorts",191
"ohdsi_results",143,137,143,7,1,2,"First cohort only & restrict to common period",171
"ohdsi_results",143,137,143,7,1,3,"No prior outcome",168
"ohdsi_results",143,137,143,7,1,4,"Censoring at start of new time-at-risk",168
"ohdsi_results",143,137,143,7,1,5,"Have at least 1 days at risk",168
"ohdsi_results",137,137,143,8,1,1,"Original cohorts",23
"ohdsi_results",137,137,143,8,1,2,"First cohort only & restrict to common period",23
"ohdsi_results",137,137,143,8,1,3,"No prior outcome",23
"ohdsi_results",137,137,143,8,1,4,"Censoring at start of new time-at-risk",23
"ohdsi_results",137,137,143,8,1,5,"Have at least 1 days at risk",23
"ohdsi_results",143,137,143,8,1,1,"Original cohorts",191
"ohdsi_results",143,137,143,8,1,2,"First cohort only & restrict to common period",171
"ohdsi_results",143,137,143,8,1,3,"No prior outcome",171
"ohdsi_results",143,137,143,8,1,4,"Censoring at start of new time-at-risk",171
"ohdsi_results",143,137,143,8,1,5,"Have at least 1 days at risk",171
"ohdsi_results",137,137,143,9,1,1,"Original cohorts",23
"ohdsi_results",137,137,143,9,1,2,"First cohort only & restrict to common period",23
"ohdsi_results",137,137,143,9,1,3,"No prior outcome",22
"ohdsi_results",137,137,143,9,1,4,"Censoring at start of new time-at-risk",22
"ohdsi_results",137,137,143,9,1,5,"Have at least 1 days at risk",22
"ohdsi_results",143,137,143,9,1,1,"Original cohorts",191
"ohdsi_results",143,137,143,9,1,2,"First cohort only & restrict to common period",171
"ohdsi_results",143,137,143,9,1,3,"No prior outcome",171
"ohdsi_results",143,137,143,9,1,4,"Censoring at start of new time-at-risk",171
"ohdsi_results",143,137,143,9,1,5,"Have at least 1 days at risk",171
"ohdsi_results",137,137,143,10,1,1,"Original cohorts",23
"ohdsi_results",137,137,143,10,1,2,"First cohort only & restrict to common period",23
"ohdsi_results",137,137,143,10,1,3,"No prior outcome",23
"ohdsi_results",137,137,143,10,1,4,"Censoring at start of new time-at-risk",23
"ohdsi_results",137,137,143,10,1,5,"Have at least 1 days at risk",23
"ohdsi_results",143,137,143,10,1,1,"Original cohorts",191
"ohdsi_results",143,137,143,10,1,2,"First cohort only & restrict to common period",171
"ohdsi_results",143,137,143,10,1,3,"No prior outcome",171
"ohdsi_results",143,137,143,10,1,4,"Censoring at start of new time-at-risk",171
"ohdsi_results",143,137,143,10,1,5,"Have at least 1 days at risk",171
"ohdsi_results",137,137,143,11,1,1,"Original cohorts",23
"ohdsi_results",137,137,143,11,1,2,"First cohort only & restrict to common period",23
"ohdsi_results",137,137,143,11,1,3,"No prior outcome",23
"ohdsi_results",137,137,143,11,1,4,"Censoring at start of new time-at-risk",23
"ohdsi_results",137,137,143,11,1,5,"Have at least 1 days at risk",23
"ohdsi_results",143,137,143,11,1,1,"Original cohorts",191
"ohdsi_results",143,137,143,11,1,2,"First cohort only & restrict to common period",171
"ohdsi_results",143,137,143,11,1,3,"No prior outcome",171
"ohdsi_results",143,137,143,11,1,4,"Censoring at start of new time-at-risk",171
"ohdsi_results",143,137,143,11,1,5,"Have at least 1 days at risk",171
"ohdsi_results",137,137,143,12,1,1,"Original cohorts",23
"ohdsi_results",137,137,143,12,1,2,"First cohort only & restrict to common period",23
"ohdsi_results",137,137,143,12,1,3,"No prior outcome",23
"ohdsi_results",137,137,143,12,1,4,"Censoring at start of new time-at-risk",23
"ohdsi_results",137,137,143,12,1,5,"Have at least 1 days at risk",23
"ohdsi_results",143,137,143,12,1,1,"Original cohorts",191
"ohdsi_results",143,137,143,12,1,2,"First cohort only & restrict to common period",171
"ohdsi_results",143,137,143,12,1,3,"No prior outcome",170
"ohdsi_results",143,137,143,12,1,4,"Censoring at start of new time-at-risk",170
"ohdsi_results",143,137,143,12,1,5,"Have at least 1 days at risk",170
"ohdsi_results",137,137,143,13,1,1,"Original cohorts",23
"ohdsi_results",137,137,143,13,1,2,"First cohort only & restrict to common period",23
"ohdsi_results",137,137,143,13,1,3,"No prior outcome",23
"ohdsi_results",137,137,143,13,1,4,"Censoring at start of new time-at-risk",23
"ohdsi_results",137,137,143,13,1,5,"Have at least 1 days at risk",23
"ohdsi_results",143,137,143,13,1,1,"Original cohorts",191
"ohdsi_results",143,137,143,13,1,2,"First cohort only & restrict to common period",171
"ohdsi_results",143,137,143,13,1,3,"No prior outcome",171
"ohdsi_results",143,137,143,13,1,4,"Censoring at start of new time-at-risk",171
"ohdsi_results",143,137,143,13,1,5,"Have at least 1 days at risk",171
"ohdsi_results",137,137,143,15,1,1,"Original cohorts",23
"ohdsi_results",137,137,143,15,1,2,"First cohort only & restrict to common period",23
"ohdsi_results",137,137,143,15,1,3,"No prior outcome",23
"ohdsi_results",137,137,143,15,1,4,"Censoring at start of new time-at-risk",23
"ohdsi_results",137,137,143,15,1,5,"Have at least 1 days at risk",23
"ohdsi_results",143,137,143,15,1,1,"Original cohorts",191
"ohdsi_results",143,137,143,15,1,2,"First cohort only & restrict to common period",171
"ohdsi_results",143,137,143,15,1,3,"No prior outcome",168
"ohdsi_results",143,137,143,15,1,4,"Censoring at start of new time-at-risk",168
"ohdsi_results",143,137,143,15,1,5,"Have at least 1 days at risk",168
"ohdsi_results",137,137,143,16,1,1,"Original cohorts",23
"ohdsi_results",137,137,143,16,1,2,"First cohort only & restrict to common period",23
"ohdsi_results",137,137,143,16,1,3,"No prior outcome",23
"ohdsi_results",137,137,143,16,1,4,"Censoring at start of new time-at-risk",23
"ohdsi_results",137,137,143,16,1,5,"Have at least 1 days at risk",23
"ohdsi_results",143,137,143,16,1,1,"Original cohorts",191
"ohdsi_results",143,137,143,16,1,2,"First cohort only & restrict to common period",171
"ohdsi_results",143,137,143,16,1,3,"No prior outcome",168
"ohdsi_results",143,137,143,16,1,4,"Censoring at start of new time-at-risk",168
"ohdsi_results",143,137,143,16,1,5,"Have at least 1 days at risk",168
"ohdsi_results",137,137,143,17,1,1,"Original cohorts",23
"ohdsi_results",137,137,143,17,1,2,"First cohort only & restrict to common period",23
"ohdsi_results",137,137,143,17,1,3,"No prior outcome",23
"ohdsi_results",137,137,143,17,1,4,"Censoring at start of new time-at-risk",23
"ohdsi_results",137,137,143,17,1,5,"Have at least 1 days at risk",23
"ohdsi_results",143,137,143,17,1,1,"Original cohorts",191
"ohdsi_results",143,137,143,17,1,2,"First cohort only & restrict to common period",171
"ohdsi_results",143,137,143,17,1,3,"No prior outcome",171
"ohdsi_results",143,137,143,17,1,4,"Censoring at start of new time-at-risk",171
"ohdsi_results",143,137,143,17,1,5,"Have at least 1 days at risk",171
"ohdsi_results",137,137,143,18,1,1,"Original cohorts",23
"ohdsi_results",137,137,143,18,1,2,"First cohort only & restrict to common period",23
"ohdsi_results",137,137,143,18,1,3,"No prior outcome",23
"ohdsi_results",137,137,143,18,1,4,"Censoring at start of new time-at-risk",23
"ohdsi_results",137,137,143,18,1,5,"Have at least 1 days at risk",23
"ohdsi_results",143,137,143,18,1,1,"Original cohorts",191
"ohdsi_results",143,137,143,18,1,2,"First cohort only & restrict to common period",171
"ohdsi_results",143,137,143,18,1,3,"No prior outcome",171
"ohdsi_results",143,137,143,18,1,4,"Censoring at start of new time-at-risk",171
"ohdsi_results",143,137,143,18,1,5,"Have at least 1 days at risk",171
"ohdsi_results",137,137,143,19,1,1,"Original cohorts",23
"ohdsi_results",137,137,143,19,1,2,"First cohort only & restrict to common period",23
"ohdsi_results",137,137,143,19,1,3,"No prior outcome",23
"ohdsi_results",137,137,143,19,1,4,"Censoring at start of new time-at-risk",23
"ohdsi_results",137,137,143,19,1,5,"Have at least 1 days at risk",23
"ohdsi_results",143,137,143,19,1,1,"Original cohorts",191
"ohdsi_results",143,137,143,19,1,2,"First cohort only & restrict to common period",171
"ohdsi_results",143,137,143,19,1,3,"No prior outcome",171
"ohdsi_results",143,137,143,19,1,4,"Censoring at start of new time-at-risk",171
"ohdsi_results",143,137,143,19,1,5,"Have at least 1 days at risk",171
"ohdsi_results",137,137,143,20,1,1,"Original cohorts",23
"ohdsi_results",137,137,143,20,1,2,"First cohort only & restrict to common period",23
"ohdsi_results",137,137,143,20,1,3,"No prior outcome",23
"ohdsi_results",137,137,143,20,1,4,"Censoring at start of new time-at-risk",23
"ohdsi_results",137,137,143,20,1,5,"Have at least 1 days at risk",23
"ohdsi_results",143,137,143,20,1,1,"Original cohorts",191
"ohdsi_results",143,137,143,20,1,2,"First cohort only & restrict to common period",171
"ohdsi_results",143,137,143,20,1,3,"No prior outcome",171
"ohdsi_results",143,137,143,20,1,4,"Censoring at start of new time-at-risk",171
"ohdsi_results",143,137,143,20,1,5,"Have at least 1 days at risk",171
"ohdsi_results",137,137,143,21,1,1,"Original cohorts",23
"ohdsi_results",137,137,143,21,1,2,"First cohort only & restrict to common period",23
"ohdsi_results",137,137,143,21,1,3,"No prior outcome",23
"ohdsi_results",137,137,143,21,1,4,"Censoring at start of new time-at-risk",23
"ohdsi_results",137,137,143,21,1,5,"Have at least 1 days at risk",23
"ohdsi_results",143,137,143,21,1,1,"Original cohorts",191
"ohdsi_results",143,137,143,21,1,2,"First cohort only & restrict to common period",171
"ohdsi_results",143,137,143,21,1,3,"No prior outcome",171
"ohdsi_results",143,137,143,21,1,4,"Censoring at start of new time-at-risk",171
"ohdsi_results",143,137,143,21,1,5,"Have at least 1 days at risk",171
"ohdsi_results",137,137,143,22,1,1,"Original cohorts",23
"ohdsi_results",137,137,143,22,1,2,"First cohort only & restrict to common period",23
"ohdsi_results",137,137,143,22,1,3,"No prior outcome",23
"ohdsi_results",137,137,143,22,1,4,"Censoring at start of new time-at-risk",23
"ohdsi_results",137,137,143,22,1,5,"Have at least 1 days at risk",23
"ohdsi_results",143,137,143,22,1,1,"Original cohorts",191
"ohdsi_results",143,137,143,22,1,2,"First cohort only & restrict to common period",171
"ohdsi_results",143,137,143,22,1,3,"No prior outcome",171
"ohdsi_results",143,137,143,22,1,4,"Censoring at start of new time-at-risk",171
"ohdsi_results",143,137,143,22,1,5,"Have at least 1 days at risk",171
"ohdsi_results",2,2,28,6,2,1,"Original cohorts",4371
"ohdsi_results",2,2,28,6,2,2,"First cohort only & restrict to common period",3939
"ohdsi_results",2,2,28,6,2,3,"No prior outcome",3883
"ohdsi_results",2,2,28,6,2,4,"Censoring at start of new time-at-risk",3883
"ohdsi_results",2,2,28,6,2,5,"Have at least 1 days at risk",3827
"ohdsi_results",28,2,28,6,2,1,"Original cohorts",39758
"ohdsi_results",28,2,28,6,2,2,"First cohort only & restrict to common period",39369
"ohdsi_results",28,2,28,6,2,3,"No prior outcome",38886
"ohdsi_results",28,2,28,6,2,4,"Censoring at start of new time-at-risk",38886
"ohdsi_results",28,2,28,6,2,5,"Have at least 1 days at risk",38371
"ohdsi_results",2,2,28,7,2,1,"Original cohorts",4371
"ohdsi_results",2,2,28,7,2,2,"First cohort only & restrict to common period",3939
"ohdsi_results",2,2,28,7,2,3,"No prior outcome",3869
"ohdsi_results",2,2,28,7,2,4,"Censoring at start of new time-at-risk",3869
"ohdsi_results",2,2,28,7,2,5,"Have at least 1 days at risk",3813
"ohdsi_results",28,2,28,7,2,1,"Original cohorts",39758
"ohdsi_results",28,2,28,7,2,2,"First cohort only & restrict to common period",39369
"ohdsi_results",28,2,28,7,2,3,"No prior outcome",38690
"ohdsi_results",28,2,28,7,2,4,"Censoring at start of new time-at-risk",38690
"ohdsi_results",28,2,28,7,2,5,"Have at least 1 days at risk",38178
"ohdsi_results",2,2,28,8,2,1,"Original cohorts",4371
"ohdsi_results",2,2,28,8,2,2,"First cohort only & restrict to common period",3939
"ohdsi_results",2,2,28,8,2,3,"No prior outcome",3939
"ohdsi_results",2,2,28,8,2,4,"Censoring at start of new time-at-risk",3939
"ohdsi_results",2,2,28,8,2,5,"Have at least 1 days at risk",3883
"ohdsi_results",28,2,28,8,2,1,"Original cohorts",39758
"ohdsi_results",28,2,28,8,2,2,"First cohort only & restrict to common period",39369
"ohdsi_results",28,2,28,8,2,3,"No prior outcome",39368
"ohdsi_results",28,2,28,8,2,4,"Censoring at start of new time-at-risk",39368
"ohdsi_results",28,2,28,8,2,5,"Have at least 1 days at risk",38852
"ohdsi_results",2,2,28,9,2,1,"Original cohorts",4371
"ohdsi_results",2,2,28,9,2,2,"First cohort only & restrict to common period",3939
"ohdsi_results",2,2,28,9,2,3,"No prior outcome",3927
"ohdsi_results",2,2,28,9,2,4,"Censoring at start of new time-at-risk",3927
"ohdsi_results",2,2,28,9,2,5,"Have at least 1 days at risk",3871
"ohdsi_results",28,2,28,9,2,1,"Original cohorts",39758
"ohdsi_results",28,2,28,9,2,2,"First cohort only & restrict to common period",39369
"ohdsi_results",28,2,28,9,2,3,"No prior outcome",39210
"ohdsi_results",28,2,28,9,2,4,"Censoring at start of new time-at-risk",39210
"ohdsi_results",28,2,28,9,2,5,"Have at least 1 days at risk",38694
"ohdsi_results",2,2,28,10,2,1,"Original cohorts",4371
"ohdsi_results",2,2,28,10,2,2,"First cohort only & restrict to common period",3939
"ohdsi_results",2,2,28,10,2,3,"No prior outcome",3936
"ohdsi_results",2,2,28,10,2,4,"Censoring at start of new time-at-risk",3936
"ohdsi_results",2,2,28,10,2,5,"Have at least 1 days at risk",3880
"ohdsi_results",28,2,28,10,2,1,"Original cohorts",39758
"ohdsi_results",28,2,28,10,2,2,"First cohort only & restrict to common period",39369
"ohdsi_results",28,2,28,10,2,3,"No prior outcome",39351
"ohdsi_results",28,2,28,10,2,4,"Censoring at start of new time-at-risk",39351
"ohdsi_results",28,2,28,10,2,5,"Have at least 1 days at risk",38835
"ohdsi_results",2,2,28,11,2,1,"Original cohorts",4371
"ohdsi_results",2,2,28,11,2,2,"First cohort only & restrict to common period",3939
"ohdsi_results",2,2,28,11,2,3,"No prior outcome",3939
"ohdsi_results",2,2,28,11,2,4,"Censoring at start of new time-at-risk",3939
"ohdsi_results",2,2,28,11,2,5,"Have at least 1 days at risk",3883
"ohdsi_results",28,2,28,11,2,1,"Original cohorts",39758
"ohdsi_results",28,2,28,11,2,2,"First cohort only & restrict to common period",39369
"ohdsi_results",28,2,28,11,2,3,"No prior outcome",39359
"ohdsi_results",28,2,28,11,2,4,"Censoring at start of new time-at-risk",39359
"ohdsi_results",28,2,28,11,2,5,"Have at least 1 days at risk",38843
"ohdsi_results",2,2,28,12,2,1,"Original cohorts",4371
"ohdsi_results",2,2,28,12,2,2,"First cohort only & restrict to common period",3939
"ohdsi_results",2,2,28,12,2,3,"No prior outcome",3904
"ohdsi_results",2,2,28,12,2,4,"Censoring at start of new time-at-risk",3904
"ohdsi_results",2,2,28,12,2,5,"Have at least 1 days at risk",3848
"ohdsi_results",28,2,28,12,2,1,"Original cohorts",39758
"ohdsi_results",28,2,28,12,2,2,"First cohort only & restrict to common period",39369
"ohdsi_results",28,2,28,12,2,3,"No prior outcome",39037
"ohdsi_results",28,2,28,12,2,4,"Censoring at start of new time-at-risk",39037
"ohdsi_results",28,2,28,12,2,5,"Have at least 1 days at risk",38521
"ohdsi_results",2,2,28,13,2,1,"Original cohorts",4371
"ohdsi_results",2,2,28,13,2,2,"First cohort only & restrict to common period",3939
"ohdsi_results",2,2,28,13,2,3,"No prior outcome",3915
"ohdsi_results",2,2,28,13,2,4,"Censoring at start of new time-at-risk",3915
"ohdsi_results",2,2,28,13,2,5,"Have at least 1 days at risk",3859
"ohdsi_results",28,2,28,13,2,1,"Original cohorts",39758
"ohdsi_results",28,2,28,13,2,2,"First cohort only & restrict to common period",39369
"ohdsi_results",28,2,28,13,2,3,"No prior outcome",39042
"ohdsi_results",28,2,28,13,2,4,"Censoring at start of new time-at-risk",39042
"ohdsi_results",28,2,28,13,2,5,"Have at least 1 days at risk",38527
"ohdsi_results",2,2,28,15,2,1,"Original cohorts",4371
"ohdsi_results",2,2,28,15,2,2,"First cohort only & restrict to common period",3939
"ohdsi_results",2,2,28,15,2,3,"No prior outcome",3901
"ohdsi_results",2,2,28,15,2,4,"Censoring at start of new time-at-risk",3901
"ohdsi_results",2,2,28,15,2,5,"Have at least 1 days at risk",3845
"ohdsi_results",28,2,28,15,2,1,"Original cohorts",39758
"ohdsi_results",28,2,28,15,2,2,"First cohort only & restrict to common period",39369
"ohdsi_results",28,2,28,15,2,3,"No prior outcome",39063
"ohdsi_results",28,2,28,15,2,4,"Censoring at start of new time-at-risk",39063
"ohdsi_results",28,2,28,15,2,5,"Have at least 1 days at risk",38547
"ohdsi_results",2,2,28,16,2,1,"Original cohorts",4371
"ohdsi_results",2,2,28,16,2,2,"First cohort only & restrict to common period",3939
"ohdsi_results",2,2,28,16,2,3,"No prior outcome",3921
"ohdsi_results",2,2,28,16,2,4,"Censoring at start of new time-at-risk",3921
"ohdsi_results",2,2,28,16,2,5,"Have at least 1 days at risk",3865
"ohdsi_results",28,2,28,16,2,1,"Original cohorts",39758
"ohdsi_results",28,2,28,16,2,2,"First cohort only & restrict to common period",39369
"ohdsi_results",28,2,28,16,2,3,"No prior outcome",39306
"ohdsi_results",28,2,28,16,2,4,"Censoring at start of new time-at-risk",39306
"ohdsi_results",28,2,28,16,2,5,"Have at least 1 days at risk",38790
"ohdsi_results",2,2,28,17,2,1,"Original cohorts",4371
"ohdsi_results",2,2,28,17,2,2,"First cohort only & restrict to common period",3939
"ohdsi_results",2,2,28,17,2,3,"No prior outcome",3936
"ohdsi_results",2,2,28,17,2,4,"Censoring at start of new time-at-risk",3936
"ohdsi_results",2,2,28,17,2,5,"Have at least 1 days at risk",3880
"ohdsi_results",28,2,28,17,2,1,"Original cohorts",39758
"ohdsi_results",28,2,28,17,2,2,"First cohort only & restrict to common period",39369
"ohdsi_results",28,2,28,17,2,3,"No prior outcome",39333
"ohdsi_results",28,2,28,17,2,4,"Censoring at start of new time-at-risk",39333
"ohdsi_results",28,2,28,17,2,5,"Have at least 1 days at risk",38817
"ohdsi_results",2,2,28,18,2,1,"Original cohorts",4371
"ohdsi_results",2,2,28,18,2,2,"First cohort only & restrict to common period",3939
"ohdsi_results",2,2,28,18,2,3,"No prior outcome",3939
"ohdsi_results",2,2,28,18,2,4,"Censoring at start of new time-at-risk",3939
"ohdsi_results",2,2,28,18,2,5,"Have at least 1 days at risk",3883
"ohdsi_results",28,2,28,18,2,1,"Original cohorts",39758
"ohdsi_results",28,2,28,18,2,2,"First cohort only & restrict to common period",39369
"ohdsi_results",28,2,28,18,2,3,"No prior outcome",39369
"ohdsi_results",28,2,28,18,2,4,"Censoring at start of new time-at-risk",39369
"ohdsi_results",28,2,28,18,2,5,"Have at least 1 days at risk",38853
"ohdsi_results",2,2,28,19,2,1,"Original cohorts",4371
"ohdsi_results",2,2,28,19,2,2,"First cohort only & restrict to common period",3939
"ohdsi_results",2,2,28,19,2,3,"No prior outcome",3939
"ohdsi_results",2,2,28,19,2,4,"Censoring at start of new time-at-risk",3939
"ohdsi_results",2,2,28,19,2,5,"Have at least 1 days at risk",3883
"ohdsi_results",28,2,28,19,2,1,"Original cohorts",39758
"ohdsi_results",28,2,28,19,2,2,"First cohort only & restrict to common period",39369
"ohdsi_results",28,2,28,19,2,3,"No prior outcome",39369
"ohdsi_results",28,2,28,19,2,4,"Censoring at start of new time-at-risk",39369
"ohdsi_results",28,2,28,19,2,5,"Have at least 1 days at risk",38853
"ohdsi_results",2,2,28,20,2,1,"Original cohorts",4371
"ohdsi_results",2,2,28,20,2,2,"First cohort only & restrict to common period",3939
"ohdsi_results",2,2,28,20,2,3,"No prior outcome",3935
"ohdsi_results",2,2,28,20,2,4,"Censoring at start of new time-at-risk",3935
"ohdsi_results",2,2,28,20,2,5,"Have at least 1 days at risk",3879
"ohdsi_results",28,2,28,20,2,1,"Original cohorts",39758
"ohdsi_results",28,2,28,20,2,2,"First cohort only & restrict to common period",39369
"ohdsi_results",28,2,28,20,2,3,"No prior outcome",39351
"ohdsi_results",28,2,28,20,2,4,"Censoring at start of new time-at-risk",39351
"ohdsi_results",28,2,28,20,2,5,"Have at least 1 days at risk",38835
"ohdsi_results",2,2,28,21,2,1,"Original cohorts",4371
"ohdsi_results",2,2,28,21,2,2,"First cohort only & restrict to common period",3939
"ohdsi_results",2,2,28,21,2,3,"No prior outcome",3936
"ohdsi_results",2,2,28,21,2,4,"Censoring at start of new time-at-risk",3936
"ohdsi_results",2,2,28,21,2,5,"Have at least 1 days at risk",3880
"ohdsi_results",28,2,28,21,2,1,"Original cohorts",39758
"ohdsi_results",28,2,28,21,2,2,"First cohort only & restrict to common period",39369
"ohdsi_results",28,2,28,21,2,3,"No prior outcome",39318
"ohdsi_results",28,2,28,21,2,4,"Censoring at start of new time-at-risk",39318
"ohdsi_results",28,2,28,21,2,5,"Have at least 1 days at risk",38802
"ohdsi_results",2,2,28,22,2,1,"Original cohorts",4371
"ohdsi_results",2,2,28,22,2,2,"First cohort only & restrict to common period",3939
"ohdsi_results",2,2,28,22,2,3,"No prior outcome",3936
"ohdsi_results",2,2,28,22,2,4,"Censoring at start of new time-at-risk",3936
"ohdsi_results",2,2,28,22,2,5,"Have at least 1 days at risk",3880
"ohdsi_results",28,2,28,22,2,1,"Original cohorts",39758
"ohdsi_results",28,2,28,22,2,2,"First cohort only & restrict to common period",39369
"ohdsi_results",28,2,28,22,2,3,"No prior outcome",39320
"ohdsi_results",28,2,28,22,2,4,"Censoring at start of new time-at-risk",39320
"ohdsi_results",28,2,28,22,2,5,"Have at least 1 days at risk",38804
"ohdsi_results",137,137,143,6,2,1,"Original cohorts",23
"ohdsi_results",137,137,143,6,2,2,"First cohort only & restrict to common period",23
"ohdsi_results",137,137,143,6,2,3,"No prior outcome",23
"ohdsi_results",137,137,143,6,2,4,"Censoring at start of new time-at-risk",23
"ohdsi_results",137,137,143,6,2,5,"Have at least 1 days at risk",23
"ohdsi_results",143,137,143,6,2,1,"Original cohorts",191
"ohdsi_results",143,137,143,6,2,2,"First cohort only & restrict to common period",171
"ohdsi_results",143,137,143,6,2,3,"No prior outcome",170
"ohdsi_results",143,137,143,6,2,4,"Censoring at start of new time-at-risk",170
"ohdsi_results",143,137,143,6,2,5,"Have at least 1 days at risk",170
"ohdsi_results",137,137,143,7,2,1,"Original cohorts",23
"ohdsi_results",137,137,143,7,2,2,"First cohort only & restrict to common period",23
"ohdsi_results",137,137,143,7,2,3,"No prior outcome",23
"ohdsi_results",137,137,143,7,2,4,"Censoring at start of new time-at-risk",23
"ohdsi_results",137,137,143,7,2,5,"Have at least 1 days at risk",23
"ohdsi_results",143,137,143,7,2,1,"Original cohorts",191
"ohdsi_results",143,137,143,7,2,2,"First cohort only & restrict to common period",171
"ohdsi_results",143,137,143,7,2,3,"No prior outcome",168
"ohdsi_results",143,137,143,7,2,4,"Censoring at start of new time-at-risk",168
"ohdsi_results",143,137,143,7,2,5,"Have at least 1 days at risk",168
"ohdsi_results",137,137,143,8,2,1,"Original cohorts",23
"ohdsi_results",137,137,143,8,2,2,"First cohort only & restrict to common period",23
"ohdsi_results",137,137,143,8,2,3,"No prior outcome",23
"ohdsi_results",137,137,143,8,2,4,"Censoring at start of new time-at-risk",23
"ohdsi_results",137,137,143,8,2,5,"Have at least 1 days at risk",23
"ohdsi_results",143,137,143,8,2,1,"Original cohorts",191
"ohdsi_results",143,137,143,8,2,2,"First cohort only & restrict to common period",171
"ohdsi_results",143,137,143,8,2,3,"No prior outcome",171
"ohdsi_results",143,137,143,8,2,4,"Censoring at start of new time-at-risk",171
"ohdsi_results",143,137,143,8,2,5,"Have at least 1 days at risk",171
"ohdsi_results",137,137,143,9,2,1,"Original cohorts",23
"ohdsi_results",137,137,143,9,2,2,"First cohort only & restrict to common period",23
"ohdsi_results",137,137,143,9,2,3,"No prior outcome",22
"ohdsi_results",137,137,143,9,2,4,"Censoring at start of new time-at-risk",22
"ohdsi_results",137,137,143,9,2,5,"Have at least 1 days at risk",22
"ohdsi_results",143,137,143,9,2,1,"Original cohorts",191
"ohdsi_results",143,137,143,9,2,2,"First cohort only & restrict to common period",171
"ohdsi_results",143,137,143,9,2,3,"No prior outcome",171
"ohdsi_results",143,137,143,9,2,4,"Censoring at start of new time-at-risk",171
"ohdsi_results",143,137,143,9,2,5,"Have at least 1 days at risk",171
"ohdsi_results",137,137,143,10,2,1,"Original cohorts",23
"ohdsi_results",137,137,143,10,2,2,"First cohort only & restrict to common period",23
"ohdsi_results",137,137,143,10,2,3,"No prior outcome",23
"ohdsi_results",137,137,143,10,2,4,"Censoring at start of new time-at-risk",23
"ohdsi_results",137,137,143,10,2,5,"Have at least 1 days at risk",23
"ohdsi_results",143,137,143,10,2,1,"Original cohorts",191
"ohdsi_results",143,137,143,10,2,2,"First cohort only & restrict to common period",171
"ohdsi_results",143,137,143,10,2,3,"No prior outcome",171
"ohdsi_results",143,137,143,10,2,4,"Censoring at start of new time-at-risk",171
"ohdsi_results",143,137,143,10,2,5,"Have at least 1 days at risk",171
"ohdsi_results",137,137,143,11,2,1,"Original cohorts",23
"ohdsi_results",137,137,143,11,2,2,"First cohort only & restrict to common period",23
"ohdsi_results",137,137,143,11,2,3,"No prior outcome",23
"ohdsi_results",137,137,143,11,2,4,"Censoring at start of new time-at-risk",23
"ohdsi_results",137,137,143,11,2,5,"Have at least 1 days at risk",23
"ohdsi_results",143,137,143,11,2,1,"Original cohorts",191
"ohdsi_results",143,137,143,11,2,2,"First cohort only & restrict to common period",171
"ohdsi_results",143,137,143,11,2,3,"No prior outcome",171
"ohdsi_results",143,137,143,11,2,4,"Censoring at start of new time-at-risk",171
"ohdsi_results",143,137,143,11,2,5,"Have at least 1 days at risk",171
"ohdsi_results",137,137,143,12,2,1,"Original cohorts",23
"ohdsi_results",137,137,143,12,2,2,"First cohort only & restrict to common period",23
"ohdsi_results",137,137,143,12,2,3,"No prior outcome",23
"ohdsi_results",137,137,143,12,2,4,"Censoring at start of new time-at-risk",23
"ohdsi_results",137,137,143,12,2,5,"Have at least 1 days at risk",23
"ohdsi_results",143,137,143,12,2,1,"Original cohorts",191
"ohdsi_results",143,137,143,12,2,2,"First cohort only & restrict to common period",171
"ohdsi_results",143,137,143,12,2,3,"No prior outcome",170
"ohdsi_results",143,137,143,12,2,4,"Censoring at start of new time-at-risk",170
"ohdsi_results",143,137,143,12,2,5,"Have at least 1 days at risk",170
"ohdsi_results",137,137,143,13,2,1,"Original cohorts",23
"ohdsi_results",137,137,143,13,2,2,"First cohort only & restrict to common period",23
"ohdsi_results",137,137,143,13,2,3,"No prior outcome",23
"ohdsi_results",137,137,143,13,2,4,"Censoring at start of new time-at-risk",23
"ohdsi_results",137,137,143,13,2,5,"Have at least 1 days at risk",23
"ohdsi_results",143,137,143,13,2,1,"Original cohorts",191
"ohdsi_results",143,137,143,13,2,2,"First cohort only & restrict to common period",171
"ohdsi_results",143,137,143,13,2,3,"No prior outcome",171
"ohdsi_results",143,137,143,13,2,4,"Censoring at start of new time-at-risk",171
"ohdsi_results",143,137,143,13,2,5,"Have at least 1 days at risk",171
"ohdsi_results",137,137,143,15,2,1,"Original cohorts",23
"ohdsi_results",137,137,143,15,2,2,"First cohort only & restrict to common period",23
"ohdsi_results",137,137,143,15,2,3,"No prior outcome",23
"ohdsi_results",137,137,143,15,2,4,"Censoring at start of new time-at-risk",23
"ohdsi_results",137,137,143,15,2,5,"Have at least 1 days at risk",23
"ohdsi_results",143,137,143,15,2,1,"Original cohorts",191
"ohdsi_results",143,137,143,15,2,2,"First cohort only & restrict to common period",171
"ohdsi_results",143,137,143,15,2,3,"No prior outcome",168
"ohdsi_results",143,137,143,15,2,4,"Censoring at start of new time-at-risk",168
"ohdsi_results",143,137,143,15,2,5,"Have at least 1 days at risk",168
"ohdsi_results",137,137,143,16,2,1,"Original cohorts",23
"ohdsi_results",137,137,143,16,2,2,"First cohort only & restrict to common period",23
"ohdsi_results",137,137,143,16,2,3,"No prior outcome",23
"ohdsi_results",137,137,143,16,2,4,"Censoring at start of new time-at-risk",23
"ohdsi_results",137,137,143,16,2,5,"Have at least 1 days at risk",23
"ohdsi_results",143,137,143,16,2,1,"Original cohorts",191
"ohdsi_results",143,137,143,16,2,2,"First cohort only & restrict to common period",171
"ohdsi_results",143,137,143,16,2,3,"No prior outcome",168
"ohdsi_results",143,137,143,16,2,4,"Censoring at start of new time-at-risk",168
"ohdsi_results",143,137,143,16,2,5,"Have at least 1 days at risk",168
"ohdsi_results",137,137,143,17,2,1,"Original cohorts",23
"ohdsi_results",137,137,143,17,2,2,"First cohort only & restrict to common period",23
"ohdsi_results",137,137,143,17,2,3,"No prior outcome",23
"ohdsi_results",137,137,143,17,2,4,"Censoring at start of new time-at-risk",23
"ohdsi_results",137,137,143,17,2,5,"Have at least 1 days at risk",23
"ohdsi_results",143,137,143,17,2,1,"Original cohorts",191
"ohdsi_results",143,137,143,17,2,2,"First cohort only & restrict to common period",171
"ohdsi_results",143,137,143,17,2,3,"No prior outcome",171
"ohdsi_results",143,137,143,17,2,4,"Censoring at start of new time-at-risk",171
"ohdsi_results",143,137,143,17,2,5,"Have at least 1 days at risk",171
"ohdsi_results",137,137,143,18,2,1,"Original cohorts",23
"ohdsi_results",137,137,143,18,2,2,"First cohort only & restrict to common period",23
"ohdsi_results",137,137,143,18,2,3,"No prior outcome",23
"ohdsi_results",137,137,143,18,2,4,"Censoring at start of new time-at-risk",23
"ohdsi_results",137,137,143,18,2,5,"Have at least 1 days at risk",23
"ohdsi_results",143,137,143,18,2,1,"Original cohorts",191
"ohdsi_results",143,137,143,18,2,2,"First cohort only & restrict to common period",171
"ohdsi_results",143,137,143,18,2,3,"No prior outcome",171
"ohdsi_results",143,137,143,18,2,4,"Censoring at start of new time-at-risk",171
"ohdsi_results",143,137,143,18,2,5,"Have at least 1 days at risk",171
"ohdsi_results",137,137,143,19,2,1,"Original cohorts",23
"ohdsi_results",137,137,143,19,2,2,"First cohort only & restrict to common period",23
"ohdsi_results",137,137,143,19,2,3,"No prior outcome",23
"ohdsi_results",137,137,143,19,2,4,"Censoring at start of new time-at-risk",23
"ohdsi_results",137,137,143,19,2,5,"Have at least 1 days at risk",23
"ohdsi_results",143,137,143,19,2,1,"Original cohorts",191
"ohdsi_results",143,137,143,19,2,2,"First cohort only & restrict to common period",171
"ohdsi_results",143,137,143,19,2,3,"No prior outcome",171
"ohdsi_results",143,137,143,19,2,4,"Censoring at start of new time-at-risk",171
"ohdsi_results",143,137,143,19,2,5,"Have at least 1 days at risk",171
"ohdsi_results",137,137,143,20,2,1,"Original cohorts",23
"ohdsi_results",137,137,143,20,2,2,"First cohort only & restrict to common period",23
"ohdsi_results",137,137,143,20,2,3,"No prior outcome",23
"ohdsi_results",137,137,143,20,2,4,"Censoring at start of new time-at-risk",23
"ohdsi_results",137,137,143,20,2,5,"Have at least 1 days at risk",23
"ohdsi_results",143,137,143,20,2,1,"Original cohorts",191
"ohdsi_results",143,137,143,20,2,2,"First cohort only & restrict to common period",171
"ohdsi_results",143,137,143,20,2,3,"No prior outcome",171
"ohdsi_results",143,137,143,20,2,4,"Censoring at start of new time-at-risk",171
"ohdsi_results",143,137,143,20,2,5,"Have at least 1 days at risk",171
"ohdsi_results",137,137,143,21,2,1,"Original cohorts",23
"ohdsi_results",137,137,143,21,2,2,"First cohort only & restrict to common period",23
"ohdsi_results",137,137,143,21,2,3,"No prior outcome",23
"ohdsi_results",137,137,143,21,2,4,"Censoring at start of new time-at-risk",23
"ohdsi_results",137,137,143,21,2,5,"Have at least 1 days at risk",23
"ohdsi_results",143,137,143,21,2,1,"Original cohorts",191
"ohdsi_results",143,137,143,21,2,2,"First cohort only & restrict to common period",171
"ohdsi_results",143,137,143,21,2,3,"No prior outcome",171
"ohdsi_results",143,137,143,21,2,4,"Censoring at start of new time-at-risk",171
"ohdsi_results",143,137,143,21,2,5,"Have at least 1 days at risk",171
"ohdsi_results",137,137,143,22,2,1,"Original cohorts",23
"ohdsi_results",137,137,143,22,2,2,"First cohort only & restrict to common period",23
"ohdsi_results",137,137,143,22,2,3,"No prior outcome",23
"ohdsi_results",137,137,143,22,2,4,"Censoring at start of new time-at-risk",23
"ohdsi_results",137,137,143,22,2,5,"Have at least 1 days at risk",23
"ohdsi_results",143,137,143,22,2,1,"Original cohorts",191
"ohdsi_results",143,137,143,22,2,2,"First cohort only & restrict to common period",171
"ohdsi_results",143,137,143,22,2,3,"No prior outcome",171
"ohdsi_results",143,137,143,22,2,4,"Censoring at start of new time-at-risk",171
"ohdsi_results",143,137,143,22,2,5,"Have at least 1 days at risk",171
