"target_id","comparator_id","outcome_id","analysis_id","rr","ci_95_lb","ci_95_ub","p","i_2","log_rr","se_log_rr","target_subjects","comparator_subjects","target_days","comparator_days","target_outcomes","comparator_outcomes","calibrated_p","calibrated_rr","calibrated_ci_95_lb","calibrated_ci_95_ub","calibrated_log_rr","calibrated_se_log_rr","database_id"
137,143,6,1,0.340170099249878,NA,21.523832106006,NA,NA,-1.0783094945648,NA,23,170,1464,15017,0,-5,NA,NA,NA,NA,NA,NA,"ohdsi_results"
137,143,7,1,0.716931189100389,0.0363098579757149,4.55749874483303,0.787208513542144,NA,-0.332775413559271,1.23278794796286,23,168,1439,14226,-5,9,NA,NA,NA,NA,NA,NA,"ohdsi_results"
137,143,18,1,0.347999040792255,NA,107.239659058111,NA,NA,-1.05555555555556,NA,23,171,1464,15606,0,-5,NA,NA,NA,NA,NA,NA,"ohdsi_results"
137,143,8,1,NA,NA,NA,NA,NA,NA,NA,23,171,1464,15606,0,0,NA,NA,NA,NA,NA,NA,"ohdsi_results"
137,143,19,1,NA,NA,NA,NA,NA,NA,NA,23,171,1464,15606,0,0,NA,NA,NA,NA,NA,NA,"ohdsi_results"
137,143,20,1,NA,NA,NA,NA,NA,NA,NA,23,171,1464,15606,0,0,NA,NA,NA,NA,NA,NA,"ohdsi_results"
137,143,9,1,NA,NA,NA,NA,NA,NA,NA,22,171,1167,15606,-5,0,NA,NA,NA,NA,NA,NA,"ohdsi_results"
137,143,10,1,NA,NA,NA,NA,NA,NA,NA,23,171,1464,15606,0,0,NA,NA,NA,NA,NA,NA,"ohdsi_results"
137,143,259995,1,NA,NA,NA,NA,NA,NA,NA,23,171,1464,15606,0,0,NA,NA,NA,NA,NA,NA,"ohdsi_results"
137,143,313601,1,NA,NA,NA,NA,NA,NA,NA,23,171,1464,15606,0,0,NA,NA,NA,NA,NA,NA,"ohdsi_results"
137,143,11,1,NA,NA,NA,NA,NA,NA,NA,23,171,1464,15606,0,0,NA,NA,NA,NA,NA,NA,"ohdsi_results"
137,143,12,1,0.345857515012655,NA,96.7369598821451,NA,NA,-1.06172839506173,NA,23,170,1464,15359,0,-5,NA,NA,NA,NA,NA,NA,"ohdsi_results"
137,143,17,1,NA,NA,NA,NA,NA,NA,NA,23,171,1464,15606,0,0,NA,NA,NA,NA,NA,NA,"ohdsi_results"
137,143,432303,1,NA,NA,NA,NA,NA,NA,NA,23,171,1464,15606,0,0,NA,NA,NA,NA,NA,NA,"ohdsi_results"
137,143,13,1,6.72048100183667,0.312101384221613,70.3073652164622,0.168029850431971,NA,1.90515972962777,1.38199063833814,23,171,1210,15047,-5,-5,NA,NA,NA,NA,NA,NA,"ohdsi_results"
137,143,15,1,0.344651159810853,NA,14.4847712047259,NA,NA,-1.0652225044716,NA,23,168,1464,14556,0,-5,NA,NA,NA,NA,NA,NA,"ohdsi_results"
137,143,16,1,NA,NA,NA,NA,NA,NA,NA,23,168,1464,15336,0,0,NA,NA,NA,NA,NA,NA,"ohdsi_results"
137,143,199876,1,NA,NA,NA,NA,NA,NA,NA,23,170,1464,15590,0,0,NA,NA,NA,NA,NA,NA,"ohdsi_results"
137,143,25518,1,0.340642044157441,NA,78.0546247839408,NA,NA,-1.07692307692308,NA,23,171,1464,15518,0,-5,NA,NA,NA,NA,NA,NA,"ohdsi_results"
137,143,196456,1,0.263597138115727,NA,19.2748154151161,NA,NA,-1.33333333333333,NA,23,171,1464,15585,0,-5,NA,NA,NA,NA,NA,NA,"ohdsi_results"
137,143,443236,1,NA,NA,NA,NA,NA,NA,NA,23,171,1452,15606,-5,0,NA,NA,NA,NA,NA,NA,"ohdsi_results"
137,143,443447,1,0.344612611454379,NA,27.2749907437516,NA,NA,-1.06533435818601,NA,23,171,1464,15575,0,-5,NA,NA,NA,NA,NA,NA,"ohdsi_results"
137,143,197318,1,NA,NA,NA,NA,NA,NA,NA,23,171,1464,15606,0,0,NA,NA,NA,NA,NA,NA,"ohdsi_results"
137,143,378256,1,NA,NA,NA,NA,NA,NA,NA,23,171,1464,15606,0,0,NA,NA,NA,NA,NA,NA,"ohdsi_results"
137,143,438130,1,NA,NA,NA,NA,NA,NA,NA,23,171,1464,15606,0,0,NA,NA,NA,NA,NA,NA,"ohdsi_results"
137,143,73754,1,0.354503508139758,NA,159.720146534716,NA,NA,-1.03703703703704,NA,23,171,1464,15268,0,-5,NA,NA,NA,NA,NA,NA,"ohdsi_results"
137,143,21,1,NA,NA,NA,NA,NA,NA,NA,23,171,1464,15606,0,0,NA,NA,NA,NA,NA,NA,"ohdsi_results"
137,143,4168212,1,NA,NA,NA,NA,NA,NA,NA,23,171,1464,15606,0,0,NA,NA,NA,NA,NA,NA,"ohdsi_results"
137,143,22,1,NA,NA,NA,NA,NA,NA,NA,23,171,1210,15606,-5,0,NA,NA,NA,NA,NA,NA,"ohdsi_results"
137,143,4176908,1,NA,NA,NA,NA,NA,NA,NA,23,171,1464,15606,0,0,NA,NA,NA,NA,NA,NA,"ohdsi_results"
137,143,321689,1,2.05675735786858,0.105230900510996,12.8798831007018,0.556517157424608,NA,0.721130644485363,1.22636563050076,23,169,1456,14856,-5,7,NA,NA,NA,NA,NA,NA,"ohdsi_results"
137,143,436246,1,NA,NA,NA,NA,NA,NA,NA,23,171,1464,15606,0,0,NA,NA,NA,NA,NA,NA,"ohdsi_results"
137,143,443792,1,NA,NA,NA,NA,NA,NA,NA,23,171,1464,15606,0,0,NA,NA,NA,NA,NA,NA,"ohdsi_results"
137,143,46286594,1,NA,NA,NA,NA,NA,NA,NA,23,171,1464,15606,0,0,NA,NA,NA,NA,NA,NA,"ohdsi_results"
137,143,435522,1,NA,NA,NA,NA,NA,NA,NA,23,170,1464,15583,0,0,NA,NA,NA,NA,NA,NA,"ohdsi_results"
137,143,374801,1,NA,NA,NA,NA,NA,NA,NA,23,171,1464,15606,0,0,NA,NA,NA,NA,NA,NA,"ohdsi_results"
137,143,436233,1,NA,NA,NA,NA,NA,NA,NA,23,171,1464,15606,0,0,NA,NA,NA,NA,NA,NA,"ohdsi_results"
137,143,78200,1,NA,NA,NA,NA,NA,NA,NA,23,170,1464,15585,0,0,NA,NA,NA,NA,NA,NA,"ohdsi_results"
137,143,138278,1,NA,NA,NA,NA,NA,NA,NA,23,171,1464,15606,0,0,NA,NA,NA,NA,NA,NA,"ohdsi_results"
137,143,441267,1,NA,NA,NA,NA,NA,NA,NA,23,171,1464,15606,0,0,NA,NA,NA,NA,NA,NA,"ohdsi_results"
137,143,441553,1,NA,NA,NA,NA,NA,NA,NA,23,171,1464,15606,0,0,NA,NA,NA,NA,NA,NA,"ohdsi_results"
137,143,138821,1,NA,NA,NA,NA,NA,NA,NA,23,171,1464,15606,0,0,NA,NA,NA,NA,NA,NA,"ohdsi_results"
137,143,433270,1,NA,NA,NA,NA,NA,NA,NA,23,171,1464,15606,0,0,NA,NA,NA,NA,NA,NA,"ohdsi_results"
137,143,433753,1,0.347447099526935,NA,104.322581437033,NA,NA,-1.05714285714286,NA,23,171,1464,15117,0,-5,NA,NA,NA,NA,NA,NA,"ohdsi_results"
137,143,435371,1,NA,NA,NA,NA,NA,NA,NA,23,171,1464,15606,0,0,NA,NA,NA,NA,NA,NA,"ohdsi_results"
137,143,435516,1,NA,NA,NA,NA,NA,NA,NA,23,171,1464,15606,0,0,NA,NA,NA,NA,NA,NA,"ohdsi_results"
137,143,4166231,1,0.344915125551036,NA,14.7194576285037,NA,NA,-1.06445690511246,NA,23,170,1464,14872,0,-5,NA,NA,NA,NA,NA,NA,"ohdsi_results"
137,143,374375,1,NA,NA,NA,NA,NA,NA,NA,23,171,1464,15606,0,0,NA,NA,NA,NA,NA,NA,"ohdsi_results"
137,143,440382,1,NA,NA,NA,NA,NA,NA,NA,23,171,1464,15606,0,0,NA,NA,NA,NA,NA,NA,"ohdsi_results"
137,143,439125,1,NA,NA,NA,NA,NA,NA,NA,23,171,1464,15606,0,0,NA,NA,NA,NA,NA,NA,"ohdsi_results"
137,143,4163735,1,NA,NA,NA,NA,NA,NA,NA,23,171,1464,15606,0,0,NA,NA,NA,NA,NA,NA,"ohdsi_results"
137,143,440068,1,NA,NA,NA,NA,NA,NA,NA,23,171,1464,15606,0,0,NA,NA,NA,NA,NA,NA,"ohdsi_results"
137,143,44782778,1,0.31890655732397,NA,42.9584394972867,NA,NA,-1.14285714285714,NA,23,171,1464,15527,0,-5,NA,NA,NA,NA,NA,NA,"ohdsi_results"
137,143,4198492,1,NA,NA,NA,NA,NA,NA,NA,23,171,1464,15606,0,0,NA,NA,NA,NA,NA,NA,"ohdsi_results"
137,143,434164,1,NA,NA,NA,NA,NA,NA,NA,23,171,1464,15606,0,0,NA,NA,NA,NA,NA,NA,"ohdsi_results"
137,143,440233,1,NA,NA,NA,NA,NA,NA,NA,23,171,1464,15606,0,0,NA,NA,NA,NA,NA,NA,"ohdsi_results"
137,143,4119307,1,NA,NA,NA,NA,NA,NA,NA,23,171,1464,15606,0,0,NA,NA,NA,NA,NA,NA,"ohdsi_results"
137,143,438808,1,NA,NA,NA,NA,NA,NA,NA,23,171,1464,15606,0,0,NA,NA,NA,NA,NA,NA,"ohdsi_results"
137,143,439971,1,NA,NA,NA,NA,NA,NA,NA,23,171,1464,15606,0,0,NA,NA,NA,NA,NA,NA,"ohdsi_results"
137,143,4092879,1,NA,NA,NA,NA,NA,NA,NA,23,171,1464,15606,0,0,NA,NA,NA,NA,NA,NA,"ohdsi_results"
137,143,4193634,1,NA,NA,NA,NA,NA,NA,NA,23,171,1464,15606,0,0,NA,NA,NA,NA,NA,NA,"ohdsi_results"
137,143,40479573,1,NA,NA,NA,NA,NA,NA,NA,23,171,1464,15606,0,0,NA,NA,NA,NA,NA,NA,"ohdsi_results"
137,143,4209423,1,1.49980761894604,0.0689805389978184,11.4078551182562,0.755766278357587,NA,0.405336845846937,1.30314461427564,23,170,1447,13743,-5,7,NA,NA,NA,NA,NA,NA,"ohdsi_results"
137,143,4195873,1,NA,NA,NA,NA,NA,NA,NA,23,171,1464,15606,0,0,NA,NA,NA,NA,NA,NA,"ohdsi_results"
137,143,40486120,1,NA,NA,NA,NA,NA,NA,NA,23,171,1464,15606,0,0,NA,NA,NA,NA,NA,NA,"ohdsi_results"
137,143,4022076,1,NA,NA,NA,NA,NA,NA,NA,23,171,1464,15606,0,0,NA,NA,NA,NA,NA,NA,"ohdsi_results"
137,143,434327,1,0.340642044157441,NA,78.0546247839408,NA,NA,-1.07692307692308,NA,23,171,1464,15452,0,-5,NA,NA,NA,NA,NA,NA,"ohdsi_results"
137,143,4344500,1,NA,NA,NA,NA,NA,NA,NA,23,171,1464,15606,0,0,NA,NA,NA,NA,NA,NA,"ohdsi_results"
137,143,4216708,1,NA,NA,NA,NA,NA,NA,NA,23,171,1464,15606,0,0,NA,NA,NA,NA,NA,NA,"ohdsi_results"
137,143,40483172,1,NA,NA,NA,NA,NA,NA,NA,23,171,1464,15606,0,0,NA,NA,NA,NA,NA,NA,"ohdsi_results"
137,143,439791,1,NA,NA,NA,NA,NA,NA,NA,23,171,1464,15606,0,0,NA,NA,NA,NA,NA,NA,"ohdsi_results"
137,143,4091513,1,NA,NA,NA,NA,NA,NA,NA,23,171,1464,15606,0,0,NA,NA,NA,NA,NA,NA,"ohdsi_results"
137,143,4248728,1,NA,NA,NA,NA,NA,NA,NA,23,171,1464,15606,0,0,NA,NA,NA,NA,NA,NA,"ohdsi_results"
137,143,4008710,1,NA,NA,NA,NA,NA,NA,NA,23,171,1464,15606,0,0,NA,NA,NA,NA,NA,NA,"ohdsi_results"
137,143,4194160,1,NA,NA,NA,NA,NA,NA,NA,23,171,1464,15606,0,0,NA,NA,NA,NA,NA,NA,"ohdsi_results"
137,143,4311591,1,NA,NA,NA,NA,NA,NA,NA,23,170,1464,15586,0,0,NA,NA,NA,NA,NA,NA,"ohdsi_results"
137,143,439871,1,NA,NA,NA,NA,NA,NA,NA,23,171,1464,15606,0,0,NA,NA,NA,NA,NA,NA,"ohdsi_results"
137,143,4058388,1,NA,NA,NA,NA,NA,NA,NA,23,171,1464,15606,0,0,NA,NA,NA,NA,NA,NA,"ohdsi_results"
137,143,4098604,1,NA,NA,NA,NA,NA,NA,NA,23,171,1464,15606,0,0,NA,NA,NA,NA,NA,NA,"ohdsi_results"
137,143,4275889,1,NA,NA,NA,NA,NA,NA,NA,23,171,1464,15606,0,0,NA,NA,NA,NA,NA,NA,"ohdsi_results"
137,143,4049367,1,NA,NA,NA,NA,NA,NA,NA,23,171,1464,15606,0,0,NA,NA,NA,NA,NA,NA,"ohdsi_results"
137,143,21,2,0.342863614857706,NA,85.0625126946084,NA,NA,-1.07042253521127,NA,23,171,690,5077,0,-5,NA,NA,NA,NA,NA,NA,"ohdsi_results"
137,143,9,2,NA,NA,NA,NA,NA,NA,NA,22,171,660,5091,0,0,NA,NA,NA,NA,NA,NA,"ohdsi_results"
137,143,10,2,NA,NA,NA,NA,NA,NA,NA,23,171,690,5091,0,0,NA,NA,NA,NA,NA,NA,"ohdsi_results"
137,143,434164,2,NA,NA,NA,NA,NA,NA,NA,23,171,690,5091,0,0,NA,NA,NA,NA,NA,NA,"ohdsi_results"
137,143,25518,2,NA,NA,NA,NA,NA,NA,NA,23,171,690,5091,0,0,NA,NA,NA,NA,NA,NA,"ohdsi_results"
137,143,374375,2,NA,NA,NA,NA,NA,NA,NA,23,171,690,5091,0,0,NA,NA,NA,NA,NA,NA,"ohdsi_results"
137,143,11,2,NA,NA,NA,NA,NA,NA,NA,23,171,690,5091,0,0,NA,NA,NA,NA,NA,NA,"ohdsi_results"
137,143,6,2,4.95906318696462,0.154830832535985,158.833400876999,0.365309675630303,NA,1.60121684930213,1.76872587339207,23,170,687,5055,-5,-5,NA,NA,NA,NA,NA,NA,"ohdsi_results"
137,143,73754,2,0.342518855093046,NA,83.8947218746078,NA,NA,-1.07142857142857,NA,23,171,690,5091,0,-5,NA,NA,NA,NA,NA,NA,"ohdsi_results"
137,143,8,2,NA,NA,NA,NA,NA,NA,NA,23,171,690,5091,0,0,NA,NA,NA,NA,NA,NA,"ohdsi_results"
137,143,20,2,NA,NA,NA,NA,NA,NA,NA,23,171,690,5091,0,0,NA,NA,NA,NA,NA,NA,"ohdsi_results"
137,143,12,2,NA,NA,NA,NA,NA,NA,NA,23,170,690,5061,0,0,NA,NA,NA,NA,NA,NA,"ohdsi_results"
137,143,138278,2,NA,NA,NA,NA,NA,NA,NA,23,171,690,5091,0,0,NA,NA,NA,NA,NA,NA,"ohdsi_results"
137,143,321689,2,4.87253822264639,0.241084172320458,38.0601382768266,0.220056073996533,NA,1.58361499693451,1.29129327851032,23,169,674,4985,-5,-5,NA,NA,NA,NA,NA,NA,"ohdsi_results"
137,143,439791,2,NA,NA,NA,NA,NA,NA,NA,23,171,690,5091,0,0,NA,NA,NA,NA,NA,NA,"ohdsi_results"
137,143,434327,2,NA,NA,NA,NA,NA,NA,NA,23,171,690,5091,0,0,NA,NA,NA,NA,NA,NA,"ohdsi_results"
137,143,7,2,1.30016268602577,0.0586697069631131,12.7786090098292,0.848427929587556,NA,0.26248939973449,1.37339369372078,23,168,678,4969,-5,-5,NA,NA,NA,NA,NA,NA,"ohdsi_results"
137,143,22,2,NA,NA,NA,NA,NA,NA,NA,23,171,690,5091,0,0,NA,NA,NA,NA,NA,NA,"ohdsi_results"
137,143,78200,2,NA,NA,NA,NA,NA,NA,NA,23,170,690,5061,0,0,NA,NA,NA,NA,NA,NA,"ohdsi_results"
137,143,16,2,NA,NA,NA,NA,NA,NA,NA,23,168,690,5001,0,0,NA,NA,NA,NA,NA,NA,"ohdsi_results"
137,143,432303,2,NA,NA,NA,NA,NA,NA,NA,23,171,690,5091,0,0,NA,NA,NA,NA,NA,NA,"ohdsi_results"
137,143,435516,2,NA,NA,NA,NA,NA,NA,NA,23,171,690,5091,0,0,NA,NA,NA,NA,NA,NA,"ohdsi_results"
137,143,433270,2,NA,NA,NA,NA,NA,NA,NA,23,171,690,5091,0,0,NA,NA,NA,NA,NA,NA,"ohdsi_results"
137,143,433753,2,NA,NA,NA,NA,NA,NA,NA,23,171,690,5091,0,0,NA,NA,NA,NA,NA,NA,"ohdsi_results"
137,143,435371,2,NA,NA,NA,NA,NA,NA,NA,23,171,690,5091,0,0,NA,NA,NA,NA,NA,NA,"ohdsi_results"
137,143,199876,2,0.342342888564632,NA,83.3107994866753,NA,NA,-1.07194244604317,NA,23,170,690,5060,0,-5,NA,NA,NA,NA,NA,NA,"ohdsi_results"
137,143,439871,2,NA,NA,NA,NA,NA,NA,NA,23,171,690,5091,0,0,NA,NA,NA,NA,NA,NA,"ohdsi_results"
137,143,438808,2,NA,NA,NA,NA,NA,NA,NA,23,171,690,5091,0,0,NA,NA,NA,NA,NA,NA,"ohdsi_results"
137,143,439125,2,NA,NA,NA,NA,NA,NA,NA,23,171,690,5091,0,0,NA,NA,NA,NA,NA,NA,"ohdsi_results"
137,143,197318,2,NA,NA,NA,NA,NA,NA,NA,23,171,690,5091,0,0,NA,NA,NA,NA,NA,NA,"ohdsi_results"
137,143,440068,2,NA,NA,NA,NA,NA,NA,NA,23,171,690,5091,0,0,NA,NA,NA,NA,NA,NA,"ohdsi_results"
137,143,4049367,2,NA,NA,NA,NA,NA,NA,NA,23,171,690,5091,0,0,NA,NA,NA,NA,NA,NA,"ohdsi_results"
137,143,138821,2,NA,NA,NA,NA,NA,NA,NA,23,171,690,5091,0,0,NA,NA,NA,NA,NA,NA,"ohdsi_results"
137,143,13,2,0.342690130997573,NA,23.6333454413976,NA,NA,-1.07092864830564,NA,23,171,690,5069,0,-5,NA,NA,NA,NA,NA,NA,"ohdsi_results"
137,143,15,2,0.342033776970376,NA,12.9645974910927,NA,NA,-1.07284578372501,NA,23,168,690,4975,0,-5,NA,NA,NA,NA,NA,NA,"ohdsi_results"
137,143,374801,2,NA,NA,NA,NA,NA,NA,NA,23,171,690,5091,0,0,NA,NA,NA,NA,NA,NA,"ohdsi_results"
137,143,439971,2,NA,NA,NA,NA,NA,NA,NA,23,171,690,5091,0,0,NA,NA,NA,NA,NA,NA,"ohdsi_results"
137,143,378256,2,NA,NA,NA,NA,NA,NA,NA,23,171,690,5091,0,0,NA,NA,NA,NA,NA,NA,"ohdsi_results"
137,143,436246,2,NA,NA,NA,NA,NA,NA,NA,23,171,690,5091,0,0,NA,NA,NA,NA,NA,NA,"ohdsi_results"
137,143,4058388,2,NA,NA,NA,NA,NA,NA,NA,23,171,690,5091,0,0,NA,NA,NA,NA,NA,NA,"ohdsi_results"
137,143,196456,2,NA,NA,NA,NA,NA,NA,NA,23,171,690,5091,0,0,NA,NA,NA,NA,NA,NA,"ohdsi_results"
137,143,436233,2,NA,NA,NA,NA,NA,NA,NA,23,171,690,5091,0,0,NA,NA,NA,NA,NA,NA,"ohdsi_results"
137,143,18,2,NA,NA,NA,NA,NA,NA,NA,23,171,690,5091,0,0,NA,NA,NA,NA,NA,NA,"ohdsi_results"
137,143,19,2,NA,NA,NA,NA,NA,NA,NA,23,171,690,5091,0,0,NA,NA,NA,NA,NA,NA,"ohdsi_results"
137,143,443792,2,NA,NA,NA,NA,NA,NA,NA,23,171,690,5091,0,0,NA,NA,NA,NA,NA,NA,"ohdsi_results"
137,143,4008710,2,NA,NA,NA,NA,NA,NA,NA,23,171,690,5091,0,0,NA,NA,NA,NA,NA,NA,"ohdsi_results"
137,143,435522,2,NA,NA,NA,NA,NA,NA,NA,23,170,690,5061,0,0,NA,NA,NA,NA,NA,NA,"ohdsi_results"
137,143,313601,2,NA,NA,NA,NA,NA,NA,NA,23,171,690,5091,0,0,NA,NA,NA,NA,NA,NA,"ohdsi_results"
137,143,4022076,2,NA,NA,NA,NA,NA,NA,NA,23,171,690,5091,0,0,NA,NA,NA,NA,NA,NA,"ohdsi_results"
137,143,4193634,2,NA,NA,NA,NA,NA,NA,NA,23,171,690,5091,0,0,NA,NA,NA,NA,NA,NA,"ohdsi_results"
137,143,438130,2,NA,NA,NA,NA,NA,NA,NA,23,171,690,5091,0,0,NA,NA,NA,NA,NA,NA,"ohdsi_results"
137,143,259995,2,NA,NA,NA,NA,NA,NA,NA,23,171,690,5091,0,0,NA,NA,NA,NA,NA,NA,"ohdsi_results"
137,143,440382,2,NA,NA,NA,NA,NA,NA,NA,23,171,690,5091,0,0,NA,NA,NA,NA,NA,NA,"ohdsi_results"
137,143,4091513,2,NA,NA,NA,NA,NA,NA,NA,23,171,690,5091,0,0,NA,NA,NA,NA,NA,NA,"ohdsi_results"
137,143,4092879,2,NA,NA,NA,NA,NA,NA,NA,23,171,690,5091,0,0,NA,NA,NA,NA,NA,NA,"ohdsi_results"
137,143,441267,2,NA,NA,NA,NA,NA,NA,NA,23,171,690,5091,0,0,NA,NA,NA,NA,NA,NA,"ohdsi_results"
137,143,4209423,2,5.01229258155157,0.15574704569136,161.306924388554,0.362782263522976,NA,1.61189341153741,1.77116290334299,23,170,686,5027,-5,-5,NA,NA,NA,NA,NA,NA,"ohdsi_results"
137,143,4194160,2,NA,NA,NA,NA,NA,NA,NA,23,171,690,5091,0,0,NA,NA,NA,NA,NA,NA,"ohdsi_results"
137,143,440233,2,NA,NA,NA,NA,NA,NA,NA,23,171,690,5091,0,0,NA,NA,NA,NA,NA,NA,"ohdsi_results"
137,143,443236,2,NA,NA,NA,NA,NA,NA,NA,23,171,673,5091,-5,0,NA,NA,NA,NA,NA,NA,"ohdsi_results"
137,143,4216708,2,NA,NA,NA,NA,NA,NA,NA,23,171,690,5091,0,0,NA,NA,NA,NA,NA,NA,"ohdsi_results"
137,143,443447,2,NA,NA,NA,NA,NA,NA,NA,23,171,690,5091,0,0,NA,NA,NA,NA,NA,NA,"ohdsi_results"
137,143,4248728,2,NA,NA,NA,NA,NA,NA,NA,23,171,690,5091,0,0,NA,NA,NA,NA,NA,NA,"ohdsi_results"
137,143,4163735,2,NA,NA,NA,NA,NA,NA,NA,23,171,690,5091,0,0,NA,NA,NA,NA,NA,NA,"ohdsi_results"
137,143,4166231,2,0.342863614857706,NA,85.0625126946084,NA,NA,-1.07042253521127,NA,23,170,690,5034,0,-5,NA,NA,NA,NA,NA,NA,"ohdsi_results"
137,143,17,2,NA,NA,NA,NA,NA,NA,NA,23,171,690,5091,0,0,NA,NA,NA,NA,NA,NA,"ohdsi_results"
137,143,4119307,2,NA,NA,NA,NA,NA,NA,NA,23,171,690,5091,0,0,NA,NA,NA,NA,NA,NA,"ohdsi_results"
137,143,4168212,2,NA,NA,NA,NA,NA,NA,NA,23,171,690,5091,0,0,NA,NA,NA,NA,NA,NA,"ohdsi_results"
137,143,4176908,2,NA,NA,NA,NA,NA,NA,NA,23,171,690,5091,0,0,NA,NA,NA,NA,NA,NA,"ohdsi_results"
137,143,4344500,2,NA,NA,NA,NA,NA,NA,NA,23,171,690,5091,0,0,NA,NA,NA,NA,NA,NA,"ohdsi_results"
137,143,40479573,2,NA,NA,NA,NA,NA,NA,NA,23,171,690,5091,0,0,NA,NA,NA,NA,NA,NA,"ohdsi_results"
137,143,4275889,2,NA,NA,NA,NA,NA,NA,NA,23,171,690,5091,0,0,NA,NA,NA,NA,NA,NA,"ohdsi_results"
137,143,4311591,2,NA,NA,NA,NA,NA,NA,NA,23,170,690,5061,0,0,NA,NA,NA,NA,NA,NA,"ohdsi_results"
137,143,40483172,2,NA,NA,NA,NA,NA,NA,NA,23,171,690,5091,0,0,NA,NA,NA,NA,NA,NA,"ohdsi_results"
137,143,40486120,2,NA,NA,NA,NA,NA,NA,NA,23,171,690,5091,0,0,NA,NA,NA,NA,NA,NA,"ohdsi_results"
137,143,4195873,2,NA,NA,NA,NA,NA,NA,NA,23,171,690,5091,0,0,NA,NA,NA,NA,NA,NA,"ohdsi_results"
137,143,4198492,2,NA,NA,NA,NA,NA,NA,NA,23,171,690,5091,0,0,NA,NA,NA,NA,NA,NA,"ohdsi_results"
137,143,44782778,2,NA,NA,NA,NA,NA,NA,NA,23,171,690,5091,0,0,NA,NA,NA,NA,NA,NA,"ohdsi_results"
137,143,441553,2,NA,NA,NA,NA,NA,NA,NA,23,171,690,5091,0,0,NA,NA,NA,NA,NA,NA,"ohdsi_results"
137,143,4098604,2,NA,NA,NA,NA,NA,NA,NA,23,171,690,5091,0,0,NA,NA,NA,NA,NA,NA,"ohdsi_results"
137,143,46286594,2,NA,NA,NA,NA,NA,NA,NA,23,171,690,5091,0,0,NA,NA,NA,NA,NA,NA,"ohdsi_results"
2,28,6,1,0.924691391852855,0.727158540927969,1.15928151554801,0.510520088828968,NA,-0.0782952275660715,0.118984630182329,3827,38371,199019,2044966,79,806,0.256292247013835,0.854145237910148,0.670959322697718,1.08734473576017,-0.157654031842981,0.123161821247802,"ohdsi_results"
2,28,138821,1,NA,NA,NA,NA,NA,NA,NA,3883,38853,204933,2101071,0,0,NA,NA,NA,NA,NA,NA,"ohdsi_results"
2,28,432303,1,0.353804397816686,0.0198848120366884,1.64428572858041,0.356277979500188,NA,-1.0390110671,1.12632302687257,3879,38834,204723,2098844,-5,38,0.322308584429262,0.326812106405854,0.035907742637489,2.9744602430652,-1.1183698713769,1.12677196133771,"ohdsi_results"
2,28,7,1,1.07354040836472,0.878652016237116,1.2987568146719,0.476568003135184,NA,0.0709619793280573,0.0996890400144093,3813,38178,196689,2018323,114,1137,0.740909156621673,0.991638329920523,0.807763297859859,1.21736971706062,-0.00839682494884642,0.104639364927562,"ohdsi_results"
2,28,18,1,0.95518375421422,0.42292476244708,1.86842227997444,0.903706788233207,NA,-0.0458515442206145,0.379000677622767,3883,38853,204933,2101071,8,84,0.747851262093281,0.882311290209399,0.418679799329689,1.8593522163652,-0.125210348497518,0.380332756454094,"ohdsi_results"
2,28,19,1,1024319988889371,4.35797363051173,NA,NA,NA,34.5628053618632,NA,3883,38853,204933,2101071,-5,0,NA,NA,NA,NA,NA,NA,"ohdsi_results"
2,28,8,1,0.351023574297303,NA,19.8687273070877,NA,NA,-1.04690189453144,NA,3883,38852,204933,2100963,0,-5,NA,NA,NA,NA,NA,NA,"ohdsi_results"
2,28,9,1,0.83304047978935,0.510999077200767,1.28012988838632,0.435549258486276,NA,-0.182673042810707,0.2342770198785,3871,38694,203851,2080761,20,284,0.287980266944718,0.769486517412814,0.484122101323037,1.22305818896089,-0.262031847087613,0.236425916592499,"ohdsi_results"
2,28,12,1,0.944197885754413,0.713547160937894,1.22519617397821,0.677156184481585,NA,-0.057419510064988,0.137912666684529,3848,38521,200017,2056517,59,593,0.381638166445838,0.872163550853404,0.660884261527262,1.15098709973721,-0.136778314341896,0.141532313008333,"ohdsi_results"
2,28,13,1,0.959058587799994,0.69625512419031,1.28750111537112,0.78980861699623,NA,-0.0418031133683269,0.156824909228168,3859,38527,201306,2060151,45,551,0.48832107634887,0.88589050667463,0.647400535319047,1.21223562076522,-0.121161917645239,0.160017324524166,"ohdsi_results"
2,28,10,1,1.19087787067333,0.410445059110878,2.7459445975699,0.718632582074319,NA,0.174690741599957,0.484865626217322,3880,38835,204363,2098072,5,48,0.843160933167209,1.10002393353098,0.424420995901553,2.85106690297104,0.095331937323067,0.485907570923284,"ohdsi_results"
2,28,11,1,0.487508749790826,0.0271862894098393,2.32864211221396,0.526850577970962,NA,-0.71844704041643,1.13530856865678,3883,38843,204916,2099792,-5,25,0.483647866070397,0.450315944045935,0.0486140505115261,4.17131358790808,-0.797805844693329,1.13575395137281,"ohdsi_results"
2,28,22,1,0.450286269401543,0.109961464412902,1.21319702205073,0.192681791784807,NA,-0.797871744252445,0.612481749468364,3880,38804,204621,2094807,-5,76,0.155961399501359,0.415933224959508,0.125018939785749,1.38379391092018,-0.877230548529354,0.613306925955739,"ohdsi_results"
2,28,25518,1,1.17300641152033,0.06400905042478,6.0859030445031,0.890769041827957,NA,0.159570035573136,1.16193612461797,3883,38852,204905,2100698,-5,11,0.943264373055007,1.08351591597557,0.111025579050389,10.5742005600305,0.0802112312962322,1.1623713045691,"ohdsi_results"
2,28,138278,1,NA,NA,NA,NA,NA,NA,NA,3883,38853,204933,2101071,0,0,NA,NA,NA,NA,NA,NA,"ohdsi_results"
2,28,4209423,1,1.09598299085814,0.876756908674162,1.35294167554067,0.407571353782926,NA,0.0916516691153827,0.11066702100079,3827,38323,199216,2032950,92,935,0.750464196983899,1.01236873266034,0.807841154451228,1.2686781865731,0.0122928648384715,0.115146348316564,"ohdsi_results"
2,28,73754,1,1.18797606004848,0.617348958205395,2.08141331659167,0.578510587294119,NA,0.172251069263066,0.310048550428881,3877,38785,204370,2093450,12,108,0.765910777303443,1.09734350658165,0.59572244201974,2.02134867935192,0.0928922649861619,0.311675465214223,"ohdsi_results"
2,28,78200,1,0.650111829385767,0.252381744408345,1.37127242331904,0.318624080058866,NA,-0.430610885681661,0.431781292217303,3880,38812,204488,2094690,6,91,0.245945891893571,0.60051378013398,0.257036270186667,1.40298020924795,-0.509969689958567,0.432951009124927,"ohdsi_results"
2,28,15,1,1.22878738078863,0.904350183142948,1.63445529171633,0.172390434432871,NA,0.206027813818033,0.1509844623322,3845,38547,200755,2070630,51,376,0.43645266150134,1.13504126777003,0.838828460881698,1.5358547541256,0.126669009541132,0.154297763623436,"ohdsi_results"
2,28,374801,1,0.325453414787903,NA,3.44066189984119,NA,NA,-1.12253594650718,NA,3883,38849,204933,2100655,0,7,NA,NA,NA,NA,NA,NA,"ohdsi_results"
2,28,16,1,1.16727802111949,0.543940557451291,2.20498422323142,0.664874166574131,NA,0.15467456068014,0.357056474609689,3865,38790,203778,2094309,9,92,0.831411472873365,1.07822455344653,0.534046297651563,2.1769052472928,0.0753157564032279,0.358470107615896,"ohdsi_results"
2,28,378256,1,NA,NA,NA,NA,NA,NA,NA,3883,38853,204933,2101071,0,0,NA,NA,NA,NA,NA,NA,"ohdsi_results"
2,28,434164,1,NA,NA,NA,NA,NA,NA,NA,3883,38853,204933,2101071,0,0,NA,NA,NA,NA,NA,NA,"ohdsi_results"
2,28,20,1,1.17265301477795,0.27910592914392,3.33615514838217,0.801317044387156,NA,0.159268715832436,0.632915427314334,3879,38835,204651,2098929,-5,30,0.897241666079532,1.08318948042391,0.312813942132997,3.75079014221884,0.079909911555518,0.633713997104318,"ohdsi_results"
2,28,17,1,1.04528738968329,0.435301298583688,2.12666826855529,0.912843936344089,NA,0.0442918616583411,0.404669019858437,3880,38817,204062,2096338,7,76,0.912016614263247,0.965540778266039,0.435766210441742,2.1393788048631,-0.0350669426185704,0.405916872803577,"ohdsi_results"
2,28,433270,1,NA,NA,NA,NA,NA,NA,NA,3883,38853,204933,2101071,0,0,NA,NA,NA,NA,NA,NA,"ohdsi_results"
2,28,196456,1,1.00237230652651,0.704778985960343,1.38388664003736,0.989017358885426,NA,0.00236949704979922,0.172137593365831,3863,38588,202631,2071754,38,399,0.683635046046394,0.925899753989353,0.656992346861574,1.30487114276566,-0.0769893072271088,0.175050972700044,"ohdsi_results"
2,28,197318,1,3.19045367579888,0.713579206200945,10.3965068459971,0.0895831830166869,NA,1.16016312480349,0.683413503538513,3881,38841,204739,2100089,-5,11,0.114913188355402,2.94704897003111,0.77096586564664,11.2652168127789,1.0808043205266,0.68415313257503,"ohdsi_results"
2,28,433753,1,1.30892198908357,0.773441627529103,2.08127698283174,0.286405094698229,NA,0.269203889340992,0.252526761815681,3875,38751,203925,2088327,18,163,0.463040417716178,1.20906228134274,0.734174799264439,1.99112200749784,0.189845085064078,0.254521624673744,"ohdsi_results"
2,28,4049367,1,1.06900532375587,0.0575378812926593,5.8189155102138,0.954815231313117,NA,0.0667286121576081,1.17768124448935,3883,38845,204909,2100236,-5,9,0.97233860434121,0.987449234016411,0.0981081777636376,9.93858016717733,-0.0126301921193033,1.1781106083961,"ohdsi_results"
2,28,438130,1,0.545623349135,0.0302998081210837,2.64755868537484,0.595249507197847,NA,-0.605826378033169,1.14039132835323,3883,38838,204929,2099572,-5,21,0.549270108993291,0.503996889624345,0.0538700745141996,4.71528705021671,-0.685185182310079,1.14083472675786,"ohdsi_results"
2,28,21,1,0.59055242134021,0.207470491044222,1.31648830789543,0.263833546309625,NA,-0.526696872788398,0.471369370698997,3880,38802,204663,2093042,5,98,0.205298269635083,0.545498252571944,0.216098019141644,1.37700634527334,-0.606055677065299,0.472441081645764,"ohdsi_results"
2,28,313601,1,NA,NA,NA,NA,NA,NA,NA,3883,38853,204933,2101071,0,0,NA,NA,NA,NA,NA,NA,"ohdsi_results"
2,28,4022076,1,NA,NA,NA,NA,NA,NA,NA,3883,38853,204933,2101071,0,0,NA,NA,NA,NA,NA,NA,"ohdsi_results"
2,28,439791,1,NA,NA,NA,NA,NA,NA,NA,3883,38853,204933,2101071,0,0,NA,NA,NA,NA,NA,NA,"ohdsi_results"
2,28,321689,1,0.969164844136021,0.766124662569824,1.20896534976808,0.787823068902289,NA,-0.0313205637723298,0.116373385478654,3834,38311,198735,2034036,82,924,0.420017940569276,0.895225740892842,0.70671243786101,1.13402437005753,-0.110679368049247,0.120641024702261,"ohdsi_results"
2,28,374375,1,NA,NA,NA,NA,NA,NA,NA,3883,38853,204933,2101071,0,0,NA,NA,NA,NA,NA,NA,"ohdsi_results"
2,28,4195873,1,NA,NA,NA,NA,NA,NA,NA,3883,38853,204933,2101071,0,0,NA,NA,NA,NA,NA,NA,"ohdsi_results"
2,28,4198492,1,NA,NA,NA,NA,NA,NA,NA,3883,38853,204933,2101071,0,0,NA,NA,NA,NA,NA,NA,"ohdsi_results"
2,28,439125,1,0.417048028035513,0.0233603371682143,1.96255879109908,0.439114791686037,NA,-0.874553888670368,1.13036893789376,3883,38836,204911,2098845,-5,30,0.400225931685132,0.385230781063698,0.0419921808739699,3.5340568551166,-0.95391269294727,1.13081626613191,"ohdsi_results"
2,28,4092879,1,NA,NA,NA,NA,NA,NA,NA,3883,38853,204933,2101071,0,0,NA,NA,NA,NA,NA,NA,"ohdsi_results"
2,28,199876,1,1.07183855581303,0.69586853397164,1.58140451354593,0.740436312628211,NA,0.0693754503864746,0.209419131099491,3863,38694,203010,2084143,26,239,0.855594705630911,0.990066314364346,0.653675891823146,1.49956778137412,-0.00998335389043348,0.21182035894577,"ohdsi_results"
2,28,438808,1,0.751531659335807,0.120546025945272,2.54010661437952,0.713348452066898,NA,-0.285641942485115,0.777547373136238,3881,38840,204714,2099593,-5,26,0.641001350698211,0.694196132478488,0.151035571697313,3.19069385398731,-0.365000746762007,0.778197538845063,"ohdsi_results"
2,28,443236,1,3.33577493292607,0.740782623732665,10.9580115345115,0.0796296320302425,NA,1.2047050160713,0.687287855538988,3882,38843,204764,2100249,-5,12,0.102660286639381,3.08128344094318,0.799991068926388,11.8680170469553,1.12534621179441,0.68802331963737,"ohdsi_results"
2,28,435371,1,2.46888818326068,0.374096593800786,9.61548697220864,0.275185229355264,NA,0.903767921067218,0.828233654603404,3882,38838,204851,2099944,-5,10,0.32029133179486,2.28053283857141,0.449286103352163,11.575764282489,0.824409116790306,0.828844061697472,"ohdsi_results"
2,28,443447,1,1.21599904675208,0.288557146519197,3.47904884713609,0.75814305025961,NA,0.195565999622677,0.635119085708781,3882,38830,204781,2098559,-5,29,0.854058717439924,1.123228575758,0.322980579567676,3.90624858958424,0.116207195345766,0.6359148881926,"ohdsi_results"
2,28,4248728,1,NA,NA,NA,NA,NA,NA,NA,3883,38853,204933,2101071,0,0,NA,NA,NA,NA,NA,NA,"ohdsi_results"
2,28,4275889,1,NA,NA,NA,NA,NA,NA,NA,3883,38853,204933,2101071,0,0,NA,NA,NA,NA,NA,NA,"ohdsi_results"
2,28,4098604,1,NA,NA,NA,NA,NA,NA,NA,3883,38853,204933,2101071,0,0,NA,NA,NA,NA,NA,NA,"ohdsi_results"
2,28,259995,1,1.09606326295141,0.0591445352868019,5.88706992534021,0.937704644491545,NA,0.0917249085309842,1.17362602690366,3882,38849,204889,2100498,-5,10,0.971452666236358,1.01244288066992,0.101393825287396,10.1094971386454,0.0123661042540562,1.17405687384347,"ohdsi_results"
2,28,434327,1,0.367691450885001,0.0206177667374165,1.72269739238725,0.375502540503969,NA,-1.00051114118996,1.12897314966287,3882,38833,204812,2099200,-5,34,0.340352670361898,0.3396396944546,0.0371238934234974,3.10730129335512,-1.07986994546685,1.12942103072909,"ohdsi_results"
2,28,4091513,1,NA,NA,NA,NA,NA,NA,NA,3883,38853,204933,2101071,0,0,NA,NA,NA,NA,NA,NA,"ohdsi_results"
2,28,436233,1,0.329531762756767,NA,3.76012142390882,NA,NA,-1.11008253285156,NA,3883,38849,204933,2100596,0,7,NA,NA,NA,NA,NA,NA,"ohdsi_results"
2,28,436246,1,2.25313280912389,0.649874657524893,6.01422042926347,0.152414694664663,NA,0.81232160739314,0.567638620759904,3882,38838,204749,2099390,-5,22,0.19870579145551,2.08123777970515,0.682950196852157,6.3424107872535,0.732962803116237,0.568528887367788,"ohdsi_results"
2,28,435516,1,0.542235004694252,0.0876665820250684,1.79606122382095,0.426909208239527,NA,-0.612055783517829,0.770373992346927,3879,38829,204248,2098211,-5,36,0.372757210100388,0.500867047285633,0.11051477854581,2.26999322948132,-0.691414587794739,0.771030206981538,"ohdsi_results"
2,28,4058388,1,NA,NA,NA,NA,NA,NA,NA,3883,38853,204933,2101071,0,0,NA,NA,NA,NA,NA,NA,"ohdsi_results"
2,28,439971,1,NA,NA,NA,NA,NA,NA,NA,3883,38853,204933,2101071,0,0,NA,NA,NA,NA,NA,NA,"ohdsi_results"
2,28,440382,1,1.98462070731528,0.102051627326858,12.4692559952469,0.576086539639816,NA,0.685427816443005,1.22592623531098,3883,38850,204933,2100721,-5,6,0.620816955676272,1.83321088651485,0.165710881287299,20.2802744655625,0.606069012166103,1.22633870786875,"ohdsi_results"
2,28,441267,1,1.02966284235397,0.0559581976072867,5.38210400811166,0.9799799759218,NA,0.0292314111345075,1.16487592415176,3881,38845,204830,2100016,-5,12,0.963463638318139,0.951108252113609,0.096898325957722,9.335629881091,-0.0501273931424038,1.16531000624806,"ohdsi_results"
2,28,439871,1,0.985716026010141,0.0540440877118535,5.02994202340213,0.990074422350617,NA,-0.014386971936124,1.15649155292031,3883,38852,204914,2100675,-5,12,0.936372325242321,0.910514207189947,0.0942990164539644,8.79156700324108,-0.0937457762130407,1.1569287808545,"ohdsi_results"
2,28,441553,1,NA,NA,NA,NA,NA,NA,NA,3883,38853,204933,2101071,0,0,NA,NA,NA,NA,NA,NA,"ohdsi_results"
2,28,4216708,1,NA,NA,NA,NA,NA,NA,NA,3883,38852,204933,2101028,0,0,NA,NA,NA,NA,NA,NA,"ohdsi_results"
2,28,4163735,1,0.335332074322923,NA,21.6551242848045,NA,NA,-1.09263397150182,NA,3883,38853,204933,2100954,0,-5,NA,NA,NA,NA,NA,NA,"ohdsi_results"
2,28,4176908,1,NA,NA,NA,NA,NA,NA,NA,3883,38853,204933,2101071,0,0,NA,NA,NA,NA,NA,NA,"ohdsi_results"
2,28,44782778,1,1.78098116347504,0.772445295982478,3.60167365669888,0.141695202917181,NA,0.577164427875983,0.392760464271263,3881,38829,204651,2098148,8,46,0.210219127533984,1.64510732228377,0.759944097165627,3.56128577342151,0.497805623599092,0.394046030671577,"ohdsi_results"
2,28,440068,1,1.10310632251074,0.378588388136117,2.56503399244523,0.840660046011663,NA,0.0981301295611652,0.488089948910389,3880,38832,204711,2098753,5,42,0.929961215555213,1.01894861418917,0.390668420600133,2.65764065793468,0.0187713252842485,0.489125025142648,"ohdsi_results"
2,28,435522,1,1.52115282950842,0.0811282490049983,8.52235812298855,0.723882761778619,NA,0.419468487853623,1.1873731276824,3882,38849,204834,2100555,-5,8,0.774087892224878,1.40510169869183,0.136978191200821,14.4133220504582,0.340109683576713,1.18779898818602,"ohdsi_results"
2,28,4008710,1,NA,NA,NA,NA,NA,NA,NA,3883,38853,204933,2101071,0,0,NA,NA,NA,NA,NA,NA,"ohdsi_results"
2,28,4119307,1,0.342491165718673,NA,23.4468640954009,NA,NA,-1.07150941513464,NA,3883,38853,204933,2100991,0,-5,NA,NA,NA,NA,NA,NA,"ohdsi_results"
2,28,4311591,1,1.44584542366511,0.874566565238922,2.26399912668851,0.128645229217325,NA,0.36869421875903,0.24264722501809,3877,38765,204017,2090834,20,147,0.24820432493637,1.33553961273845,0.826701051166905,2.15757081072521,0.289335414482125,0.244722634430143,"ohdsi_results"
2,28,4194160,1,NA,NA,NA,NA,NA,NA,NA,3883,38853,204933,2101071,0,0,NA,NA,NA,NA,NA,NA,"ohdsi_results"
2,28,40486120,1,NA,NA,NA,NA,NA,NA,NA,3883,38853,204933,2101071,0,0,NA,NA,NA,NA,NA,NA,"ohdsi_results"
2,28,4166231,1,0.898830436093127,0.533225003713588,1.42172914363743,0.66986201831347,NA,-0.106660876212341,0.250179504170151,3874,38733,203948,2087827,18,192,0.479630995537674,0.830257254952172,0.506460598711861,1.36106759569045,-0.186019680489238,0.25219293467556,"ohdsi_results"
2,28,46286594,1,1.63484156849959,0.376722908176764,4.98149335901667,0.455510415461237,NA,0.491545899653859,0.658679213262427,3883,38842,204830,2099300,-5,17,0.532281224262569,1.51011694579903,0.414656646006719,5.49961808631526,0.41218709537695,0.659446584627944,"ohdsi_results"
2,28,4344500,1,NA,NA,NA,NA,NA,NA,NA,3883,38853,204933,2101071,0,0,NA,NA,NA,NA,NA,NA,"ohdsi_results"
2,28,443792,1,0.653756354835175,0.274522329844451,1.31215982953583,0.28688549905617,NA,-0.425020543061071,0.399088246196628,3878,38784,204447,2092221,7,112,0.215172149428961,0.603880259031129,0.275530271815466,1.32352559609768,-0.504379347337988,0.400353494109581,"ohdsi_results"
2,28,4168212,1,NA,NA,NA,NA,NA,NA,NA,3883,38853,204933,2101071,0,0,NA,NA,NA,NA,NA,NA,"ohdsi_results"
2,28,440233,1,NA,NA,NA,NA,NA,NA,NA,3883,38853,204933,2101071,0,0,NA,NA,NA,NA,NA,NA,"ohdsi_results"
2,28,40479573,1,NA,NA,NA,NA,NA,NA,NA,3883,38853,204933,2101071,0,0,NA,NA,NA,NA,NA,NA,"ohdsi_results"
2,28,40483172,1,0.333285375989454,0.0187371929239338,1.5473684723121,0.32915701701141,NA,-1.09875617105032,1.1259902138825,3881,38834,204818,2098589,-5,39,0.297021141747619,0.307858512877542,0.0338473219883503,2.80012888416379,-1.17811497532723,1.12643928098793,"ohdsi_results"
2,28,4193634,1,NA,NA,NA,NA,NA,NA,NA,3883,38853,204933,2101071,0,0,NA,NA,NA,NA,NA,NA,"ohdsi_results"
2,28,259995,2,0.312725422317272,NA,7.54430938523843,NA,NA,-1.16242971843929,NA,3882,38849,115172,1151088,0,-5,NA,NA,NA,NA,NA,NA,"ohdsi_results"
2,28,13,2,1.08764910614713,0.725050418214257,1.56869476804989,0.669562306252259,NA,0.0840185836829181,0.19688065850419,3859,38527,114144,1137245,29,298,0.715474397890477,0.929119817188901,0.629881412019798,1.37051771685875,-0.0735175741156695,0.19832310244197,"ohdsi_results"
2,28,138821,2,NA,NA,NA,NA,NA,NA,NA,3883,38853,115202,1151259,0,0,NA,NA,NA,NA,NA,NA,"ohdsi_results"
2,28,199876,2,1.19204674975741,0.665985797423871,1.98151469629256,0.527674272657581,NA,0.175671787469229,0.278155234695924,3863,38694,114428,1144722,15,121,0.846925008603808,1.01830107886412,0.589168340064188,1.76000137261766,0.0181356296706383,0.279178068368394,"ohdsi_results"
2,28,435516,2,0.448519302814827,0.0249394092841872,2.16780211012179,0.481483231077259,NA,-0.80180355980334,1.13905660040188,3879,38829,115077,1150237,-5,21,0.40186143383332,0.383145786891889,0.0410756403791863,3.5739112685238,-0.959339717601935,1.13930680599575,"ohdsi_results"
2,28,12,2,0.774948201382603,0.521916435824961,1.10709533679289,0.183834898135983,NA,-0.254959088788151,0.191837086358441,3848,38521,113697,1135955,30,360,0.0453969643187378,0.661996343425559,0.453214420491622,0.966957667042958,-0.41249524658673,0.193317166779516,"ohdsi_results"
2,28,20,2,1.75051161652846,0.40537929714424,5.27716339169256,0.392422785667504,NA,0.55990809751079,0.65468571136237,3879,38835,115071,1150478,-5,18,0.538750540678416,1.49536741578119,0.414102604424947,5.3999266951855,0.402371939712197,0.655120935347985,"ohdsi_results"
2,28,321689,2,1.00210062340085,0.739039383001745,1.32811046152799,0.988803579245263,NA,0.00209842017640794,0.149533689966949,3834,38311,112977,1127686,50,524,0.358775653869882,0.856040374378918,0.636207313057249,1.15183385592562,-0.155437737622179,0.15142781681149,"ohdsi_results"
2,28,15,2,1.30359746821407,0.874392814020857,1.87745169683552,0.173809254542375,NA,0.265127725830003,0.194937494592909,3845,38547,113628,1139019,31,209,0.596374375343826,1.11359282558094,0.757801340042689,1.63643017722227,0.10759156803141,0.196394210880368,"ohdsi_results"
2,28,197318,2,1.47948258015838,0.079422681843823,8.16902446192476,0.740354825030722,NA,0.391692418647804,1.18199130682217,3881,38841,115128,1150758,-5,8,0.841953806044549,1.26384196579753,0.124558883490637,12.8236258205625,0.234156260849218,1.18223242582512,"ohdsi_results"
2,28,435522,2,3.51444345001406,0.17914374089155,23.9498740598601,0.314220988620128,NA,1.25688117702608,1.24888260132528,3882,38849,115159,1151077,-5,-5,0.378442999059698,3.00219899721597,0.259534100237191,34.7283798570103,1.09934501922748,1.24911080820004,"ohdsi_results"
2,28,9,2,0.871831869086308,0.457219045408574,1.5073477897552,0.652210533710574,NA,-0.137158684344366,0.304328134747109,3871,38694,114677,1144356,12,156,0.350337303182463,0.744758821799047,0.409425678445512,1.35474087691186,-0.29469484214296,0.305263284506697,"ohdsi_results"
2,28,16,2,1.35642383990135,0.516539644543344,2.95536043200083,0.493270340192909,NA,0.304851706978466,0.444963241165713,3865,38790,114557,1148747,6,49,0.739931042146013,1.15871953834836,0.483815826903533,2.77508691094962,0.147315549179879,0.44560334969326,"ohdsi_results"
2,28,11,2,0.960651569836216,0.0522955963944429,4.99764656487273,0.972470363022708,NA,-0.0401435061661522,1.16323826891289,3883,38843,115198,1150782,-5,12,0.866387920803089,0.820632689259729,0.0839054274431925,8.02615553252013,-0.197679663964735,1.16348327428142,"ohdsi_results"
2,28,440068,2,1.17102541618892,0.27607985846988,3.40237842311165,0.805362132378721,NA,0.157879789067414,0.64071071099136,3880,38832,115053,1150204,-5,24,0.934483135222931,1.00034369031681,0.284706087361706,3.51480893165913,0.000343631268819422,0.641155421444922,"ohdsi_results"
2,28,313601,2,NA,NA,NA,NA,NA,NA,NA,3883,38853,115202,1151259,0,0,NA,NA,NA,NA,NA,NA,"ohdsi_results"
2,28,8,2,0.350036367880899,NA,119.569089586942,NA,NA,-1.04971822166562,NA,3883,38852,115202,1151226,0,-5,NA,NA,NA,NA,NA,NA,"ohdsi_results"
2,28,19,2,660936839072044,4.36270188628159,NA,NA,NA,34.1246793976172,NA,3883,38853,115202,1151259,-5,0,NA,NA,NA,NA,NA,NA,"ohdsi_results"
2,28,17,2,1.12165829475157,0.33487950983248,2.80768915072644,0.832380564783693,NA,0.114808210583408,0.542445238661599,3880,38817,115053,1149529,-5,40,0.913376985973218,0.958172027980333,0.330572113022689,2.77728700950927,-0.0427279472151838,0.542970437699698,"ohdsi_results"
2,28,10,2,1.20227804479093,0.285826269373242,3.42657211432036,0.771267558311526,NA,0.184218127824695,0.633667633679117,3880,38835,115051,1150306,-5,29,0.927703185854816,1.02704112095805,0.296364528359885,3.55917582301851,0.0266819700261038,0.634117283506494,"ohdsi_results"
2,28,21,2,0.563274274587228,0.136791736820974,1.53555471035335,0.352139951000279,NA,-0.573988603239853,0.616895868656232,3880,38802,115076,1148956,-5,56,0.240824011438621,0.481174753947621,0.143485156846903,1.61361041744263,-0.731524761038443,0.617357734246759,"ohdsi_results"
2,28,196456,2,1.06116800534222,0.669942902335548,1.60017450891873,0.789242320591251,NA,0.0593701933190436,0.222115173764295,3863,38588,114328,1140439,23,219,0.678021985619487,0.906498444726249,0.585077121713051,1.40449762910765,-0.0981659644795485,0.223394739610194,"ohdsi_results"
2,28,435371,2,1.6530325867641,0.0880660072290765,9.40291558946456,0.673154657288354,NA,0.502611532355466,1.19152405621828,3882,38838,115162,1150720,-5,7,0.771149970548374,1.41209635179327,0.136594626954938,14.5980566820217,0.345075374556885,1.19176324654523,"ohdsi_results"
2,28,436246,2,1.81151923434716,0.279979783396487,6.70899185575754,0.463419681439732,NA,0.594165849208391,0.810343098210682,3882,38838,115149,1150620,-5,13,0.5894132636947,1.54748292472107,0.315908443448469,7.58037162971218,0.436629691409806,0.810694761354016,"ohdsi_results"
2,28,138278,2,NA,NA,NA,NA,NA,NA,NA,3883,38853,115202,1151259,0,0,NA,NA,NA,NA,NA,NA,"ohdsi_results"
2,28,434164,2,NA,NA,NA,NA,NA,NA,NA,3883,38853,115202,1151259,0,0,NA,NA,NA,NA,NA,NA,"ohdsi_results"
2,28,440233,2,NA,NA,NA,NA,NA,NA,NA,3883,38853,115202,1151259,0,0,NA,NA,NA,NA,NA,NA,"ohdsi_results"
2,28,18,2,1.52763942917447,0.623805201386326,3.21084611031971,0.310706137923875,NA,0.423723687226528,0.417980033745073,3883,38853,115202,1151259,7,45,0.527129625644318,1.30497975784952,0.574431894383241,2.96461980096955,0.266187529427938,0.418661400034317,"ohdsi_results"
2,28,7,2,1.03448446611337,0.7836748948544,1.33960901182296,0.804227221801625,NA,0.0339032022505795,0.136772617496341,3813,38178,112310,1121948,60,611,0.435628721492666,0.883704140064806,0.673170789291839,1.1600815418465,-0.123632955548018,0.138840945567088,"ohdsi_results"
2,28,434327,2,0.699977681121714,0.0385082675804632,3.50867779864828,0.756643981499498,NA,-0.356706828558878,1.1510725770861,3882,38833,115167,1150465,-5,16,0.657066242071876,0.597953081967721,0.0626125803565395,5.7104800057541,-0.514242986357473,1.15132017136364,"ohdsi_results"
2,28,78200,2,1.28510204186692,0.487332949720987,2.82082155685301,0.575479715557819,NA,0.250838125207545,0.447925549422155,3880,38812,115054,1149473,6,43,0.829302684709123,1.0977931829854,0.455726567689506,2.64445823011641,0.0933019674089621,0.448561430680679,"ohdsi_results"
2,28,436233,2,0.327735312218011,NA,4.1678265999339,NA,NA,-1.11554897132264,NA,3883,38849,115202,1151078,0,6,NA,NA,NA,NA,NA,NA,"ohdsi_results"
2,28,433753,2,1.6962186112851,0.897871281166968,2.95131010212607,0.0817507270475522,NA,0.528401427226439,0.303571326815489,3875,38751,114750,1146904,13,86,0.234524740206643,1.44898783727445,0.797749202894839,2.63186192471324,0.370865269427853,0.304508800749145,"ohdsi_results"
2,28,443792,2,0.307993444441318,0.0504015824936187,0.989275525499264,0.120969462545263,NA,-1.17767678051651,0.759440054263081,3878,38784,115009,1148313,-5,63,0.0807381105742698,0.263102144963278,0.059342857160358,1.16648813347865,-1.33521293831508,0.759815277082709,"ohdsi_results"
2,28,73754,2,1.44737208271812,0.66761161576797,2.77905153360277,0.309490934955459,NA,0.369749555380862,0.363822599248845,3877,38785,114895,1148278,9,64,0.563963292750337,1.23641170419669,0.605076949887146,2.52647849593298,0.212213397582275,0.3646051878311,"ohdsi_results"
2,28,439871,2,1.93206860660309,0.102116397137679,11.3685240728882,0.583810590384691,NA,0.658591245823962,1.20218802373905,3883,38852,115196,1151161,-5,6,0.67594649634931,1.65046173477994,0.156350532715602,17.4225433751976,0.501055088025353,1.20242509275662,"ohdsi_results"
2,28,439971,2,NA,NA,NA,NA,NA,NA,NA,3883,38853,115202,1151259,0,0,NA,NA,NA,NA,NA,NA,"ohdsi_results"
2,28,440382,2,0.330777383741315,NA,6.71440578663991,NA,NA,-1.10630968654553,NA,3883,38850,115202,1151142,0,5,NA,NA,NA,NA,NA,NA,"ohdsi_results"
2,28,441267,2,1.25371801909673,0.0671269640705539,6.91204349177321,0.848327503803781,NA,0.226113551770648,1.18227549764562,3881,38845,115125,1150921,-5,9,0.947657482059712,1.07098350941138,0.105492810827362,10.8728326455171,0.0685773939720775,1.18251655870113,"ohdsi_results"
2,28,4098604,2,NA,NA,NA,NA,NA,NA,NA,3883,38853,115202,1151259,0,0,NA,NA,NA,NA,NA,NA,"ohdsi_results"
2,28,432303,2,0.33262077907613,NA,1.37877289638955,NA,NA,-1.1007522395021,NA,3879,38834,115082,1150366,0,24,NA,NA,NA,NA,NA,NA,"ohdsi_results"
2,28,433270,2,NA,NA,NA,NA,NA,NA,NA,3883,38853,115202,1151259,0,0,NA,NA,NA,NA,NA,NA,"ohdsi_results"
2,28,4119307,2,0.342491165718673,NA,23.4468640954011,NA,NA,-1.07150941513464,NA,3883,38853,115202,1151205,0,-5,NA,NA,NA,NA,NA,NA,"ohdsi_results"
2,28,4163735,2,0.335372320521495,NA,21.6715471752848,NA,NA,-1.09251395976809,NA,3883,38853,115202,1151228,0,-5,NA,NA,NA,NA,NA,NA,"ohdsi_results"
2,28,439125,2,0.724720421538765,0.0399808049095094,3.59705109854333,0.779094748832308,NA,-0.321969323963855,1.14784511942319,3883,38836,115180,1150481,-5,17,0.678052207900544,0.619089467152177,0.0652370828924839,5.87505987921645,-0.47950548176243,1.14809340972449,"ohdsi_results"
2,28,443447,2,0.53552695753089,0.0297235860978384,2.60380634749268,0.584164411811882,NA,-0.62450404950072,1.14103850712834,3882,38830,115162,1150309,-5,20,0.495213464388438,0.457471721411522,0.0488537504508372,4.28381391315751,-0.782040207299303,1.14128827822721,"ohdsi_results"
2,28,439791,2,NA,NA,NA,NA,NA,NA,NA,3883,38853,115202,1151259,0,0,NA,NA,NA,NA,NA,NA,"ohdsi_results"
2,28,6,2,0.934577246188544,0.682063397460329,1.24982504468043,0.661437091844195,NA,-0.0676609950548257,0.154501880990126,3827,38371,112819,1129901,47,465,0.193233467618768,0.798358804526185,0.58765823012481,1.08460453387868,-0.225197152853426,0.156335826024137,"ohdsi_results"
2,28,374375,2,NA,NA,NA,NA,NA,NA,NA,3883,38853,115202,1151259,0,0,NA,NA,NA,NA,NA,NA,"ohdsi_results"
2,28,438808,2,1.86547775417826,0.286650121756882,7.04705906812156,0.445288777257499,NA,0.623517188750436,0.816878089715206,3881,38840,115095,1150773,-5,11,0.567828070254166,1.59357677042729,0.321179751146245,7.90674665567297,0.465981030951852,0.817226940773449,"ohdsi_results"
2,28,4008710,2,NA,NA,NA,NA,NA,NA,NA,3883,38853,115202,1151259,0,0,NA,NA,NA,NA,NA,NA,"ohdsi_results"
2,28,22,2,0.521413420813975,0.0846089419997563,1.7108273898628,0.395877144954934,NA,-0.651212037856245,0.767027468742113,3880,38804,115084,1149208,-5,42,0.295470701510177,0.445415290178137,0.098981475599897,2.00436273072378,-0.808748195654843,0.76739898167387,"ohdsi_results"
2,28,4176908,2,NA,NA,NA,NA,NA,NA,NA,3883,38853,115202,1151259,0,0,NA,NA,NA,NA,NA,NA,"ohdsi_results"
2,28,25518,2,3.00855642539601,0.152897438961511,20.6656161511518,0.378863589507572,NA,1.10146037082764,1.25167074965134,3883,38852,115187,1151156,-5,-5,0.450353941063193,2.5700470677243,0.220964846020348,29.8922749445408,0.943924213029035,1.25189844827842,"ohdsi_results"
2,28,4193634,2,NA,NA,NA,NA,NA,NA,NA,3883,38853,115202,1151259,0,0,NA,NA,NA,NA,NA,NA,"ohdsi_results"
2,28,4166231,2,0.667151318240796,0.297757631628805,1.28940257003352,0.279038161330454,NA,-0.404738394867014,0.373898305972573,3874,38733,114814,1146251,8,107,0.142342897368288,0.569911295231068,0.27346151958736,1.18773158622853,-0.562274552665599,0.374659849034199,"ohdsi_results"
2,28,438130,2,0.326753394262935,NA,2.83309331692867,NA,NA,-1.11854953858093,NA,3883,38838,115202,1150653,0,9,NA,NA,NA,NA,NA,NA,"ohdsi_results"
2,28,443236,2,5.43767507545015,1.12150869218029,21.1900764186923,0.0239059210892987,NA,1.6933515936804,0.749722488874343,3882,38843,115135,1150879,-5,6,0.0413520073815592,4.64511177684126,1.06784372897797,20.2061994970007,1.53581543588182,0.750102572714621,"ohdsi_results"
2,28,4091513,2,NA,NA,NA,NA,NA,NA,NA,3883,38853,115202,1151259,0,0,NA,NA,NA,NA,NA,NA,"ohdsi_results"
2,28,374801,2,0.341261442096667,NA,13.4367502732279,NA,NA,-1.07510640309148,NA,3883,38849,115202,1151108,0,-5,NA,NA,NA,NA,NA,NA,"ohdsi_results"
2,28,378256,2,NA,NA,NA,NA,NA,NA,NA,3883,38853,115202,1151259,0,0,NA,NA,NA,NA,NA,NA,"ohdsi_results"
2,28,4092879,2,NA,NA,NA,NA,NA,NA,NA,3883,38853,115202,1151259,0,0,NA,NA,NA,NA,NA,NA,"ohdsi_results"
2,28,4168212,2,NA,NA,NA,NA,NA,NA,NA,3883,38853,115202,1151259,0,0,NA,NA,NA,NA,NA,NA,"ohdsi_results"
2,28,4058388,2,NA,NA,NA,NA,NA,NA,NA,3883,38853,115202,1151259,0,0,NA,NA,NA,NA,NA,NA,"ohdsi_results"
2,28,4216708,2,NA,NA,NA,NA,NA,NA,NA,3883,38852,115202,1151229,0,0,NA,NA,NA,NA,NA,NA,"ohdsi_results"
2,28,4248728,2,NA,NA,NA,NA,NA,NA,NA,3883,38853,115202,1151259,0,0,NA,NA,NA,NA,NA,NA,"ohdsi_results"
2,28,4275889,2,NA,NA,NA,NA,NA,NA,NA,3883,38853,115202,1151259,0,0,NA,NA,NA,NA,NA,NA,"ohdsi_results"
2,28,441553,2,NA,NA,NA,NA,NA,NA,NA,3883,38853,115202,1151259,0,0,NA,NA,NA,NA,NA,NA,"ohdsi_results"
2,28,4209423,2,1.1946157979845,0.894495504434668,1.5639020781432,0.212143960009595,NA,0.177824625725946,0.142522882185255,3827,38323,112739,1128264,56,499,0.724769971720128,1.02049567784427,0.768785076605385,1.35461972427621,0.0202884679273581,0.144508931265696,"ohdsi_results"
2,28,4311591,2,1.3955343293001,0.741738307138294,2.41377398660958,0.268213932313813,NA,0.333277373691735,0.30101325466338,3877,38765,114851,1147219,13,96,0.566038666821652,1.19212951455757,0.65962294457766,2.15452296067291,0.175741215893154,0.30195867060279,"ohdsi_results"
2,28,4344500,2,NA,NA,NA,NA,NA,NA,NA,3883,38853,115202,1151259,0,0,NA,NA,NA,NA,NA,NA,"ohdsi_results"
2,28,4022076,2,NA,NA,NA,NA,NA,NA,NA,3883,38853,115202,1151259,0,0,NA,NA,NA,NA,NA,NA,"ohdsi_results"
2,28,4049367,2,0.343013656118258,NA,14.9578824993098,NA,NA,-1.06998501885289,NA,3883,38845,115202,1151003,0,-5,NA,NA,NA,NA,NA,NA,"ohdsi_results"
2,28,40479573,2,NA,NA,NA,NA,NA,NA,NA,3883,38853,115202,1151259,0,0,NA,NA,NA,NA,NA,NA,"ohdsi_results"
2,28,40483172,2,0.527848678307115,0.0293970831535367,2.53472069715272,0.574143730315835,NA,-0.63894563046713,1.13699621766394,3881,38834,115126,1150406,-5,23,0.485702738413276,0.450912582670534,0.0485362320260852,4.18907996610328,-0.796481788265737,1.13724687656254,"ohdsi_results"
2,28,4194160,2,NA,NA,NA,NA,NA,NA,NA,3883,38853,115202,1151259,0,0,NA,NA,NA,NA,NA,NA,"ohdsi_results"
2,28,4195873,2,NA,NA,NA,NA,NA,NA,NA,3883,38853,115202,1151259,0,0,NA,NA,NA,NA,NA,NA,"ohdsi_results"
2,28,40486120,2,NA,NA,NA,NA,NA,NA,NA,3883,38853,115202,1151259,0,0,NA,NA,NA,NA,NA,NA,"ohdsi_results"
2,28,4198492,2,NA,NA,NA,NA,NA,NA,NA,3883,38853,115202,1151259,0,0,NA,NA,NA,NA,NA,NA,"ohdsi_results"
2,28,44782778,2,1.63643288801432,0.553444479748765,3.90766002194843,0.323262897974307,NA,0.492518804655507,0.49861441073942,3881,38829,115104,1150095,5,30,0.503160587107208,1.39791612677342,0.525500887753054,3.71867972640141,0.334982646856915,0.499185726825376,"ohdsi_results"
2,28,46286594,2,1.24580419776179,0.193940572847144,4.53484304179651,0.784601455758912,NA,0.219781263363291,0.80409486852774,3883,38842,115187,1150725,-5,15,0.927296252065273,1.06422315978166,0.219929887313742,5.14969087489235,0.0622451055646991,0.804449263074936,"ohdsi_results"
