"outcome_id","outcome_name"
378256,"Abnormal reflex"
4092879,"Absent kidney"
433753,"Alcohol abuse"
321689,"Apnea"
78200,"Benign mammary dysplasia"
4195873,"Breath smells unpleasant"
443792,"Calculus of bile duct"
434327,"Cannabis abuse"
197318,"Cholesterolosis of gallbladder"
432303,"Cocaine abuse"
439125,"Complete trisomy 21 syndrome"
433270,"Cord entanglement without compression"
4311591,"Cramp in limb"
441267,"Cystic fibrosis"
40486120,"Delay in physiological development"
436233,"Delayed milestone"
439791,"Emotional upset"
374801,"Foreign body in ear"
259995,"Foreign body in orifice"
196456,"Gallstone"
4166231,"Genetic predisposition"
434164,"Glycosuria"
4163735,"Hemochromatosis"
439871,"Hemospermia"
4058388,"Hypertrophic scar"
435522,"Hypervitaminosis D"
443236,"Hypnotic or anxiolytic dependence"
4098604,"Hypomagnesemia"
435371,"Hypothermia"
443447,"Iatrogenic hypotension"
374375,"Impacted cerumen"
4344500,"Impingement syndrome of shoulder region"
440382,"Learning difficulties"
435516,"Lipoprotein deficiency disorder"
438808,"Mammary duct ectasia"
441553,"Myoclonus"
4119307,"Neurogenic claudication"
4209423,"Nicotine dependence"
438130,"Opioid abuse"
313601,"Oxygen supply absent"
44782778,"Pain disorder with psychological factor"
4091513,"Passing flatus"
4022076,"Patient dependence on care provider"
439971,"Poisoning by anticoagulant"
46286594,"Problem related to lifestyle"
199876,"Prolapse of female genital organs"
4049367,"Psychologic conversion disorder"
440068,"Psychosexual dysfunction"
436246,"Reduced libido"
73754,"Restless legs"
4168212,"Restlessness and agitation"
138821,"Seborrhea"
4198492,"Shoulder joint unstable"
25518,"Sickle cell trait"
4176908,"Snapping thumb syndrome"
4248728,"Snoring"
138278,"Sprains and strains of joints and adjacent muscles"
4008710,"Stenosis due to any device, implant AND/OR graft"
40479573,"Stimulant abuse"
40483172,"Stimulant dependence"
440233,"Strain of supraspinatus muscle AND/OR tendon"
4194160,"Thyroid function tests abnormal"
4216708,"Urgent desire for stool"
4275889,"Visual hallucinations"
4193634,"Worried"
378256,"Abnormal reflex"
4092879,"Absent kidney"
433753,"Alcohol abuse"
321689,"Apnea"
78200,"Benign mammary dysplasia"
4195873,"Breath smells unpleasant"
443792,"Calculus of bile duct"
434327,"Cannabis abuse"
197318,"Cholesterolosis of gallbladder"
432303,"Cocaine abuse"
439125,"Complete trisomy 21 syndrome"
433270,"Cord entanglement without compression"
4311591,"Cramp in limb"
441267,"Cystic fibrosis"
40486120,"Delay in physiological development"
436233,"Delayed milestone"
439791,"Emotional upset"
374801,"Foreign body in ear"
259995,"Foreign body in orifice"
196456,"Gallstone"
4166231,"Genetic predisposition"
434164,"Glycosuria"
4163735,"Hemochromatosis"
439871,"Hemospermia"
4058388,"Hypertrophic scar"
435522,"Hypervitaminosis D"
443236,"Hypnotic or anxiolytic dependence"
4098604,"Hypomagnesemia"
435371,"Hypothermia"
443447,"Iatrogenic hypotension"
374375,"Impacted cerumen"
4344500,"Impingement syndrome of shoulder region"
440382,"Learning difficulties"
435516,"Lipoprotein deficiency disorder"
438808,"Mammary duct ectasia"
441553,"Myoclonus"
4119307,"Neurogenic claudication"
4209423,"Nicotine dependence"
438130,"Opioid abuse"
313601,"Oxygen supply absent"
44782778,"Pain disorder with psychological factor"
4091513,"Passing flatus"
4022076,"Patient dependence on care provider"
439971,"Poisoning by anticoagulant"
46286594,"Problem related to lifestyle"
199876,"Prolapse of female genital organs"
4049367,"Psychologic conversion disorder"
440068,"Psychosexual dysfunction"
436246,"Reduced libido"
73754,"Restless legs"
4168212,"Restlessness and agitation"
138821,"Seborrhea"
4198492,"Shoulder joint unstable"
25518,"Sickle cell trait"
4176908,"Snapping thumb syndrome"
4248728,"Snoring"
138278,"Sprains and strains of joints and adjacent muscles"
4008710,"Stenosis due to any device, implant AND/OR graft"
40479573,"Stimulant abuse"
40483172,"Stimulant dependence"
440233,"Strain of supraspinatus muscle AND/OR tendon"
4194160,"Thyroid function tests abnormal"
4216708,"Urgent desire for stool"
4275889,"Visual hallucinations"
4193634,"Worried"
