"target_id","comparator_id","outcome_id","analysis_id","rr","ci_95_lb","ci_95_ub","p","i_2","log_rr","se_log_rr","target_subjects","comparator_subjects","target_days","comparator_days","target_outcomes","comparator_outcomes","calibrated_p","calibrated_rr","calibrated_ci_95_lb","calibrated_ci_95_ub","calibrated_log_rr","calibrated_se_log_rr","database_id"
137,143,6,1,0.338463606929966,NA,21.5601081800266,NA,NA,-1.08333870517201,NA,23,170,1464,15017,0,-5,NA,NA,NA,NA,NA,NA,"Synpuf"
137,143,7,1,1.01831806941805,0.0483448443900462,8.88616335980829,0.989111332772081,NA,0.0181523147282692,1.33009869651065,23,168,1439,14226,-5,9,NA,NA,NA,NA,NA,NA,"Synpuf"
137,143,18,1,NA,NA,NA,NA,NA,NA,NA,23,171,1464,15606,0,-5,NA,NA,NA,NA,NA,NA,"Synpuf"
137,143,8,1,NA,NA,NA,NA,NA,NA,NA,23,171,1464,15606,0,0,NA,NA,NA,NA,NA,NA,"Synpuf"
137,143,19,1,NA,NA,NA,NA,NA,NA,NA,23,171,1464,15606,0,0,NA,NA,NA,NA,NA,NA,"Synpuf"
137,143,20,1,NA,NA,NA,NA,NA,NA,NA,23,171,1464,15606,0,0,NA,NA,NA,NA,NA,NA,"Synpuf"
137,143,9,1,NA,NA,NA,NA,NA,NA,NA,22,171,1167,15606,-5,0,NA,NA,NA,NA,NA,NA,"Synpuf"
137,143,10,1,NA,NA,NA,NA,NA,NA,NA,23,171,1464,15606,0,0,NA,NA,NA,NA,NA,NA,"Synpuf"
137,143,259995,1,NA,NA,NA,NA,NA,NA,NA,23,171,1464,15606,0,0,NA,NA,NA,NA,NA,NA,"Synpuf"
137,143,313601,1,NA,NA,NA,NA,NA,NA,NA,23,171,1464,15606,0,0,NA,NA,NA,NA,NA,NA,"Synpuf"
137,143,11,1,NA,NA,NA,NA,NA,NA,NA,23,171,1464,15606,0,0,NA,NA,NA,NA,NA,NA,"Synpuf"
137,143,12,1,0.343363537415409,NA,86.8140688820862,NA,NA,-1.06896551724138,NA,23,170,1464,15359,0,-5,NA,NA,NA,NA,NA,NA,"Synpuf"
137,143,17,1,NA,NA,NA,NA,NA,NA,NA,23,171,1464,15606,0,0,NA,NA,NA,NA,NA,NA,"Synpuf"
137,143,432303,1,NA,NA,NA,NA,NA,NA,NA,23,171,1464,15606,0,0,NA,NA,NA,NA,NA,NA,"Synpuf"
137,143,13,1,2.41962212336941,0.0827515645093553,36.7673211374703,0.569938230322615,NA,0.883611380608314,1.55526373051347,23,171,1210,15047,-5,-5,NA,NA,NA,NA,NA,NA,"Synpuf"
137,143,15,1,0.344651159810853,NA,14.4847712047259,NA,NA,-1.0652225044716,NA,23,168,1464,14556,0,-5,NA,NA,NA,NA,NA,NA,"Synpuf"
137,143,16,1,NA,NA,NA,NA,NA,NA,NA,23,168,1464,15336,0,0,NA,NA,NA,NA,NA,NA,"Synpuf"
137,143,199876,1,NA,NA,NA,NA,NA,NA,NA,23,170,1464,15590,0,0,NA,NA,NA,NA,NA,NA,"Synpuf"
137,143,25518,1,NA,NA,NA,NA,NA,NA,NA,23,171,1464,15518,0,-5,NA,NA,NA,NA,NA,NA,"Synpuf"
137,143,196456,1,NA,NA,NA,NA,NA,NA,NA,23,171,1464,15585,0,-5,NA,NA,NA,NA,NA,NA,"Synpuf"
137,143,443236,1,NA,NA,NA,NA,NA,NA,NA,23,171,1452,15606,-5,0,NA,NA,NA,NA,NA,NA,"Synpuf"
137,143,443447,1,0.135335283236613,NA,6.74973718640703,NA,NA,-2,NA,23,171,1464,15575,0,-5,NA,NA,NA,NA,NA,NA,"Synpuf"
137,143,197318,1,NA,NA,NA,NA,NA,NA,NA,23,171,1464,15606,0,0,NA,NA,NA,NA,NA,NA,"Synpuf"
137,143,378256,1,NA,NA,NA,NA,NA,NA,NA,23,171,1464,15606,0,0,NA,NA,NA,NA,NA,NA,"Synpuf"
137,143,438130,1,NA,NA,NA,NA,NA,NA,NA,23,171,1464,15606,0,0,NA,NA,NA,NA,NA,NA,"Synpuf"
137,143,73754,1,NA,NA,NA,NA,NA,NA,NA,23,171,1464,15268,0,-5,NA,NA,NA,NA,NA,NA,"Synpuf"
137,143,21,1,NA,NA,NA,NA,NA,NA,NA,23,171,1464,15606,0,0,NA,NA,NA,NA,NA,NA,"Synpuf"
137,143,4168212,1,NA,NA,NA,NA,NA,NA,NA,23,171,1464,15606,0,0,NA,NA,NA,NA,NA,NA,"Synpuf"
137,143,22,1,NA,NA,NA,NA,NA,NA,NA,23,171,1210,15606,-5,0,NA,NA,NA,NA,NA,NA,"Synpuf"
137,143,4176908,1,NA,NA,NA,NA,NA,NA,NA,23,171,1464,15606,0,0,NA,NA,NA,NA,NA,NA,"Synpuf"
137,143,321689,1,2.05675735786858,0.105230900510996,12.8798831007018,0.556517157424608,NA,0.721130644485363,1.22636563050076,23,169,1456,14856,-5,7,NA,NA,NA,NA,NA,NA,"Synpuf"
137,143,436246,1,NA,NA,NA,NA,NA,NA,NA,23,171,1464,15606,0,0,NA,NA,NA,NA,NA,NA,"Synpuf"
137,143,443792,1,NA,NA,NA,NA,NA,NA,NA,23,171,1464,15606,0,0,NA,NA,NA,NA,NA,NA,"Synpuf"
137,143,46286594,1,NA,NA,NA,NA,NA,NA,NA,23,171,1464,15606,0,0,NA,NA,NA,NA,NA,NA,"Synpuf"
137,143,435522,1,NA,NA,NA,NA,NA,NA,NA,23,170,1464,15583,0,0,NA,NA,NA,NA,NA,NA,"Synpuf"
137,143,374801,1,NA,NA,NA,NA,NA,NA,NA,23,171,1464,15606,0,0,NA,NA,NA,NA,NA,NA,"Synpuf"
137,143,436233,1,NA,NA,NA,NA,NA,NA,NA,23,171,1464,15606,0,0,NA,NA,NA,NA,NA,NA,"Synpuf"
137,143,78200,1,NA,NA,NA,NA,NA,NA,NA,23,170,1464,15585,0,0,NA,NA,NA,NA,NA,NA,"Synpuf"
137,143,138278,1,NA,NA,NA,NA,NA,NA,NA,23,171,1464,15606,0,0,NA,NA,NA,NA,NA,NA,"Synpuf"
137,143,441267,1,NA,NA,NA,NA,NA,NA,NA,23,171,1464,15606,0,0,NA,NA,NA,NA,NA,NA,"Synpuf"
137,143,441553,1,NA,NA,NA,NA,NA,NA,NA,23,171,1464,15606,0,0,NA,NA,NA,NA,NA,NA,"Synpuf"
137,143,138821,1,NA,NA,NA,NA,NA,NA,NA,23,171,1464,15606,0,0,NA,NA,NA,NA,NA,NA,"Synpuf"
137,143,433270,1,NA,NA,NA,NA,NA,NA,NA,23,171,1464,15606,0,0,NA,NA,NA,NA,NA,NA,"Synpuf"
137,143,433753,1,0.354972738393122,NA,165.549261812454,NA,NA,-1.03571428571429,NA,23,171,1464,15117,0,-5,NA,NA,NA,NA,NA,NA,"Synpuf"
137,143,435371,1,NA,NA,NA,NA,NA,NA,NA,23,171,1464,15606,0,0,NA,NA,NA,NA,NA,NA,"Synpuf"
137,143,435516,1,NA,NA,NA,NA,NA,NA,NA,23,171,1464,15606,0,0,NA,NA,NA,NA,NA,NA,"Synpuf"
137,143,4166231,1,0.344915125551036,NA,14.7194576285037,NA,NA,-1.06445690511246,NA,23,170,1464,14872,0,-5,NA,NA,NA,NA,NA,NA,"Synpuf"
137,143,374375,1,NA,NA,NA,NA,NA,NA,NA,23,171,1464,15606,0,0,NA,NA,NA,NA,NA,NA,"Synpuf"
137,143,440382,1,NA,NA,NA,NA,NA,NA,NA,23,171,1464,15606,0,0,NA,NA,NA,NA,NA,NA,"Synpuf"
137,143,439125,1,NA,NA,NA,NA,NA,NA,NA,23,171,1464,15606,0,0,NA,NA,NA,NA,NA,NA,"Synpuf"
137,143,4163735,1,NA,NA,NA,NA,NA,NA,NA,23,171,1464,15606,0,0,NA,NA,NA,NA,NA,NA,"Synpuf"
137,143,440068,1,NA,NA,NA,NA,NA,NA,NA,23,171,1464,15606,0,0,NA,NA,NA,NA,NA,NA,"Synpuf"
137,143,44782778,1,NA,NA,NA,NA,NA,NA,NA,23,171,1464,15527,0,-5,NA,NA,NA,NA,NA,NA,"Synpuf"
137,143,4198492,1,NA,NA,NA,NA,NA,NA,NA,23,171,1464,15606,0,0,NA,NA,NA,NA,NA,NA,"Synpuf"
137,143,434164,1,NA,NA,NA,NA,NA,NA,NA,23,171,1464,15606,0,0,NA,NA,NA,NA,NA,NA,"Synpuf"
137,143,440233,1,NA,NA,NA,NA,NA,NA,NA,23,171,1464,15606,0,0,NA,NA,NA,NA,NA,NA,"Synpuf"
137,143,4119307,1,NA,NA,NA,NA,NA,NA,NA,23,171,1464,15606,0,0,NA,NA,NA,NA,NA,NA,"Synpuf"
137,143,438808,1,NA,NA,NA,NA,NA,NA,NA,23,171,1464,15606,0,0,NA,NA,NA,NA,NA,NA,"Synpuf"
137,143,439971,1,NA,NA,NA,NA,NA,NA,NA,23,171,1464,15606,0,0,NA,NA,NA,NA,NA,NA,"Synpuf"
137,143,4092879,1,NA,NA,NA,NA,NA,NA,NA,23,171,1464,15606,0,0,NA,NA,NA,NA,NA,NA,"Synpuf"
137,143,4193634,1,NA,NA,NA,NA,NA,NA,NA,23,171,1464,15606,0,0,NA,NA,NA,NA,NA,NA,"Synpuf"
137,143,40479573,1,NA,NA,NA,NA,NA,NA,NA,23,171,1464,15606,0,0,NA,NA,NA,NA,NA,NA,"Synpuf"
137,143,4209423,1,0.563286202776563,0.0267640506939219,4.85837831760756,0.665335401473593,NA,-0.573967426943374,1.32691223606841,23,170,1447,13743,-5,7,NA,NA,NA,NA,NA,NA,"Synpuf"
137,143,4195873,1,NA,NA,NA,NA,NA,NA,NA,23,171,1464,15606,0,0,NA,NA,NA,NA,NA,NA,"Synpuf"
137,143,40486120,1,NA,NA,NA,NA,NA,NA,NA,23,171,1464,15606,0,0,NA,NA,NA,NA,NA,NA,"Synpuf"
137,143,4022076,1,NA,NA,NA,NA,NA,NA,NA,23,171,1464,15606,0,0,NA,NA,NA,NA,NA,NA,"Synpuf"
137,143,434327,1,NA,NA,NA,NA,NA,NA,NA,23,171,1464,15452,0,-5,NA,NA,NA,NA,NA,NA,"Synpuf"
137,143,4344500,1,NA,NA,NA,NA,NA,NA,NA,23,171,1464,15606,0,0,NA,NA,NA,NA,NA,NA,"Synpuf"
137,143,4216708,1,NA,NA,NA,NA,NA,NA,NA,23,171,1464,15606,0,0,NA,NA,NA,NA,NA,NA,"Synpuf"
137,143,40483172,1,NA,NA,NA,NA,NA,NA,NA,23,171,1464,15606,0,0,NA,NA,NA,NA,NA,NA,"Synpuf"
137,143,439791,1,NA,NA,NA,NA,NA,NA,NA,23,171,1464,15606,0,0,NA,NA,NA,NA,NA,NA,"Synpuf"
137,143,4091513,1,NA,NA,NA,NA,NA,NA,NA,23,171,1464,15606,0,0,NA,NA,NA,NA,NA,NA,"Synpuf"
137,143,4248728,1,NA,NA,NA,NA,NA,NA,NA,23,171,1464,15606,0,0,NA,NA,NA,NA,NA,NA,"Synpuf"
137,143,4008710,1,NA,NA,NA,NA,NA,NA,NA,23,171,1464,15606,0,0,NA,NA,NA,NA,NA,NA,"Synpuf"
137,143,4194160,1,NA,NA,NA,NA,NA,NA,NA,23,171,1464,15606,0,0,NA,NA,NA,NA,NA,NA,"Synpuf"
137,143,4311591,1,NA,NA,NA,NA,NA,NA,NA,23,170,1464,15586,0,0,NA,NA,NA,NA,NA,NA,"Synpuf"
137,143,439871,1,NA,NA,NA,NA,NA,NA,NA,23,171,1464,15606,0,0,NA,NA,NA,NA,NA,NA,"Synpuf"
137,143,4058388,1,NA,NA,NA,NA,NA,NA,NA,23,171,1464,15606,0,0,NA,NA,NA,NA,NA,NA,"Synpuf"
137,143,4098604,1,NA,NA,NA,NA,NA,NA,NA,23,171,1464,15606,0,0,NA,NA,NA,NA,NA,NA,"Synpuf"
137,143,4275889,1,NA,NA,NA,NA,NA,NA,NA,23,171,1464,15606,0,0,NA,NA,NA,NA,NA,NA,"Synpuf"
137,143,4049367,1,NA,NA,NA,NA,NA,NA,NA,23,171,1464,15606,0,0,NA,NA,NA,NA,NA,NA,"Synpuf"
137,143,21,2,0.337382336672117,NA,69.6149177830594,NA,NA,-1.08653846153846,NA,23,171,690,5077,0,-5,NA,NA,NA,NA,NA,NA,"Synpuf"
137,143,9,2,NA,NA,NA,NA,NA,NA,NA,22,171,660,5091,0,0,NA,NA,NA,NA,NA,NA,"Synpuf"
137,143,10,2,NA,NA,NA,NA,NA,NA,NA,23,171,690,5091,0,0,NA,NA,NA,NA,NA,NA,"Synpuf"
137,143,434164,2,NA,NA,NA,NA,NA,NA,NA,23,171,690,5091,0,0,NA,NA,NA,NA,NA,NA,"Synpuf"
137,143,25518,2,NA,NA,NA,NA,NA,NA,NA,23,171,690,5091,0,0,NA,NA,NA,NA,NA,NA,"Synpuf"
137,143,374375,2,NA,NA,NA,NA,NA,NA,NA,23,171,690,5091,0,0,NA,NA,NA,NA,NA,NA,"Synpuf"
137,143,11,2,NA,NA,NA,NA,NA,NA,NA,23,171,690,5091,0,0,NA,NA,NA,NA,NA,NA,"Synpuf"
137,143,6,2,6.26719855898772,0.229591801400819,171.076569538331,0.276675075658041,NA,1.8353294540002,1.68716456192182,23,170,687,5055,-5,-5,NA,NA,NA,NA,NA,NA,"Synpuf"
137,143,73754,2,0.358324675249903,NA,223.826727163518,NA,NA,-1.02631578947368,NA,23,171,690,5091,0,-5,NA,NA,NA,NA,NA,NA,"Synpuf"
137,143,8,2,NA,NA,NA,NA,NA,NA,NA,23,171,690,5091,0,0,NA,NA,NA,NA,NA,NA,"Synpuf"
137,143,20,2,NA,NA,NA,NA,NA,NA,NA,23,171,690,5091,0,0,NA,NA,NA,NA,NA,NA,"Synpuf"
137,143,12,2,NA,NA,NA,NA,NA,NA,NA,23,170,690,5061,0,0,NA,NA,NA,NA,NA,NA,"Synpuf"
137,143,138278,2,NA,NA,NA,NA,NA,NA,NA,23,171,690,5091,0,0,NA,NA,NA,NA,NA,NA,"Synpuf"
137,143,321689,2,4.87253822264639,0.241084172320458,38.0601382768266,0.220056073996533,NA,1.58361499693451,1.29129327851032,23,169,674,4985,-5,-5,NA,NA,NA,NA,NA,NA,"Synpuf"
137,143,439791,2,NA,NA,NA,NA,NA,NA,NA,23,171,690,5091,0,0,NA,NA,NA,NA,NA,NA,"Synpuf"
137,143,434327,2,NA,NA,NA,NA,NA,NA,NA,23,171,690,5091,0,0,NA,NA,NA,NA,NA,NA,"Synpuf"
137,143,7,2,1.7697977905089,0.0790524272510533,17.8204488205723,0.679590289160944,NA,0.570865297409213,1.38216586155063,23,168,678,4969,-5,-5,NA,NA,NA,NA,NA,NA,"Synpuf"
137,143,22,2,NA,NA,NA,NA,NA,NA,NA,23,171,690,5091,0,0,NA,NA,NA,NA,NA,NA,"Synpuf"
137,143,78200,2,NA,NA,NA,NA,NA,NA,NA,23,170,690,5061,0,0,NA,NA,NA,NA,NA,NA,"Synpuf"
137,143,16,2,NA,NA,NA,NA,NA,NA,NA,23,168,690,5001,0,0,NA,NA,NA,NA,NA,NA,"Synpuf"
137,143,432303,2,NA,NA,NA,NA,NA,NA,NA,23,171,690,5091,0,0,NA,NA,NA,NA,NA,NA,"Synpuf"
137,143,435516,2,NA,NA,NA,NA,NA,NA,NA,23,171,690,5091,0,0,NA,NA,NA,NA,NA,NA,"Synpuf"
137,143,433270,2,NA,NA,NA,NA,NA,NA,NA,23,171,690,5091,0,0,NA,NA,NA,NA,NA,NA,"Synpuf"
137,143,433753,2,NA,NA,NA,NA,NA,NA,NA,23,171,690,5091,0,0,NA,NA,NA,NA,NA,NA,"Synpuf"
137,143,435371,2,NA,NA,NA,NA,NA,NA,NA,23,171,690,5091,0,0,NA,NA,NA,NA,NA,NA,"Synpuf"
137,143,199876,2,0.342342888564632,NA,83.3107994866753,NA,NA,-1.07194244604317,NA,23,170,690,5060,0,-5,NA,NA,NA,NA,NA,NA,"Synpuf"
137,143,439871,2,NA,NA,NA,NA,NA,NA,NA,23,171,690,5091,0,0,NA,NA,NA,NA,NA,NA,"Synpuf"
137,143,438808,2,NA,NA,NA,NA,NA,NA,NA,23,171,690,5091,0,0,NA,NA,NA,NA,NA,NA,"Synpuf"
137,143,439125,2,NA,NA,NA,NA,NA,NA,NA,23,171,690,5091,0,0,NA,NA,NA,NA,NA,NA,"Synpuf"
137,143,197318,2,NA,NA,NA,NA,NA,NA,NA,23,171,690,5091,0,0,NA,NA,NA,NA,NA,NA,"Synpuf"
137,143,440068,2,NA,NA,NA,NA,NA,NA,NA,23,171,690,5091,0,0,NA,NA,NA,NA,NA,NA,"Synpuf"
137,143,4049367,2,NA,NA,NA,NA,NA,NA,NA,23,171,690,5091,0,0,NA,NA,NA,NA,NA,NA,"Synpuf"
137,143,138821,2,NA,NA,NA,NA,NA,NA,NA,23,171,690,5091,0,0,NA,NA,NA,NA,NA,NA,"Synpuf"
137,143,13,2,0.337093886977423,NA,19.3378153009301,NA,NA,-1.08739379105836,NA,23,171,690,5069,0,-5,NA,NA,NA,NA,NA,NA,"Synpuf"
137,143,15,2,0.342033776970376,NA,12.9645974910927,NA,NA,-1.07284578372501,NA,23,168,690,4975,0,-5,NA,NA,NA,NA,NA,NA,"Synpuf"
137,143,374801,2,NA,NA,NA,NA,NA,NA,NA,23,171,690,5091,0,0,NA,NA,NA,NA,NA,NA,"Synpuf"
137,143,439971,2,NA,NA,NA,NA,NA,NA,NA,23,171,690,5091,0,0,NA,NA,NA,NA,NA,NA,"Synpuf"
137,143,378256,2,NA,NA,NA,NA,NA,NA,NA,23,171,690,5091,0,0,NA,NA,NA,NA,NA,NA,"Synpuf"
137,143,436246,2,NA,NA,NA,NA,NA,NA,NA,23,171,690,5091,0,0,NA,NA,NA,NA,NA,NA,"Synpuf"
137,143,4058388,2,NA,NA,NA,NA,NA,NA,NA,23,171,690,5091,0,0,NA,NA,NA,NA,NA,NA,"Synpuf"
137,143,196456,2,NA,NA,NA,NA,NA,NA,NA,23,171,690,5091,0,0,NA,NA,NA,NA,NA,NA,"Synpuf"
137,143,436233,2,NA,NA,NA,NA,NA,NA,NA,23,171,690,5091,0,0,NA,NA,NA,NA,NA,NA,"Synpuf"
137,143,18,2,NA,NA,NA,NA,NA,NA,NA,23,171,690,5091,0,0,NA,NA,NA,NA,NA,NA,"Synpuf"
137,143,19,2,NA,NA,NA,NA,NA,NA,NA,23,171,690,5091,0,0,NA,NA,NA,NA,NA,NA,"Synpuf"
137,143,443792,2,NA,NA,NA,NA,NA,NA,NA,23,171,690,5091,0,0,NA,NA,NA,NA,NA,NA,"Synpuf"
137,143,4008710,2,NA,NA,NA,NA,NA,NA,NA,23,171,690,5091,0,0,NA,NA,NA,NA,NA,NA,"Synpuf"
137,143,435522,2,NA,NA,NA,NA,NA,NA,NA,23,170,690,5061,0,0,NA,NA,NA,NA,NA,NA,"Synpuf"
137,143,313601,2,NA,NA,NA,NA,NA,NA,NA,23,171,690,5091,0,0,NA,NA,NA,NA,NA,NA,"Synpuf"
137,143,4022076,2,NA,NA,NA,NA,NA,NA,NA,23,171,690,5091,0,0,NA,NA,NA,NA,NA,NA,"Synpuf"
137,143,4193634,2,NA,NA,NA,NA,NA,NA,NA,23,171,690,5091,0,0,NA,NA,NA,NA,NA,NA,"Synpuf"
137,143,438130,2,NA,NA,NA,NA,NA,NA,NA,23,171,690,5091,0,0,NA,NA,NA,NA,NA,NA,"Synpuf"
137,143,259995,2,NA,NA,NA,NA,NA,NA,NA,23,171,690,5091,0,0,NA,NA,NA,NA,NA,NA,"Synpuf"
137,143,440382,2,NA,NA,NA,NA,NA,NA,NA,23,171,690,5091,0,0,NA,NA,NA,NA,NA,NA,"Synpuf"
137,143,4091513,2,NA,NA,NA,NA,NA,NA,NA,23,171,690,5091,0,0,NA,NA,NA,NA,NA,NA,"Synpuf"
137,143,4092879,2,NA,NA,NA,NA,NA,NA,NA,23,171,690,5091,0,0,NA,NA,NA,NA,NA,NA,"Synpuf"
137,143,441267,2,NA,NA,NA,NA,NA,NA,NA,23,171,690,5091,0,0,NA,NA,NA,NA,NA,NA,"Synpuf"
137,143,4209423,2,1.48258549701894,0.0642379944271873,18.4689431684064,0.785111595266228,NA,0.393787521065928,1.44422322252887,23,170,686,5027,-5,-5,NA,NA,NA,NA,NA,NA,"Synpuf"
137,143,4194160,2,NA,NA,NA,NA,NA,NA,NA,23,171,690,5091,0,0,NA,NA,NA,NA,NA,NA,"Synpuf"
137,143,440233,2,NA,NA,NA,NA,NA,NA,NA,23,171,690,5091,0,0,NA,NA,NA,NA,NA,NA,"Synpuf"
137,143,443236,2,NA,NA,NA,NA,NA,NA,NA,23,171,673,5091,-5,0,NA,NA,NA,NA,NA,NA,"Synpuf"
137,143,4216708,2,NA,NA,NA,NA,NA,NA,NA,23,171,690,5091,0,0,NA,NA,NA,NA,NA,NA,"Synpuf"
137,143,443447,2,NA,NA,NA,NA,NA,NA,NA,23,171,690,5091,0,0,NA,NA,NA,NA,NA,NA,"Synpuf"
137,143,4248728,2,NA,NA,NA,NA,NA,NA,NA,23,171,690,5091,0,0,NA,NA,NA,NA,NA,NA,"Synpuf"
137,143,4163735,2,NA,NA,NA,NA,NA,NA,NA,23,171,690,5091,0,0,NA,NA,NA,NA,NA,NA,"Synpuf"
137,143,4166231,2,0.342863614857706,NA,85.0625126946085,NA,NA,-1.07042253521127,NA,23,170,690,5034,0,-5,NA,NA,NA,NA,NA,NA,"Synpuf"
137,143,17,2,NA,NA,NA,NA,NA,NA,NA,23,171,690,5091,0,0,NA,NA,NA,NA,NA,NA,"Synpuf"
137,143,4119307,2,NA,NA,NA,NA,NA,NA,NA,23,171,690,5091,0,0,NA,NA,NA,NA,NA,NA,"Synpuf"
137,143,4168212,2,NA,NA,NA,NA,NA,NA,NA,23,171,690,5091,0,0,NA,NA,NA,NA,NA,NA,"Synpuf"
137,143,4176908,2,NA,NA,NA,NA,NA,NA,NA,23,171,690,5091,0,0,NA,NA,NA,NA,NA,NA,"Synpuf"
137,143,4344500,2,NA,NA,NA,NA,NA,NA,NA,23,171,690,5091,0,0,NA,NA,NA,NA,NA,NA,"Synpuf"
137,143,40479573,2,NA,NA,NA,NA,NA,NA,NA,23,171,690,5091,0,0,NA,NA,NA,NA,NA,NA,"Synpuf"
137,143,4275889,2,NA,NA,NA,NA,NA,NA,NA,23,171,690,5091,0,0,NA,NA,NA,NA,NA,NA,"Synpuf"
137,143,4311591,2,NA,NA,NA,NA,NA,NA,NA,23,170,690,5061,0,0,NA,NA,NA,NA,NA,NA,"Synpuf"
137,143,40483172,2,NA,NA,NA,NA,NA,NA,NA,23,171,690,5091,0,0,NA,NA,NA,NA,NA,NA,"Synpuf"
137,143,40486120,2,NA,NA,NA,NA,NA,NA,NA,23,171,690,5091,0,0,NA,NA,NA,NA,NA,NA,"Synpuf"
137,143,4195873,2,NA,NA,NA,NA,NA,NA,NA,23,171,690,5091,0,0,NA,NA,NA,NA,NA,NA,"Synpuf"
137,143,4198492,2,NA,NA,NA,NA,NA,NA,NA,23,171,690,5091,0,0,NA,NA,NA,NA,NA,NA,"Synpuf"
137,143,44782778,2,NA,NA,NA,NA,NA,NA,NA,23,171,690,5091,0,0,NA,NA,NA,NA,NA,NA,"Synpuf"
137,143,441553,2,NA,NA,NA,NA,NA,NA,NA,23,171,690,5091,0,0,NA,NA,NA,NA,NA,NA,"Synpuf"
137,143,4098604,2,NA,NA,NA,NA,NA,NA,NA,23,171,690,5091,0,0,NA,NA,NA,NA,NA,NA,"Synpuf"
137,143,46286594,2,NA,NA,NA,NA,NA,NA,NA,23,171,690,5091,0,0,NA,NA,NA,NA,NA,NA,"Synpuf"
2,28,6,1,0.924446389573595,0.726979092671708,1.15898991099072,0.509085763616776,NA,-0.0785602183992633,0.118983415842224,3827,38371,199019,2044973,79,806,0.251674927578896,0.859231150928078,0.678127328135888,1.08870139882824,-0.151717300149102,0.120769009421303,"Synpuf"
2,28,138821,1,NA,NA,NA,NA,NA,NA,NA,3883,38853,204933,2101078,0,0,NA,NA,NA,NA,NA,NA,"Synpuf"
2,28,432303,1,0.353931253886792,0.0198918469429217,1.64489314660281,0.356445649614152,NA,-1.03865258276716,1.12632701239002,3879,38834,204723,2098851,-5,38,0.324366204636384,0.328963109225665,0.0361621427050011,2.99254189980429,-1.11180966451698,1.12651703903249,"Synpuf"
2,28,7,1,1.07353647406422,0.87864330697249,1.29876109203283,0.476605667736425,NA,0.0709583145310138,0.0996924088379877,3813,38178,196689,2018330,114,1137,0.730036592888775,0.997803648299115,0.817294174417706,1.21818086035957,-0.00219876721881462,0.101816878615673,"Synpuf"
2,28,18,1,1.07114534284219,0.49780263333772,2.03177081525217,0.848092793009009,NA,0.0687284898605821,0.35879723958986,3883,38853,204933,2101078,9,85,0.912997828785708,0.995581199863931,0.492221451892091,2.01369103624472,-0.00442859188923705,0.35939332148556,"Synpuf"
2,28,19,1,973686515380579,4.36010557751788,NA,NA,NA,34.5121105149733,NA,3883,38853,204933,2101078,-5,0,NA,NA,NA,NA,NA,NA,"Synpuf"
2,28,8,1,0.351021214601051,NA,19.8661935376646,NA,NA,-1.04690861688389,NA,3883,38852,204933,2100970,0,-5,NA,NA,NA,NA,NA,NA,"Synpuf"
2,28,9,1,0.833798129573925,0.511457333590667,1.28133229006756,0.437858408104437,NA,-0.181763956793023,0.234287850909537,3871,38694,203851,2080768,20,284,0.293235922848473,0.774977688912764,0.488750094729448,1.22882926221228,-0.254921038542847,0.235199697012836,"Synpuf"
2,28,12,1,0.944680798767578,0.71393135013284,1.22583712611012,0.679862354389759,NA,-0.0569081876305255,0.137908770942384,3848,38521,200017,2056524,59,593,0.388012685321208,0.87803812004625,0.668053744277897,1.15402532634205,-0.130065269380339,0.139452248077822,"Synpuf"
2,28,13,1,0.959201152567706,0.696350102836082,1.28771072984456,0.790547336102548,NA,-0.0416544736768669,0.156831641418386,3859,38527,201306,2060158,45,551,0.494622203588806,0.891534132847281,0.653861696554026,1.21559821323177,-0.114811555426698,0.158190594350942,"Synpuf"
2,28,10,1,1.18973684814546,0.410024103134768,2.743372118947,0.720123957149933,NA,0.173732146657046,0.484888296908912,3880,38835,204363,2098079,5,48,0.837420083628129,1.10580664586196,0.427135771161502,2.86280948726749,0.100575064907218,0.485329538427598,"Synpuf"
2,28,11,1,0.488052269850335,0.0272161687144931,2.33133952386112,0.527497273128894,NA,-0.717332768515847,1.13532368061063,3883,38843,204916,2099799,-5,25,0.486985667337061,0.453622533730704,0.0489942237952891,4.19995230392947,-0.790489850265658,1.13551220167217,"Synpuf"
2,28,22,1,0.449072042637799,0.109665149669437,1.20987278059165,0.191171974875973,NA,-0.800571952801687,0.612470148123562,3880,38804,204621,2094814,-5,76,0.156244532232581,0.417392173734683,0.125577365448736,1.38732187980232,-0.873729034551516,0.612819535208869,"Synpuf"
2,28,25518,1,1.17569660522886,0.0641568055927706,6.10194559126233,0.889218863263758,NA,0.161860827440646,1.1620195091462,3883,38852,204905,2100705,-5,11,0.939054364721297,1.09275687443487,0.112009269380708,10.6608818468945,0.0887037456908217,1.16220369988548,"Synpuf"
2,28,138278,1,NA,NA,NA,NA,NA,NA,NA,3883,38853,204933,2101078,0,0,NA,NA,NA,NA,NA,NA,"Synpuf"
2,28,4209423,1,1.09649854838016,0.877152796449766,1.35355206760353,0.405168839955122,NA,0.0921219650082255,0.110666924779823,3827,38323,199216,2032957,92,935,0.73077667885859,1.01914585890721,0.817342812343833,1.27077435078834,0.0189648832583913,0.112584495519332,"Synpuf"
2,28,73754,1,1.18816859554748,0.617446132906474,2.08176339732141,0.578156611307895,NA,0.172413126315414,0.310051301898876,3877,38785,204370,2093457,12,108,0.754044841605518,1.10434902592867,0.600624736322635,2.03053037498358,0.0992560445655926,0.310740905257593,"Synpuf"
2,28,78200,1,0.651832213657846,0.253036000769831,1.37501428397664,0.321642122127772,NA,-0.427968091188939,0.431816002132607,3880,38812,204488,2094697,6,91,0.25140046297569,0.605848591622028,0.259644996852777,1.41367066733246,-0.501125172938771,0.432311415635657,"Synpuf"
2,28,15,1,1.22878948482681,0.904326424330056,1.63451056178757,0.17243043543502,NA,0.206029526104811,0.150999790945474,3845,38547,200755,2070637,51,376,0.414392018025015,1.14210430718767,0.847175723589334,1.53970683079785,0.132872444355002,0.152410751775249,"Synpuf"
2,28,374801,1,0.325488018516392,NA,3.4438799871021,NA,NA,-1.12242962748445,NA,3883,38849,204933,2100662,0,7,NA,NA,NA,NA,NA,NA,"Synpuf"
2,28,16,1,1.16737080439057,0.543977028707859,2.20518770840597,0.664718141392756,NA,0.154754044386735,0.357062911487772,3865,38790,203778,2094316,9,92,0.819848801748726,1.08501841873062,0.538263291928916,2.18715447744136,0.0815969626369224,0.357661883838977,"Synpuf"
2,28,378256,1,NA,NA,NA,NA,NA,NA,NA,3883,38853,204933,2101078,0,0,NA,NA,NA,NA,NA,NA,"Synpuf"
2,28,434164,1,NA,NA,NA,NA,NA,NA,NA,3883,38853,204933,2101078,0,0,NA,NA,NA,NA,NA,NA,"Synpuf"
2,28,20,1,1.17337303525994,0.279263417044423,3.33840212595625,0.800576031291003,NA,0.15988253723871,0.63294328420296,3879,38835,204651,2098936,-5,30,0.890980168165984,1.09059722113191,0.315220390035431,3.77324036242373,0.0867254554888888,0.633281376173925,"Synpuf"
2,28,17,1,1.04572768194989,0.435465939755266,2.12759463018962,0.912021773610242,NA,0.0447129894436707,0.40468364923523,3880,38817,204062,2096345,7,76,0.913503251899182,0.971956632481006,0.439268040632539,2.15062241738197,-0.0284440923061453,0.405212236179341,"Synpuf"
2,28,433270,1,NA,NA,NA,NA,NA,NA,NA,3883,38853,204933,2101078,0,0,NA,NA,NA,NA,NA,NA,"Synpuf"
2,28,196456,1,1.00197254360926,0.704492353005888,1.38334799144105,0.990866394839787,NA,0.00197060069967545,0.172142051911186,3863,38588,202631,2071761,38,399,0.692491974164512,0.931288208330647,0.66298223571954,1.30817641898719,-0.0711864810501481,0.173381044025331,"Synpuf"
2,28,197318,1,3.19121193900104,0.713726624975864,10.3993583838794,0.089525625379488,NA,1.16040076282826,0.683430767009553,3881,38841,204739,2100096,-5,11,0.113374359025292,2.96608731250287,0.776569040907771,11.3289012076842,1.08724368107843,0.683743894807395,"Synpuf"
2,28,433753,1,1.30915718727981,0.773574528122422,2.08167206856976,0.286092359386146,NA,0.269383561674046,0.252531352491095,3875,38751,203925,2088334,18,163,0.451975416017451,1.21680245545776,0.740533505982794,1.99938045158814,0.196226479924221,0.253377553035186,"Synpuf"
2,28,4049367,1,1.06820639361132,0.0574942457504827,5.81479243114662,0.95532143803591,NA,0.0659809743122074,1.17769396183331,3883,38845,204909,2100243,-5,9,0.972638490690171,0.992849579340942,0.0986901573318197,9.98833433696087,-0.00717610743761554,1.17787570147693,"Synpuf"
2,28,438130,1,0.545484411188272,0.0302918195960619,2.64694534285404,0.595097417496633,NA,-0.606081051224087,1.14039949020106,3883,38838,204929,2099579,-5,21,0.55203373069211,0.507003114215,0.0542176969448049,4.74111170906801,-0.679238132973921,1.14058717231168,"Synpuf"
2,28,21,1,0.592053098155421,0.207986435346443,1.31997373108611,0.266183073044683,NA,-0.52415895529019,0.471410257119984,3880,38802,204663,2093049,5,98,0.209718831329463,0.550286604692423,0.218241576015464,1.38752364619317,-0.597316037040017,0.471864102161885,"Synpuf"
2,28,313601,1,NA,NA,NA,NA,NA,NA,NA,3883,38853,204933,2101078,0,0,NA,NA,NA,NA,NA,NA,"Synpuf"
2,28,4022076,1,NA,NA,NA,NA,NA,NA,NA,3883,38853,204933,2101078,0,0,NA,NA,NA,NA,NA,NA,"Synpuf"
2,28,439791,1,NA,NA,NA,NA,NA,NA,NA,3883,38853,204933,2101078,0,0,NA,NA,NA,NA,NA,NA,"Synpuf"
2,28,321689,1,0.969480666718286,0.766350962338197,1.20934714693552,0.789987485012344,NA,-0.0309947459956494,0.116378593792307,3834,38311,198735,2034043,82,924,0.424837912438047,0.901088476802971,0.714747093607169,1.13601083556607,-0.104151827745483,0.118203542604244,"Synpuf"
2,28,374375,1,NA,NA,NA,NA,NA,NA,NA,3883,38853,204933,2101078,0,0,NA,NA,NA,NA,NA,NA,"Synpuf"
2,28,4195873,1,NA,NA,NA,NA,NA,NA,NA,3883,38853,204933,2101078,0,0,NA,NA,NA,NA,NA,NA,"Synpuf"
2,28,4198492,1,NA,NA,NA,NA,NA,NA,NA,3883,38853,204933,2101078,0,0,NA,NA,NA,NA,NA,NA,"Synpuf"
2,28,439125,1,0.41696411720957,0.0233553950654539,1.96222571623638,0.439013825859299,NA,-0.874755110742983,1.13037961486348,3883,38836,204911,2098852,-5,30,0.402426425303498,0.387549307744007,0.0422653939876358,3.5536038295727,-0.947912192492808,1.13056896034255,"Synpuf"
2,28,4092879,1,NA,NA,NA,NA,NA,NA,NA,3883,38853,204933,2101078,0,0,NA,NA,NA,NA,NA,NA,"Synpuf"
2,28,199876,1,1.07179858183666,0.695835201660297,1.5813559281499,0.740576058085924,NA,0.0693381549173135,0.209423513331798,3863,38694,203010,2084150,26,239,0.856319106569059,0.996188355994757,0.659495671503028,1.50477294014354,-0.0038189268325084,0.210443123735022,"Synpuf"
2,28,438808,1,0.751185746695574,0.120491379142402,2.53885081867695,0.712903204165423,NA,-0.286102325315519,0.777536893559909,3881,38840,204714,2099600,-5,26,0.645221176272923,0.698193211606053,0.152020000691131,3.2066422741518,-0.359259407065352,0.777812137497167,"Synpuf"
2,28,443236,1,3.33344572380928,0.740163735338888,10.9532271541636,0.0798489262136082,NA,1.20400652090031,0.687389667529314,3882,38843,204764,2100256,-5,12,0.101547617319474,3.09828718909924,0.804914081146639,11.9259728845367,1.13084943915047,0.687700992741162,"Synpuf"
2,28,435371,1,2.4680593252884,0.373963751070118,9.61248707253215,0.275369998655294,NA,0.903432143553428,0.828244657584849,3882,38838,204851,2099951,-5,10,0.317626636769249,2.29394963141617,0.452231488144554,11.6360869365035,0.830275061803604,0.828503055642503,"Synpuf"
2,28,443447,1,1.21601468451608,0.288565336413791,3.47898486492609,0.758123240388618,NA,0.19557885955336,0.635107153674992,3882,38830,204781,2098566,-5,29,0.848079071938469,1.13023070748769,0.325294041924141,3.92697463683036,0.122421777803538,0.635444094346835,"Synpuf"
2,28,4248728,1,NA,NA,NA,NA,NA,NA,NA,3883,38853,204933,2101078,0,0,NA,NA,NA,NA,NA,NA,"Synpuf"
2,28,4275889,1,NA,NA,NA,NA,NA,NA,NA,3883,38853,204933,2101078,0,0,NA,NA,NA,NA,NA,NA,"Synpuf"
2,28,4098604,1,NA,NA,NA,NA,NA,NA,NA,3883,38853,204933,2101078,0,0,NA,NA,NA,NA,NA,NA,"Synpuf"
2,28,259995,1,1.09857019986646,0.0592740972715791,5.9009504127694,0.936158629045718,NA,0.0940095160045519,1.17366858212236,3882,38849,204889,2100505,-5,10,0.970522647922217,1.02107136536272,0.102299229160332,10.1915404614603,0.0208524342547207,1.17385094498928,"Synpuf"
2,28,434327,1,0.367577056754536,0.0206111241240327,1.7222155522812,0.375358651427398,NA,-1.00082230406502,1.12898398938372,3882,38833,204812,2099207,-5,34,0.342154555888679,0.341646266448871,0.0373613357369436,3.12414342464308,-1.07397938581485,1.12917356888829,"Synpuf"
2,28,4091513,1,NA,NA,NA,NA,NA,NA,NA,3883,38853,204933,2101078,0,0,NA,NA,NA,NA,NA,NA,"Synpuf"
2,28,436233,1,0.329478282210716,NA,3.75636270081996,NA,NA,-1.11024483856018,NA,3883,38849,204933,2100603,0,7,NA,NA,NA,NA,NA,NA,"Synpuf"
2,28,436246,1,2.25541506811559,0.650514873887935,6.02042944768591,0.151912910414143,NA,0.813334021699821,0.567650662748947,3882,38838,204749,2099397,-5,22,0.195380512298601,2.09630640203092,0.688571075042863,6.38205799005177,0.74017693994999,0.568027618439844,"Synpuf"
2,28,435516,1,0.54237602546566,0.0876891965046849,1.79653765490191,0.427106783608042,NA,-0.611795744170485,0.770375855234422,3879,38829,204248,2098218,-5,36,0.375559455061642,0.504114010128397,0.111313332637889,2.28302332870081,-0.684952825920305,0.770653656787075,"Synpuf"
2,28,4058388,1,NA,NA,NA,NA,NA,NA,NA,3883,38853,204933,2101078,0,0,NA,NA,NA,NA,NA,NA,"Synpuf"
2,28,439971,1,NA,NA,NA,NA,NA,NA,NA,3883,38853,204933,2101078,0,0,NA,NA,NA,NA,NA,NA,"Synpuf"
2,28,440382,1,1.98252290122815,0.101936281414653,12.4584234486609,0.576696168884479,NA,0.684370226151518,1.22599302006922,3883,38850,204933,2100728,-5,6,0.618756792251212,1.84266546267685,0.166621385607876,20.378032477372,0.611213144401702,1.22616760096226,"Synpuf"
2,28,441267,1,1.02776841490896,0.0558514301961196,5.37195455045505,0.98124106661298,NA,0.0273898643283149,1.16488159991149,3881,38845,204830,2100023,-5,12,0.963892132928898,0.955264305199022,0.0973684230201495,9.37192843924877,-0.0457672174215134,1.16506533816927,"Synpuf"
2,28,439871,1,0.987275493757438,0.0541293773459424,5.03740657266467,0.991164797306463,NA,-0.0128061561480895,1.15646757738081,3883,38852,204914,2100682,-5,12,0.940575731467099,0.917627964533002,0.0950872128129693,8.85546075421556,-0.0859632378979143,1.15665265223582,"Synpuf"
2,28,441553,1,NA,NA,NA,NA,NA,NA,NA,3883,38853,204933,2101078,0,0,NA,NA,NA,NA,NA,NA,"Synpuf"
2,28,4216708,1,NA,NA,NA,NA,NA,NA,NA,3883,38852,204933,2101035,0,0,NA,NA,NA,NA,NA,NA,"Synpuf"
2,28,4163735,1,0.335328101961941,NA,21.6535052712346,NA,NA,-1.09264581762336,NA,3883,38853,204933,2100961,0,-5,NA,NA,NA,NA,NA,NA,"Synpuf"
2,28,4176908,1,NA,NA,NA,NA,NA,NA,NA,3883,38853,204933,2101078,0,0,NA,NA,NA,NA,NA,NA,"Synpuf"
2,28,44782778,1,1.7823068051496,0.772990496834217,3.6045196807061,0.141204247504089,NA,0.577908483224521,0.39278197491789,3881,38829,204651,2098155,8,46,0.204731804215743,1.65657364750161,0.766320734190082,3.58105441646079,0.504751401474678,0.393326556707678,"Synpuf"
2,28,440068,1,1.10307722102848,0.37857637943073,2.56499388057269,0.840703630869255,NA,0.0981037478193983,0.488094051567071,3880,38832,204711,2098760,5,42,0.928221331802961,1.02526043789735,0.393545244277237,2.67099902947115,0.0249466660695674,0.488532397662918,"Synpuf"
2,28,435522,1,1.52114974806807,0.0811256350411778,8.52277228230825,0.72388863874744,NA,0.419466462124579,1.18739374445923,3882,38849,204834,2100562,-5,8,0.770917806202129,1.41383996249836,0.137890844593726,14.4965638976757,0.346309380374734,1.18757399970361,"Synpuf"
2,28,4008710,1,NA,NA,NA,NA,NA,NA,NA,3883,38853,204933,2101078,0,0,NA,NA,NA,NA,NA,NA,"Synpuf"
2,28,4119307,1,0.338523805132179,NA,20.6442541494694,NA,NA,-1.08316086374896,NA,3883,38853,204933,2100998,0,-5,NA,NA,NA,NA,NA,NA,"Synpuf"
2,28,4311591,1,1.4463696264534,0.874870897077351,2.26485521450725,0.128281983517309,NA,0.369056711025303,0.242654913852421,3877,38765,204017,2090841,20,147,0.237841125734237,1.34433521816038,0.834084093392372,2.16673257900888,0.295899629275482,0.24353543398825,"Synpuf"
2,28,4194160,1,NA,NA,NA,NA,NA,NA,NA,3883,38853,204933,2101078,0,0,NA,NA,NA,NA,NA,NA,"Synpuf"
2,28,40486120,1,NA,NA,NA,NA,NA,NA,NA,3883,38853,204933,2101078,0,0,NA,NA,NA,NA,NA,NA,"Synpuf"
2,28,4166231,1,0.90065155586571,0.534055677424442,1.424764176641,0.675945984514164,NA,-0.104636826622018,0.250326408624484,3874,38733,203948,2087834,18,192,0.492492483748062,0.837114928090768,0.511658568118148,1.36958793714678,-0.177793908371839,0.251180037514833,"Synpuf"
2,28,46286594,1,1.6344814001651,0.376614920828531,4.98093815494049,0.455743050594998,NA,0.491325567591595,0.658723915822118,3883,38842,204830,2099307,-5,17,0.52787480801723,1.51917661259103,0.417469666741349,5.52830005173396,0.418168485841775,0.659048782463895,"Synpuf"
2,28,4344500,1,NA,NA,NA,NA,NA,NA,NA,3883,38853,204933,2101078,0,0,NA,NA,NA,NA,NA,NA,"Synpuf"
2,28,443792,1,0.65357885906345,0.274444075129007,1.31183199428894,0.286588554803221,NA,-0.425292081333625,0.399097231864979,3878,38784,204447,2092228,7,112,0.217578017111555,0.607472019609895,0.277560637088509,1.32951941053249,-0.498449163083464,0.399633207921227,"Synpuf"
2,28,4168212,1,NA,NA,NA,NA,NA,NA,NA,3883,38853,204933,2101078,0,0,NA,NA,NA,NA,NA,NA,"Synpuf"
2,28,440233,1,NA,NA,NA,NA,NA,NA,NA,3883,38853,204933,2101078,0,0,NA,NA,NA,NA,NA,NA,"Synpuf"
2,28,40479573,1,NA,NA,NA,NA,NA,NA,NA,3883,38853,204933,2101078,0,0,NA,NA,NA,NA,NA,NA,"Synpuf"
2,28,40483172,1,0.333044569993386,0.0187235534474559,1.54627719799691,0.328841446563294,NA,-1.099478954134,1.12599600657747,3881,38834,204818,2098596,-5,39,0.298486578962487,0.309549880245365,0.0340501714773021,2.8141158826115,-1.17263603588383,1.12618608907211,"Synpuf"
2,28,4193634,1,NA,NA,NA,NA,NA,NA,NA,3883,38853,204933,2101078,0,0,NA,NA,NA,NA,NA,NA,"Synpuf"
2,28,259995,2,0.312678565993574,NA,7.53903197594277,NA,NA,-1.16257956181945,NA,3882,38849,115172,1151095,0,-5,NA,NA,NA,NA,NA,NA,"Synpuf"
2,28,13,2,1.08710583637538,0.724699017496046,1.5679534053121,0.671416671478956,NA,0.0835189689700788,0.196883736176037,3859,38527,114144,1137252,29,298,0.703955969154678,0.928777882470898,0.630752766715464,1.36761723529036,-0.073885661897819,0.197429976384815,"Synpuf"
2,28,138821,2,NA,NA,NA,NA,NA,NA,NA,3883,38853,115202,1151266,0,0,NA,NA,NA,NA,NA,NA,"Synpuf"
2,28,199876,2,1.19193373502205,0.665913307781003,1.98136250119131,0.52790921632691,NA,0.175576975673445,0.278163408608326,3863,38694,114428,1144729,15,121,0.850775489035775,1.01833846661197,0.58991535466777,1.7579017470492,0.0181723448055635,0.278550304062438,"Synpuf"
2,28,435516,2,0.44869163256269,0.0249485830180667,2.16874229524945,0.481699754464042,NA,-0.801419414351725,1.13907339587984,3879,38829,115077,1150244,-5,21,0.401062673060823,0.383343415544032,0.0411080145099579,3.57478160871445,-0.958824045219615,1.13916793810478,"Synpuf"
2,28,12,2,0.776215235560349,0.52274207726126,1.10889525867656,0.186685864511986,NA,-0.253325431844772,0.191848258405014,3848,38521,113697,1135962,30,360,0.041413691411737,0.663165920651399,0.454824171704713,0.966942976370534,-0.410730062712673,0.192408794647514,"Synpuf"
2,28,20,2,1.75097772772089,0.405465819296907,5.27896404085834,0.392221304440544,NA,0.560174333474614,0.654718299938331,3879,38835,115071,1150485,-5,18,0.540847010322598,1.49596233576359,0.414460775218817,5.39955393569337,0.402769702606733,0.65488276987474,"Synpuf"
2,28,321689,2,1.00456585915746,0.740863569734936,1.33136447536532,0.975695861915482,NA,0.00455546724254219,0.149529054957492,3834,38311,112977,1127693,50,524,0.346280514624237,0.858259168750009,0.639333556313834,1.15215100704319,-0.152849163625362,0.150247556656178,"Synpuf"
2,28,15,2,1.3027284107283,0.873775339262837,1.87627979741093,0.174940553850915,NA,0.264460842594108,0.194958421812882,3845,38547,113628,1139026,31,209,0.600188898383959,1.11299681619327,0.758709414648307,1.63272247442796,0.107056211726217,0.195510041277784,"Synpuf"
2,28,197318,2,1.47947702314946,0.0794213018813228,8.16923003873435,0.740359522898185,NA,0.391688662591852,1.18200215910227,3881,38841,115128,1150765,-5,8,0.843094442196356,1.26400345830784,0.12460878122131,12.8217668687138,0.234284031723959,1.18209326794763,"Synpuf"
2,28,435522,2,3.51553960057024,0.179212688904666,23.953867527049,0.31407937904771,NA,1.25719302715635,1.24882696956319,3882,38849,115159,1151084,-5,-5,0.379128162875954,3.00353039851841,0.259749778325844,34.7303274442354,1.09978839628846,1.24891320351458,"Synpuf"
2,28,9,2,0.873182177488989,0.457938461122333,1.50975657656256,0.655887018603937,NA,-0.135611065086121,0.304334392857315,3871,38694,114677,1144363,12,156,0.347495241664811,0.746010431259905,0.41057637404432,1.35548852474527,-0.293015695954011,0.304688057988009,"Synpuf"
2,28,16,2,1.356827921362,0.516682781540371,2.95633436356373,0.492861060521933,NA,0.305149564677778,0.444976614905294,3865,38790,114557,1148754,6,49,0.742315065753478,1.15921718154116,0.484388777853006,2.77418580987019,0.147744933809904,0.445218573082081,"Synpuf"
2,28,11,2,0.960423879819154,0.052282232628726,4.99889004905813,0.972310929168111,NA,-0.0403805504927231,1.16336693416174,3883,38843,115198,1150789,-5,12,0.865638375015833,0.820546102803653,0.0839004834464646,8.02493476996341,-0.197785181360615,1.16345950230576,"Synpuf"
2,28,440068,2,1.17043451566484,0.27593892442581,3.40076361048542,0.805974656983371,NA,0.157375060774965,0.640719866181377,3880,38832,115053,1150211,-5,24,0.934225860863015,0.999970430344285,0.284749102621458,3.51165588357341,-2.95700929058285e-05,0.640887928521165,"Synpuf"
2,28,313601,2,NA,NA,NA,NA,NA,NA,NA,3883,38853,115202,1151266,0,0,NA,NA,NA,NA,NA,NA,"Synpuf"
2,28,8,2,0.350034188129955,NA,119.554400286505,NA,NA,-1.0497244488978,NA,3883,38852,115202,1151233,0,-5,NA,NA,NA,NA,NA,NA,"Synpuf"
2,28,19,2,NA,NA,NA,NA,NA,NA,NA,3883,38853,115202,1151266,-5,0,NA,NA,NA,NA,NA,NA,"Synpuf"
2,28,17,2,1.12239539428155,0.335089916771038,2.8096225901373,0.831440505690362,NA,0.115465146342202,0.542460615715093,3880,38817,115053,1149536,-5,40,0.912196049173099,0.958927808787847,0.331034792478457,2.77778216477503,-0.0419394845256846,0.542659109945341,"Synpuf"
2,28,10,2,1.20133364401163,0.285597876199717,3.4238050253846,0.77221549609816,NA,0.18343230968918,0.633665469761185,3880,38835,115051,1150313,-5,29,0.931221115043297,1.02636935677429,0.296334355614304,3.55488331530606,0.0260276788212934,0.633835402586774,"Synpuf"
2,28,21,2,0.565529546960081,0.1373269598422,1.54200703130963,0.355559701261515,NA,-0.569992735524628,0.616969363305806,3880,38802,115076,1148963,-5,56,0.241800975964298,0.483164856194323,0.144138999468487,1.6196052360716,-0.727397366392509,0.617143893482419,"Synpuf"
2,28,196456,2,1.06034843696814,0.669417248794243,1.59895911856141,0.791927457824161,NA,0.0585975682302097,0.222121578893028,3863,38588,114328,1140446,23,219,0.668195812522729,0.905917476491734,0.585606857951528,1.40142906980961,-0.0988070626376611,0.222605897978032,"Synpuf"
2,28,435371,2,1.65218460203303,0.0880229964041035,9.39739312487709,0.673462519125112,NA,0.502098413427881,1.19149880721861,3882,38838,115162,1150727,-5,7,0.772567860838038,1.41155760992292,0.136589102177233,14.5875099431133,0.34469378256,1.19158918995098,"Synpuf"
2,28,436246,2,1.81298419446807,0.280197674148619,6.71465984942697,0.462820952313082,NA,0.594974213846171,0.810360074014202,3882,38838,115149,1150627,-5,13,0.590397995965955,1.54893807460883,0.316330593601602,7.58449927860767,0.437569582978298,0.810492960833692,"Synpuf"
2,28,138278,2,NA,NA,NA,NA,NA,NA,NA,3883,38853,115202,1151266,0,0,NA,NA,NA,NA,NA,NA,"Synpuf"
2,28,434164,2,NA,NA,NA,NA,NA,NA,NA,3883,38853,115202,1151266,0,0,NA,NA,NA,NA,NA,NA,"Synpuf"
2,28,440233,2,NA,NA,NA,NA,NA,NA,NA,3883,38853,115202,1151266,0,0,NA,NA,NA,NA,NA,NA,"Synpuf"
2,28,18,2,1.50236789206146,0.614155973294472,3.15233589896448,0.329312163690489,NA,0.407042458144895,0.417265342903678,3883,38853,115202,1151266,7,46,0.555429804188785,1.28356046190827,0.566265108078168,2.90946313991619,0.249637827277027,0.417523360296398,"Synpuf"
2,28,7,2,1.03399981780102,0.783671056409526,1.33898295215684,0.806715840702417,NA,0.0334345998783079,0.136654616274443,3813,38178,112310,1121955,60,611,0.409654638522111,0.883406315299109,0.674793648615197,1.15651165287624,-0.123970030989582,0.137440438568076,"Synpuf"
2,28,434327,2,0.700213842800262,0.0385201258814888,3.51012793327595,0.756872349659163,NA,-0.356369500876554,1.15109944487203,3882,38833,115167,1150472,-5,16,0.656241306419712,0.598233500761264,0.0626575590352191,5.71173417770575,-0.513774131744441,1.1511929994529,"Synpuf"
2,28,78200,2,1.28486901307781,0.487236027106928,2.82043338085296,0.575769223666614,NA,0.250656777803415,0.447941183155077,3880,38812,115054,1149480,6,43,0.833832788151977,1.09773849177169,0.456043293680283,2.64235833092191,0.0932521469355407,0.44818154086379,"Synpuf"
2,28,436233,2,0.327677608634748,NA,4.16212109913245,NA,NA,-1.11572505446527,NA,3883,38849,115202,1151085,0,6,NA,NA,NA,NA,NA,NA,"Synpuf"
2,28,433753,2,1.69713722474377,0.89832944836308,2.95298096585232,0.0814526752779312,NA,0.528942846120005,0.303585569782928,3875,38751,114750,1146911,13,86,0.23105136378974,1.44996325575402,0.799176508020795,2.63069975397991,0.371538215252102,0.30394010624644,"Synpuf"
2,28,443792,2,0.308028756348594,0.0504065598589423,0.989421432328821,0.121011746047396,NA,-1.17756213559862,0.759452485210814,3878,38784,115009,1148320,-5,63,0.0801579976362374,0.263166921277393,0.0593831837602695,1.16627004598154,-1.33496676646651,0.759594278083736,"Synpuf"
2,28,73754,2,1.44744814916675,0.667637635220787,2.77924750494145,0.309432874391657,NA,0.369802108867814,0.363830645744313,3877,38785,114895,1148285,9,64,0.56660718431665,1.23663932432914,0.605756369815337,2.52457406092724,0.212397477999914,0.364126528541109,"Synpuf"
2,28,439871,2,1.93461128934518,0.102253727592659,11.3824779980246,0.583050193619389,NA,0.659906422242502,1.20215810634282,3883,38852,115196,1151168,-5,6,0.676280898455542,1.65285119130009,0.156631341670166,17.4417012039325,0.502501791374613,1.20224768772929,"Synpuf"
2,28,439971,2,NA,NA,NA,NA,NA,NA,NA,3883,38853,115202,1151266,0,0,NA,NA,NA,NA,NA,NA,"Synpuf"
2,28,440382,2,0.330717131047511,NA,6.70814135907498,NA,NA,-1.10649185795474,NA,3883,38850,115202,1151149,0,5,NA,NA,NA,NA,NA,NA,"Synpuf"
2,28,441267,2,1.25137873099518,0.0670020130284091,6.89907596285829,0.849564783912992,NA,0.224245928269543,1.18227174978905,3881,38845,115125,1150928,-5,9,0.950220518421332,1.06912579166901,0.105341557301511,10.850703062423,0.0668412974016519,1.18236283786067,"Synpuf"
2,28,4098604,2,NA,NA,NA,NA,NA,NA,NA,3883,38853,115202,1151266,0,0,NA,NA,NA,NA,NA,NA,"Synpuf"
2,28,432303,2,0.33262369200308,NA,1.3794877648474,NA,NA,-1.10074348203901,NA,3879,38834,115082,1150373,0,24,NA,NA,NA,NA,NA,NA,"Synpuf"
2,28,433270,2,NA,NA,NA,NA,NA,NA,NA,3883,38853,115202,1151266,0,0,NA,NA,NA,NA,NA,NA,"Synpuf"
2,28,4119307,2,0.338523805132179,NA,20.6442541494693,NA,NA,-1.08316086374896,NA,3883,38853,115202,1151212,0,-5,NA,NA,NA,NA,NA,NA,"Synpuf"
2,28,4163735,2,0.335372320521495,NA,21.6715471752848,NA,NA,-1.09251395976809,NA,3883,38853,115202,1151235,0,-5,NA,NA,NA,NA,NA,NA,"Synpuf"
2,28,439125,2,0.724903163872191,0.0399900780393844,3.59812998249605,0.779266496910513,NA,-0.321717200121178,1.14786246108079,3883,38836,115180,1150488,-5,17,0.677280675061185,0.619327026872099,0.0652796588318932,5.87573484723594,-0.479121830989072,1.147956279465,"Synpuf"
2,28,443447,2,0.535567807872962,0.0297255116464621,2.60408953901075,0.584214027354277,NA,-0.624427771764313,1.14104972543008,3882,38830,115162,1150316,-5,20,0.494392197472389,0.457566796048432,0.0488777132826309,4.28349361672021,-0.781832402632205,1.14114410391884,"Synpuf"
2,28,439791,2,NA,NA,NA,NA,NA,NA,NA,3883,38853,115202,1151266,0,0,NA,NA,NA,NA,NA,NA,"Synpuf"
2,28,6,2,0.934217424789741,0.681769490147074,1.24935443426796,0.659659891410931,NA,-0.068046078990303,0.154515756247517,3827,38371,112819,1129908,47,465,0.175781111755964,0.798156400720514,0.58880570441161,1.08194203153606,-0.225450709858194,0.155211175285204,"Synpuf"
2,28,374375,2,NA,NA,NA,NA,NA,NA,NA,3883,38853,115202,1151266,0,0,NA,NA,NA,NA,NA,NA,"Synpuf"
2,28,438808,2,1.86429156378927,0.286461700304102,7.04287322428646,0.445762190243618,NA,0.622881122373211,0.816894257673043,3881,38840,115095,1150780,-5,11,0.569968596183719,1.59277295088196,0.321144146184733,7.89964787837625,0.465476491505342,0.817026081728035,"Synpuf"
2,28,4008710,2,NA,NA,NA,NA,NA,NA,NA,3883,38853,115202,1151266,0,0,NA,NA,NA,NA,NA,NA,"Synpuf"
2,28,22,2,0.518633710822465,0.0841620880275701,1.7015247875298,0.391986126014719,NA,-0.656557404476007,0.766987436172446,3880,38804,115084,1149215,-5,42,0.290690698163746,0.443099009864381,0.0985190876763333,1.99288013291217,-0.813962035343891,0.767127836316121,"Synpuf"
2,28,4176908,2,NA,NA,NA,NA,NA,NA,NA,3883,38853,115202,1151266,0,0,NA,NA,NA,NA,NA,NA,"Synpuf"
2,28,25518,2,3.01544017572159,0.153253329271639,20.710312797636,0.37785924531763,NA,1.10374581478709,1.25162880482703,3883,38852,115187,1151163,-5,-5,0.450195827514762,2.57626630950889,0.22157927947168,29.9538301294951,0.946341183919188,1.25171484575258,"Synpuf"
2,28,4193634,2,NA,NA,NA,NA,NA,NA,NA,3883,38853,115202,1151266,0,0,NA,NA,NA,NA,NA,NA,"Synpuf"
2,28,4166231,2,0.668286851682117,0.298247694658733,1.2917022916633,0.281108235217727,NA,-0.403037778933504,0.373933376724106,3874,38733,114814,1146258,8,107,0.140260072597563,0.570956411252435,0.274198598064628,1.18888727313413,-0.560442409801396,0.374221271753715,"Synpuf"
2,28,438130,2,0.326736427325049,NA,2.83398469425189,NA,NA,-1.11860146574897,NA,3883,38838,115202,1150660,0,9,NA,NA,NA,NA,NA,NA,"Synpuf"
2,28,443236,2,5.43682792971464,1.12127101428956,21.1873936182982,0.0239229463582658,NA,1.69319578964286,0.749744258386443,3882,38843,115135,1150886,-5,6,0.0412816507815682,4.64499900833519,1.06826721218462,20.1972086584142,1.53579115877497,0.749887886945848,"Synpuf"
2,28,4091513,2,NA,NA,NA,NA,NA,NA,NA,3883,38853,115202,1151266,0,0,NA,NA,NA,NA,NA,NA,"Synpuf"
2,28,374801,2,0.341340700536052,NA,13.4587450378281,NA,NA,-1.074874178682,NA,3883,38849,115202,1151115,0,-5,NA,NA,NA,NA,NA,NA,"Synpuf"
2,28,378256,2,NA,NA,NA,NA,NA,NA,NA,3883,38853,115202,1151266,0,0,NA,NA,NA,NA,NA,NA,"Synpuf"
2,28,4092879,2,NA,NA,NA,NA,NA,NA,NA,3883,38853,115202,1151266,0,0,NA,NA,NA,NA,NA,NA,"Synpuf"
2,28,4168212,2,NA,NA,NA,NA,NA,NA,NA,3883,38853,115202,1151266,0,0,NA,NA,NA,NA,NA,NA,"Synpuf"
2,28,4058388,2,NA,NA,NA,NA,NA,NA,NA,3883,38853,115202,1151266,0,0,NA,NA,NA,NA,NA,NA,"Synpuf"
2,28,4216708,2,NA,NA,NA,NA,NA,NA,NA,3883,38852,115202,1151236,0,0,NA,NA,NA,NA,NA,NA,"Synpuf"
2,28,4248728,2,NA,NA,NA,NA,NA,NA,NA,3883,38853,115202,1151266,0,0,NA,NA,NA,NA,NA,NA,"Synpuf"
2,28,4275889,2,NA,NA,NA,NA,NA,NA,NA,3883,38853,115202,1151266,0,0,NA,NA,NA,NA,NA,NA,"Synpuf"
2,28,441553,2,NA,NA,NA,NA,NA,NA,NA,3883,38853,115202,1151266,0,0,NA,NA,NA,NA,NA,NA,"Synpuf"
2,28,4209423,2,1.19364213518989,0.893769851564789,1.56274144254833,0.214304077030366,NA,0.177009250774165,0.142540524215948,3827,38323,112739,1128271,56,499,0.732420344386124,1.01979805245651,0.770090991557639,1.35047426758043,0.0196046199062749,0.14329407192354,"Synpuf"
2,28,4311591,2,1.39592752150325,0.741930991561329,2.41451976967926,0.267829542082211,NA,0.33355908429841,0.301025801221319,3877,38765,114851,1147226,13,96,0.568833870826778,1.19262224902357,0.66064010626636,2.15298437889959,0.176154453430527,0.301383348918965,"Synpuf"
2,28,4344500,2,NA,NA,NA,NA,NA,NA,NA,3883,38853,115202,1151266,0,0,NA,NA,NA,NA,NA,NA,"Synpuf"
2,28,4022076,2,NA,NA,NA,NA,NA,NA,NA,3883,38853,115202,1151266,0,0,NA,NA,NA,NA,NA,NA,"Synpuf"
2,28,4049367,2,0.3431197232521,NA,14.9916520746186,NA,NA,-1.06967584533685,NA,3883,38845,115202,1151010,0,-5,NA,NA,NA,NA,NA,NA,"Synpuf"
2,28,40479573,2,NA,NA,NA,NA,NA,NA,NA,3883,38853,115202,1151266,0,0,NA,NA,NA,NA,NA,NA,"Synpuf"
2,28,40483172,2,0.527874028732216,0.0293982630095487,2.53489705910559,0.574175038522725,NA,-0.638897605687637,1.13700372844029,3881,38834,115126,1150413,-5,23,0.484877687937302,0.45099355206479,0.0485590725623742,4.18861344072732,-0.796302236555519,1.13709844274442,"Synpuf"
2,28,4194160,2,NA,NA,NA,NA,NA,NA,NA,3883,38853,115202,1151266,0,0,NA,NA,NA,NA,NA,NA,"Synpuf"
2,28,4195873,2,NA,NA,NA,NA,NA,NA,NA,3883,38853,115202,1151266,0,0,NA,NA,NA,NA,NA,NA,"Synpuf"
2,28,40486120,2,NA,NA,NA,NA,NA,NA,NA,3883,38853,115202,1151266,0,0,NA,NA,NA,NA,NA,NA,"Synpuf"
2,28,4198492,2,NA,NA,NA,NA,NA,NA,NA,3883,38853,115202,1151266,0,0,NA,NA,NA,NA,NA,NA,"Synpuf"
2,28,44782778,2,1.63794998061161,0.553925674121301,3.91159670313778,0.322387489641154,NA,0.493445448097472,0.498649575579647,3881,38829,115104,1150102,5,30,0.50471789059453,1.39939614311887,0.526387523871348,3.72028111717671,0.336040817229588,0.498865502145051,"Synpuf"
2,28,46286594,2,1.24496800929487,0.193803897465629,4.53241787357077,0.78525464607503,NA,0.219109834241054,0.804138248931519,3883,38842,115187,1150732,-5,15,0.930518082836731,1.06364873844504,0.219887490257319,5.1451250704248,0.0617052033731653,0.804272163760077,"Synpuf"
