"covariate_analysis_id","covariate_analysis_name","analysis_id"
804,"ObservationShortTerm",1
904,"Chads2Vasc",1
902,"Dcsi",1
410,"DrugGroupEraLongTerm",1
412,"DrugGroupEraShortTerm",1
7,"DemographicsIndexMonth",1
502,"ProcedureOccurrenceLongTerm",1
710,"MeasurementRangeGroupLongTerm",1
5,"DemographicsEthnicity",1
3,"DemographicsAgeGroup",1
212,"ConditionGroupEraShortTerm",1
4,"DemographicsRace",1
901,"CharlsonIndex",1
704,"MeasurementShortTerm",1
1,"DemographicsGender",1
802,"ObservationLongTerm",1
413,"DrugGroupEraOverlapping",1
504,"ProcedureOccurrenceShortTerm",1
903,"Chads2",1
602,"DeviceExposureLongTerm",1
702,"MeasurementLongTerm",1
6,"DemographicsIndexYear",1
210,"ConditionGroupEraLongTerm",1
604,"DeviceExposureShortTerm",1
804,"ObservationShortTerm",2
904,"Chads2Vasc",2
902,"Dcsi",2
410,"DrugGroupEraLongTerm",2
412,"DrugGroupEraShortTerm",2
7,"DemographicsIndexMonth",2
502,"ProcedureOccurrenceLongTerm",2
710,"MeasurementRangeGroupLongTerm",2
5,"DemographicsEthnicity",2
3,"DemographicsAgeGroup",2
212,"ConditionGroupEraShortTerm",2
4,"DemographicsRace",2
901,"CharlsonIndex",2
704,"MeasurementShortTerm",2
1,"DemographicsGender",2
802,"ObservationLongTerm",2
413,"DrugGroupEraOverlapping",2
504,"ProcedureOccurrenceShortTerm",2
903,"Chads2",2
602,"DeviceExposureLongTerm",2
702,"MeasurementLongTerm",2
6,"DemographicsIndexYear",2
210,"ConditionGroupEraLongTerm",2
604,"DeviceExposureShortTerm",2
