"target_id","comparator_id","outcome_id","analysis_id","rr","ci_95_lb","ci_95_ub","p","i_2","log_rr","se_log_rr","target_subjects","comparator_subjects","target_days","comparator_days","target_outcomes","comparator_outcomes","calibrated_p","calibrated_rr","calibrated_ci_95_lb","calibrated_ci_95_ub","calibrated_log_rr","calibrated_se_log_rr","database_id"
137,143,6,1,0.287895998280114,NA,9.78794085049343,NA,NA,-1.2451559811476,NA,23,170,1464,15017,0,-5,NA,NA,NA,NA,NA,NA,"Synpuf"
137,143,7,1,1.07272419697791,0.056247930662681,6.39780921091441,0.953645016020338,NA,0.0702013914451572,1.20766036649228,23,168,1439,14226,-5,9,NA,NA,NA,NA,NA,NA,"Synpuf"
137,143,18,1,0.346863645256892,NA,101.405254464386,NA,NA,-1.05882352941176,NA,23,171,1464,15606,0,-5,NA,NA,NA,NA,NA,NA,"Synpuf"
137,143,8,1,NA,NA,NA,NA,NA,NA,NA,23,171,1464,15606,0,0,NA,NA,NA,NA,NA,NA,"Synpuf"
137,143,19,1,NA,NA,NA,NA,NA,NA,NA,23,171,1464,15606,0,0,NA,NA,NA,NA,NA,NA,"Synpuf"
137,143,20,1,NA,NA,NA,NA,NA,NA,NA,23,171,1464,15606,0,0,NA,NA,NA,NA,NA,NA,"Synpuf"
137,143,9,1,NA,NA,NA,NA,NA,NA,NA,22,171,1167,15606,-5,0,NA,NA,NA,NA,NA,NA,"Synpuf"
137,143,10,1,NA,NA,NA,NA,NA,NA,NA,23,171,1464,15606,0,0,NA,NA,NA,NA,NA,NA,"Synpuf"
137,143,259995,1,NA,NA,NA,NA,NA,NA,NA,23,171,1464,15606,0,0,NA,NA,NA,NA,NA,NA,"Synpuf"
137,143,313601,1,NA,NA,NA,NA,NA,NA,NA,23,171,1464,15606,0,0,NA,NA,NA,NA,NA,NA,"Synpuf"
137,143,11,1,NA,NA,NA,NA,NA,NA,NA,23,171,1464,15606,0,0,NA,NA,NA,NA,NA,NA,"Synpuf"
137,143,12,1,0.340232864574049,NA,76.8863554292599,NA,NA,-1.078125,NA,23,170,1464,15359,0,-5,NA,NA,NA,NA,NA,NA,"Synpuf"
137,143,17,1,NA,NA,NA,NA,NA,NA,NA,23,171,1464,15606,0,0,NA,NA,NA,NA,NA,NA,"Synpuf"
137,143,432303,1,NA,NA,NA,NA,NA,NA,NA,23,171,1464,15606,0,0,NA,NA,NA,NA,NA,NA,"Synpuf"
137,143,13,1,6.08535316509469,0.282664092754376,63.6283835236571,0.191244069849464,NA,1.80588476339043,1.38179980169461,23,171,1210,15047,-5,-5,NA,NA,NA,NA,NA,NA,"Synpuf"
137,143,15,1,0.291102119108744,NA,5.31004513902463,NA,NA,-1.23408114859802,NA,23,168,1464,14556,0,-5,NA,NA,NA,NA,NA,NA,"Synpuf"
137,143,16,1,NA,NA,NA,NA,NA,NA,NA,23,168,1464,15336,0,0,NA,NA,NA,NA,NA,NA,"Synpuf"
137,143,199876,1,NA,NA,NA,NA,NA,NA,NA,23,170,1464,15590,0,0,NA,NA,NA,NA,NA,NA,"Synpuf"
137,143,25518,1,0.340642044157441,NA,78.0546247839408,NA,NA,-1.07692307692308,NA,23,171,1464,15518,0,-5,NA,NA,NA,NA,NA,NA,"Synpuf"
137,143,196456,1,0.263597138115727,NA,19.2748154151161,NA,NA,-1.33333333333333,NA,23,171,1464,15585,0,-5,NA,NA,NA,NA,NA,NA,"Synpuf"
137,143,443236,1,NA,NA,NA,NA,NA,NA,NA,23,171,1452,15606,-5,0,NA,NA,NA,NA,NA,NA,"Synpuf"
137,143,443447,1,0.340642044157441,NA,78.0546247839408,NA,NA,-1.07692307692308,NA,23,171,1464,15575,0,-5,NA,NA,NA,NA,NA,NA,"Synpuf"
137,143,197318,1,NA,NA,NA,NA,NA,NA,NA,23,171,1464,15606,0,0,NA,NA,NA,NA,NA,NA,"Synpuf"
137,143,378256,1,NA,NA,NA,NA,NA,NA,NA,23,171,1464,15606,0,0,NA,NA,NA,NA,NA,NA,"Synpuf"
137,143,438130,1,NA,NA,NA,NA,NA,NA,NA,23,171,1464,15606,0,0,NA,NA,NA,NA,NA,NA,"Synpuf"
137,143,73754,1,0.352227409992711,NA,136.401086935811,NA,NA,-1.04347826086957,NA,23,171,1464,15268,0,-5,NA,NA,NA,NA,NA,NA,"Synpuf"
137,143,21,1,NA,NA,NA,NA,NA,NA,NA,23,171,1464,15606,0,0,NA,NA,NA,NA,NA,NA,"Synpuf"
137,143,4168212,1,NA,NA,NA,NA,NA,NA,NA,23,171,1464,15606,0,0,NA,NA,NA,NA,NA,NA,"Synpuf"
137,143,22,1,NA,NA,NA,NA,NA,NA,NA,23,171,1210,15606,-5,0,NA,NA,NA,NA,NA,NA,"Synpuf"
137,143,4176908,1,NA,NA,NA,NA,NA,NA,NA,23,171,1464,15606,0,0,NA,NA,NA,NA,NA,NA,"Synpuf"
137,143,321689,1,1.69286605933124,0.0854931825943721,11.3709834668868,0.673055111525394,NA,0.526422985627458,1.2475697209748,23,169,1456,14856,-5,7,NA,NA,NA,NA,NA,NA,"Synpuf"
137,143,436246,1,NA,NA,NA,NA,NA,NA,NA,23,171,1464,15606,0,0,NA,NA,NA,NA,NA,NA,"Synpuf"
137,143,443792,1,NA,NA,NA,NA,NA,NA,NA,23,171,1464,15606,0,0,NA,NA,NA,NA,NA,NA,"Synpuf"
137,143,46286594,1,NA,NA,NA,NA,NA,NA,NA,23,171,1464,15606,0,0,NA,NA,NA,NA,NA,NA,"Synpuf"
137,143,435522,1,NA,NA,NA,NA,NA,NA,NA,23,170,1464,15583,0,0,NA,NA,NA,NA,NA,NA,"Synpuf"
137,143,374801,1,NA,NA,NA,NA,NA,NA,NA,23,171,1464,15606,0,0,NA,NA,NA,NA,NA,NA,"Synpuf"
137,143,436233,1,NA,NA,NA,NA,NA,NA,NA,23,171,1464,15606,0,0,NA,NA,NA,NA,NA,NA,"Synpuf"
137,143,78200,1,NA,NA,NA,NA,NA,NA,NA,23,170,1464,15585,0,0,NA,NA,NA,NA,NA,NA,"Synpuf"
137,143,138278,1,NA,NA,NA,NA,NA,NA,NA,23,171,1464,15606,0,0,NA,NA,NA,NA,NA,NA,"Synpuf"
137,143,441267,1,NA,NA,NA,NA,NA,NA,NA,23,171,1464,15606,0,0,NA,NA,NA,NA,NA,NA,"Synpuf"
137,143,441553,1,NA,NA,NA,NA,NA,NA,NA,23,171,1464,15606,0,0,NA,NA,NA,NA,NA,NA,"Synpuf"
137,143,138821,1,NA,NA,NA,NA,NA,NA,NA,23,171,1464,15606,0,0,NA,NA,NA,NA,NA,NA,"Synpuf"
137,143,433270,1,NA,NA,NA,NA,NA,NA,NA,23,171,1464,15606,0,0,NA,NA,NA,NA,NA,NA,"Synpuf"
137,143,433753,1,0.343363537415409,NA,86.8140688820862,NA,NA,-1.06896551724138,NA,23,171,1464,15117,0,-5,NA,NA,NA,NA,NA,NA,"Synpuf"
137,143,435371,1,NA,NA,NA,NA,NA,NA,NA,23,171,1464,15606,0,0,NA,NA,NA,NA,NA,NA,"Synpuf"
137,143,435516,1,NA,NA,NA,NA,NA,NA,NA,23,171,1464,15606,0,0,NA,NA,NA,NA,NA,NA,"Synpuf"
137,143,4166231,1,0.313476052266711,NA,8.58700361347477,NA,NA,-1.16003231013085,NA,23,170,1464,14872,0,-5,NA,NA,NA,NA,NA,NA,"Synpuf"
137,143,374375,1,NA,NA,NA,NA,NA,NA,NA,23,171,1464,15606,0,0,NA,NA,NA,NA,NA,NA,"Synpuf"
137,143,440382,1,NA,NA,NA,NA,NA,NA,NA,23,171,1464,15606,0,0,NA,NA,NA,NA,NA,NA,"Synpuf"
137,143,439125,1,NA,NA,NA,NA,NA,NA,NA,23,171,1464,15606,0,0,NA,NA,NA,NA,NA,NA,"Synpuf"
137,143,4163735,1,NA,NA,NA,NA,NA,NA,NA,23,171,1464,15606,0,0,NA,NA,NA,NA,NA,NA,"Synpuf"
137,143,440068,1,NA,NA,NA,NA,NA,NA,NA,23,171,1464,15606,0,0,NA,NA,NA,NA,NA,NA,"Synpuf"
137,143,44782778,1,0.31890655732397,NA,42.9584394972867,NA,NA,-1.14285714285714,NA,23,171,1464,15527,0,-5,NA,NA,NA,NA,NA,NA,"Synpuf"
137,143,4198492,1,NA,NA,NA,NA,NA,NA,NA,23,171,1464,15606,0,0,NA,NA,NA,NA,NA,NA,"Synpuf"
137,143,434164,1,NA,NA,NA,NA,NA,NA,NA,23,171,1464,15606,0,0,NA,NA,NA,NA,NA,NA,"Synpuf"
137,143,440233,1,NA,NA,NA,NA,NA,NA,NA,23,171,1464,15606,0,0,NA,NA,NA,NA,NA,NA,"Synpuf"
137,143,4119307,1,NA,NA,NA,NA,NA,NA,NA,23,171,1464,15606,0,0,NA,NA,NA,NA,NA,NA,"Synpuf"
137,143,438808,1,NA,NA,NA,NA,NA,NA,NA,23,171,1464,15606,0,0,NA,NA,NA,NA,NA,NA,"Synpuf"
137,143,439971,1,NA,NA,NA,NA,NA,NA,NA,23,171,1464,15606,0,0,NA,NA,NA,NA,NA,NA,"Synpuf"
137,143,4092879,1,NA,NA,NA,NA,NA,NA,NA,23,171,1464,15606,0,0,NA,NA,NA,NA,NA,NA,"Synpuf"
137,143,4193634,1,NA,NA,NA,NA,NA,NA,NA,23,171,1464,15606,0,0,NA,NA,NA,NA,NA,NA,"Synpuf"
137,143,40479573,1,NA,NA,NA,NA,NA,NA,NA,23,171,1464,15606,0,0,NA,NA,NA,NA,NA,NA,"Synpuf"
137,143,4209423,1,1.33677222073049,0.0688604572198047,8.35923156453874,0.812589263821546,NA,0.290257917660098,1.22426731405689,23,170,1447,13743,-5,7,NA,NA,NA,NA,NA,NA,"Synpuf"
137,143,4195873,1,NA,NA,NA,NA,NA,NA,NA,23,171,1464,15606,0,0,NA,NA,NA,NA,NA,NA,"Synpuf"
137,143,40486120,1,NA,NA,NA,NA,NA,NA,NA,23,171,1464,15606,0,0,NA,NA,NA,NA,NA,NA,"Synpuf"
137,143,4022076,1,NA,NA,NA,NA,NA,NA,NA,23,171,1464,15606,0,0,NA,NA,NA,NA,NA,NA,"Synpuf"
137,143,434327,1,0.340642044157441,NA,78.0546247839408,NA,NA,-1.07692307692308,NA,23,171,1464,15452,0,-5,NA,NA,NA,NA,NA,NA,"Synpuf"
137,143,4344500,1,NA,NA,NA,NA,NA,NA,NA,23,171,1464,15606,0,0,NA,NA,NA,NA,NA,NA,"Synpuf"
137,143,4216708,1,NA,NA,NA,NA,NA,NA,NA,23,171,1464,15606,0,0,NA,NA,NA,NA,NA,NA,"Synpuf"
137,143,40483172,1,NA,NA,NA,NA,NA,NA,NA,23,171,1464,15606,0,0,NA,NA,NA,NA,NA,NA,"Synpuf"
137,143,439791,1,NA,NA,NA,NA,NA,NA,NA,23,171,1464,15606,0,0,NA,NA,NA,NA,NA,NA,"Synpuf"
137,143,4091513,1,NA,NA,NA,NA,NA,NA,NA,23,171,1464,15606,0,0,NA,NA,NA,NA,NA,NA,"Synpuf"
137,143,4248728,1,NA,NA,NA,NA,NA,NA,NA,23,171,1464,15606,0,0,NA,NA,NA,NA,NA,NA,"Synpuf"
137,143,4008710,1,NA,NA,NA,NA,NA,NA,NA,23,171,1464,15606,0,0,NA,NA,NA,NA,NA,NA,"Synpuf"
137,143,4194160,1,NA,NA,NA,NA,NA,NA,NA,23,171,1464,15606,0,0,NA,NA,NA,NA,NA,NA,"Synpuf"
137,143,4311591,1,NA,NA,NA,NA,NA,NA,NA,23,170,1464,15586,0,0,NA,NA,NA,NA,NA,NA,"Synpuf"
137,143,439871,1,NA,NA,NA,NA,NA,NA,NA,23,171,1464,15606,0,0,NA,NA,NA,NA,NA,NA,"Synpuf"
137,143,4058388,1,NA,NA,NA,NA,NA,NA,NA,23,171,1464,15606,0,0,NA,NA,NA,NA,NA,NA,"Synpuf"
137,143,4098604,1,NA,NA,NA,NA,NA,NA,NA,23,171,1464,15606,0,0,NA,NA,NA,NA,NA,NA,"Synpuf"
137,143,4275889,1,NA,NA,NA,NA,NA,NA,NA,23,171,1464,15606,0,0,NA,NA,NA,NA,NA,NA,"Synpuf"
137,143,4049367,1,NA,NA,NA,NA,NA,NA,NA,23,171,1464,15606,0,0,NA,NA,NA,NA,NA,NA,"Synpuf"
137,143,21,2,0.339715757729237,NA,75.458346427123,NA,NA,-1.07964601769912,NA,23,171,690,5077,0,-5,NA,NA,NA,NA,NA,NA,"Synpuf"
137,143,9,2,NA,NA,NA,NA,NA,NA,NA,22,171,660,5091,0,0,NA,NA,NA,NA,NA,NA,"Synpuf"
137,143,10,2,NA,NA,NA,NA,NA,NA,NA,23,171,690,5091,0,0,NA,NA,NA,NA,NA,NA,"Synpuf"
137,143,434164,2,NA,NA,NA,NA,NA,NA,NA,23,171,690,5091,0,0,NA,NA,NA,NA,NA,NA,"Synpuf"
137,143,25518,2,NA,NA,NA,NA,NA,NA,NA,23,171,690,5091,0,0,NA,NA,NA,NA,NA,NA,"Synpuf"
137,143,374375,2,NA,NA,NA,NA,NA,NA,NA,23,171,690,5091,0,0,NA,NA,NA,NA,NA,NA,"Synpuf"
137,143,11,2,NA,NA,NA,NA,NA,NA,NA,23,171,690,5091,0,0,NA,NA,NA,NA,NA,NA,"Synpuf"
137,143,6,2,3.25960120260132,0.126943628684012,83.6985684917496,0.47550682993551,NA,1.18160485740524,1.65595747814678,23,170,687,5055,-5,-5,NA,NA,NA,NA,NA,NA,"Synpuf"
137,143,73754,2,0.290749235309986,NA,26.7452646699801,NA,NA,-1.23529411764706,NA,23,171,690,5091,0,-5,NA,NA,NA,NA,NA,NA,"Synpuf"
137,143,8,2,NA,NA,NA,NA,NA,NA,NA,23,171,690,5091,0,0,NA,NA,NA,NA,NA,NA,"Synpuf"
137,143,20,2,NA,NA,NA,NA,NA,NA,NA,23,171,690,5091,0,0,NA,NA,NA,NA,NA,NA,"Synpuf"
137,143,12,2,NA,NA,NA,NA,NA,NA,NA,23,170,690,5061,0,0,NA,NA,NA,NA,NA,NA,"Synpuf"
137,143,138278,2,NA,NA,NA,NA,NA,NA,NA,23,171,690,5091,0,0,NA,NA,NA,NA,NA,NA,"Synpuf"
137,143,321689,2,2.99220638058119,0.143576053372943,24.57078476899,0.403461575667661,NA,1.09601103520037,1.31187321864867,23,169,674,4985,-5,-5,NA,NA,NA,NA,NA,NA,"Synpuf"
137,143,439791,2,NA,NA,NA,NA,NA,NA,NA,23,171,690,5091,0,0,NA,NA,NA,NA,NA,NA,"Synpuf"
137,143,434327,2,NA,NA,NA,NA,NA,NA,NA,23,171,690,5091,0,0,NA,NA,NA,NA,NA,NA,"Synpuf"
137,143,7,2,1.79986961968647,0.0877145137908735,14.6247562732391,0.652509654025108,NA,0.587714228771172,1.30522388878846,23,168,678,4969,-5,-5,NA,NA,NA,NA,NA,NA,"Synpuf"
137,143,22,2,NA,NA,NA,NA,NA,NA,NA,23,171,690,5091,0,0,NA,NA,NA,NA,NA,NA,"Synpuf"
137,143,78200,2,NA,NA,NA,NA,NA,NA,NA,23,170,690,5061,0,0,NA,NA,NA,NA,NA,NA,"Synpuf"
137,143,16,2,NA,NA,NA,NA,NA,NA,NA,23,168,690,5001,0,0,NA,NA,NA,NA,NA,NA,"Synpuf"
137,143,432303,2,NA,NA,NA,NA,NA,NA,NA,23,171,690,5091,0,0,NA,NA,NA,NA,NA,NA,"Synpuf"
137,143,435516,2,NA,NA,NA,NA,NA,NA,NA,23,171,690,5091,0,0,NA,NA,NA,NA,NA,NA,"Synpuf"
137,143,433270,2,NA,NA,NA,NA,NA,NA,NA,23,171,690,5091,0,0,NA,NA,NA,NA,NA,NA,"Synpuf"
137,143,433753,2,NA,NA,NA,NA,NA,NA,NA,23,171,690,5091,0,0,NA,NA,NA,NA,NA,NA,"Synpuf"
137,143,435371,2,NA,NA,NA,NA,NA,NA,NA,23,171,690,5091,0,0,NA,NA,NA,NA,NA,NA,"Synpuf"
137,143,199876,2,0.290749235309986,NA,26.7452646699801,NA,NA,-1.23529411764706,NA,23,170,690,5060,0,-5,NA,NA,NA,NA,NA,NA,"Synpuf"
137,143,439871,2,NA,NA,NA,NA,NA,NA,NA,23,171,690,5091,0,0,NA,NA,NA,NA,NA,NA,"Synpuf"
137,143,438808,2,NA,NA,NA,NA,NA,NA,NA,23,171,690,5091,0,0,NA,NA,NA,NA,NA,NA,"Synpuf"
137,143,439125,2,NA,NA,NA,NA,NA,NA,NA,23,171,690,5091,0,0,NA,NA,NA,NA,NA,NA,"Synpuf"
137,143,197318,2,NA,NA,NA,NA,NA,NA,NA,23,171,690,5091,0,0,NA,NA,NA,NA,NA,NA,"Synpuf"
137,143,440068,2,NA,NA,NA,NA,NA,NA,NA,23,171,690,5091,0,0,NA,NA,NA,NA,NA,NA,"Synpuf"
137,143,4049367,2,NA,NA,NA,NA,NA,NA,NA,23,171,690,5091,0,0,NA,NA,NA,NA,NA,NA,"Synpuf"
137,143,138821,2,NA,NA,NA,NA,NA,NA,NA,23,171,690,5091,0,0,NA,NA,NA,NA,NA,NA,"Synpuf"
137,143,13,2,0.339470237035339,NA,20.9557171988944,NA,NA,-1.08036900287986,NA,23,171,690,5069,0,-5,NA,NA,NA,NA,NA,NA,"Synpuf"
137,143,15,2,0.29908901776951,NA,5.67616688729142,NA,NA,-1.20701403160807,NA,23,168,690,4975,0,-5,NA,NA,NA,NA,NA,NA,"Synpuf"
137,143,374801,2,NA,NA,NA,NA,NA,NA,NA,23,171,690,5091,0,0,NA,NA,NA,NA,NA,NA,"Synpuf"
137,143,439971,2,NA,NA,NA,NA,NA,NA,NA,23,171,690,5091,0,0,NA,NA,NA,NA,NA,NA,"Synpuf"
137,143,378256,2,NA,NA,NA,NA,NA,NA,NA,23,171,690,5091,0,0,NA,NA,NA,NA,NA,NA,"Synpuf"
137,143,436246,2,NA,NA,NA,NA,NA,NA,NA,23,171,690,5091,0,0,NA,NA,NA,NA,NA,NA,"Synpuf"
137,143,4058388,2,NA,NA,NA,NA,NA,NA,NA,23,171,690,5091,0,0,NA,NA,NA,NA,NA,NA,"Synpuf"
137,143,196456,2,NA,NA,NA,NA,NA,NA,NA,23,171,690,5091,0,0,NA,NA,NA,NA,NA,NA,"Synpuf"
137,143,436233,2,NA,NA,NA,NA,NA,NA,NA,23,171,690,5091,0,0,NA,NA,NA,NA,NA,NA,"Synpuf"
137,143,18,2,NA,NA,NA,NA,NA,NA,NA,23,171,690,5091,0,0,NA,NA,NA,NA,NA,NA,"Synpuf"
137,143,19,2,NA,NA,NA,NA,NA,NA,NA,23,171,690,5091,0,0,NA,NA,NA,NA,NA,NA,"Synpuf"
137,143,443792,2,NA,NA,NA,NA,NA,NA,NA,23,171,690,5091,0,0,NA,NA,NA,NA,NA,NA,"Synpuf"
137,143,4008710,2,NA,NA,NA,NA,NA,NA,NA,23,171,690,5091,0,0,NA,NA,NA,NA,NA,NA,"Synpuf"
137,143,435522,2,NA,NA,NA,NA,NA,NA,NA,23,170,690,5061,0,0,NA,NA,NA,NA,NA,NA,"Synpuf"
137,143,313601,2,NA,NA,NA,NA,NA,NA,NA,23,171,690,5091,0,0,NA,NA,NA,NA,NA,NA,"Synpuf"
137,143,4022076,2,NA,NA,NA,NA,NA,NA,NA,23,171,690,5091,0,0,NA,NA,NA,NA,NA,NA,"Synpuf"
137,143,4193634,2,NA,NA,NA,NA,NA,NA,NA,23,171,690,5091,0,0,NA,NA,NA,NA,NA,NA,"Synpuf"
137,143,438130,2,NA,NA,NA,NA,NA,NA,NA,23,171,690,5091,0,0,NA,NA,NA,NA,NA,NA,"Synpuf"
137,143,259995,2,NA,NA,NA,NA,NA,NA,NA,23,171,690,5091,0,0,NA,NA,NA,NA,NA,NA,"Synpuf"
137,143,440382,2,NA,NA,NA,NA,NA,NA,NA,23,171,690,5091,0,0,NA,NA,NA,NA,NA,NA,"Synpuf"
137,143,4091513,2,NA,NA,NA,NA,NA,NA,NA,23,171,690,5091,0,0,NA,NA,NA,NA,NA,NA,"Synpuf"
137,143,4092879,2,NA,NA,NA,NA,NA,NA,NA,23,171,690,5091,0,0,NA,NA,NA,NA,NA,NA,"Synpuf"
137,143,441267,2,NA,NA,NA,NA,NA,NA,NA,23,171,690,5091,0,0,NA,NA,NA,NA,NA,NA,"Synpuf"
137,143,4209423,2,2.90487532468481,0.130889724482616,32.3500163805007,0.448061820278117,NA,1.06639047189057,1.405641807425,23,170,686,5027,-5,-5,NA,NA,NA,NA,NA,NA,"Synpuf"
137,143,4194160,2,NA,NA,NA,NA,NA,NA,NA,23,171,690,5091,0,0,NA,NA,NA,NA,NA,NA,"Synpuf"
137,143,440233,2,NA,NA,NA,NA,NA,NA,NA,23,171,690,5091,0,0,NA,NA,NA,NA,NA,NA,"Synpuf"
137,143,443236,2,NA,NA,NA,NA,NA,NA,NA,23,171,673,5091,-5,0,NA,NA,NA,NA,NA,NA,"Synpuf"
137,143,4216708,2,NA,NA,NA,NA,NA,NA,NA,23,171,690,5091,0,0,NA,NA,NA,NA,NA,NA,"Synpuf"
137,143,443447,2,NA,NA,NA,NA,NA,NA,NA,23,171,690,5091,0,0,NA,NA,NA,NA,NA,NA,"Synpuf"
137,143,4248728,2,NA,NA,NA,NA,NA,NA,NA,23,171,690,5091,0,0,NA,NA,NA,NA,NA,NA,"Synpuf"
137,143,4163735,2,NA,NA,NA,NA,NA,NA,NA,23,171,690,5091,0,0,NA,NA,NA,NA,NA,NA,"Synpuf"
137,143,4166231,2,0.292067823691414,NA,27.2397391424547,NA,NA,-1.23076923076923,NA,23,170,690,5034,0,-5,NA,NA,NA,NA,NA,NA,"Synpuf"
137,143,17,2,NA,NA,NA,NA,NA,NA,NA,23,171,690,5091,0,0,NA,NA,NA,NA,NA,NA,"Synpuf"
137,143,4119307,2,NA,NA,NA,NA,NA,NA,NA,23,171,690,5091,0,0,NA,NA,NA,NA,NA,NA,"Synpuf"
137,143,4168212,2,NA,NA,NA,NA,NA,NA,NA,23,171,690,5091,0,0,NA,NA,NA,NA,NA,NA,"Synpuf"
137,143,4176908,2,NA,NA,NA,NA,NA,NA,NA,23,171,690,5091,0,0,NA,NA,NA,NA,NA,NA,"Synpuf"
137,143,4344500,2,NA,NA,NA,NA,NA,NA,NA,23,171,690,5091,0,0,NA,NA,NA,NA,NA,NA,"Synpuf"
137,143,40479573,2,NA,NA,NA,NA,NA,NA,NA,23,171,690,5091,0,0,NA,NA,NA,NA,NA,NA,"Synpuf"
137,143,4275889,2,NA,NA,NA,NA,NA,NA,NA,23,171,690,5091,0,0,NA,NA,NA,NA,NA,NA,"Synpuf"
137,143,4311591,2,NA,NA,NA,NA,NA,NA,NA,23,170,690,5061,0,0,NA,NA,NA,NA,NA,NA,"Synpuf"
137,143,40483172,2,NA,NA,NA,NA,NA,NA,NA,23,171,690,5091,0,0,NA,NA,NA,NA,NA,NA,"Synpuf"
137,143,40486120,2,NA,NA,NA,NA,NA,NA,NA,23,171,690,5091,0,0,NA,NA,NA,NA,NA,NA,"Synpuf"
137,143,4195873,2,NA,NA,NA,NA,NA,NA,NA,23,171,690,5091,0,0,NA,NA,NA,NA,NA,NA,"Synpuf"
137,143,4198492,2,NA,NA,NA,NA,NA,NA,NA,23,171,690,5091,0,0,NA,NA,NA,NA,NA,NA,"Synpuf"
137,143,44782778,2,NA,NA,NA,NA,NA,NA,NA,23,171,690,5091,0,0,NA,NA,NA,NA,NA,NA,"Synpuf"
137,143,441553,2,NA,NA,NA,NA,NA,NA,NA,23,171,690,5091,0,0,NA,NA,NA,NA,NA,NA,"Synpuf"
137,143,4098604,2,NA,NA,NA,NA,NA,NA,NA,23,171,690,5091,0,0,NA,NA,NA,NA,NA,NA,"Synpuf"
137,143,46286594,2,NA,NA,NA,NA,NA,NA,NA,23,171,690,5091,0,0,NA,NA,NA,NA,NA,NA,"Synpuf"
2,28,6,1,0.924487257560109,0.727006024996577,1.15904348321636,0.509332510726477,NA,-0.0785160113109414,0.118985756680241,3827,38371,199019,2044973,79,806,0.245676359828553,0.852956155413771,0.670275160164424,1.08542617464713,-0.159047133264295,0.122971561074668,"Synpuf"
2,28,138821,1,NA,NA,NA,NA,NA,NA,NA,3883,38853,204933,2101078,0,0,NA,NA,NA,NA,NA,NA,"Synpuf"
2,28,432303,1,0.353971493558394,0.0198940564528281,1.64509437241209,0.356499519805365,NA,-1.03853889576201,1.12632988392136,3879,38834,204723,2098851,-5,38,0.321516308762505,0.32658337018995,0.0358835985434538,2.97229659270285,-1.11907001771534,1.12675791630442,"Synpuf"
2,28,7,1,1.07365856354699,0.878740862199526,1.29891484235769,0.475907768558063,NA,0.071072034505923,0.0996942844005693,3813,38178,196689,2018330,114,1137,0.733554914010235,0.990585508995589,0.80725414930045,1.21555231581329,-0.00945908744742496,0.104419082942307,"Synpuf"
2,28,18,1,1.07121698285379,0.497834681946431,2.03190891471063,0.847947157712722,NA,0.0687953693148862,0.358798155323407,3883,38853,204933,2101078,9,85,0.910419650284189,0.988332842704999,0.487923649281129,2.00195626797036,-0.0117357526384438,0.360139571282934,"Synpuf"
2,28,19,1,916514696801804,4.35909729978646,NA,NA,NA,34.45159921887,NA,3883,38853,204933,2101078,-5,0,NA,NA,NA,NA,NA,NA,"Synpuf"
2,28,8,1,0.351022001278906,NA,19.8670434905061,NA,NA,-1.0469063757744,NA,3883,38852,204933,2100970,0,-5,NA,NA,NA,NA,NA,NA,"Synpuf"
2,28,9,1,0.833730353877278,0.511418159128309,1.28121905404691,0.43764766682517,NA,-0.181845245595412,0.234284845541613,3871,38694,203851,2080768,20,284,0.282447738305194,0.769221459224589,0.484042486204178,1.22241677165922,-0.262376367548768,0.236334050426144,"Synpuf"
2,28,12,1,0.944669967488414,0.713929170177365,1.22581003230998,0.679790777055433,NA,-0.0569196532401501,0.137903911396213,3848,38521,200017,2056524,59,593,0.370993871442291,0.871577252162824,0.660666588066186,1.14981886508176,-0.137450775193486,0.141357289584745,"Synpuf"
2,28,13,1,0.959164285494396,0.696325457396838,1.28765687423,0.7903564337712,NA,-0.0416929096000572,0.15683000090463,3859,38527,201306,2060158,45,551,0.474097859591055,0.884950089549829,0.64689360226309,1.21061123228695,-0.122224031553415,0.159875087878374,"Synpuf"
2,28,10,1,1.19017194112891,0.410186815080315,2.74440905261374,0.719557116413126,NA,0.174097785029624,0.484883488145736,3880,38835,204363,2098079,5,48,0.847694765529176,1.09808380254573,0.423697881368586,2.84586751653909,0.0935666630762881,0.485876930525358,"Synpuf"
2,28,11,1,0.488064479926789,0.0272167633475694,2.3314232635571,0.527512979201034,NA,-0.717307750860004,1.13532727001452,3883,38843,204916,2099799,-5,25,0.483078128514712,0.450301071202496,0.0486126392597211,4.17115914325868,-0.797838872813358,1.13575191154538,"Synpuf"
2,28,22,1,0.449046625767931,0.109658786498987,1.20980700541415,0.191141272318119,NA,-0.800628553050116,0.612471081424453,3880,38804,204621,2094814,-5,76,0.153223002462627,0.414302177108858,0.124540661072676,1.37823496742937,-0.881159675003445,0.613257874080399,"Synpuf"
2,28,25518,1,1.17510532956241,0.0641240914849444,6.09917194310298,0.889562279671275,NA,0.161357785759278,1.16203363794696,3883,38852,204905,2100705,-5,11,0.943947518109627,1.08418295213184,0.111077116401598,10.5823117467643,0.0808266638059223,1.16244852370357,"Synpuf"
2,28,138278,1,NA,NA,NA,NA,NA,NA,NA,3883,38853,204933,2101078,0,0,NA,NA,NA,NA,NA,NA,"Synpuf"
2,28,4209423,1,1.09649758874916,0.877152747023447,1.35354958004557,0.405171373346271,NA,0.0921210898302114,0.110666470319155,3827,38323,199216,2032957,92,935,0.747942273693188,1.01165739178309,0.807598300224957,1.26727690989975,0.0115899678768727,0.114941124899974,"Synpuf"
2,28,73754,1,1.1882464457355,0.617482664667049,2.08191895402446,0.578017033533579,NA,0.172478645331827,0.310055270486654,3877,38785,204370,2093457,12,108,0.770518309197951,1.09630729006856,0.595240254878147,2.01916732681913,0.0919475233784794,0.311606587377297,"Synpuf"
2,28,78200,1,0.651853354051672,0.253043922157409,1.37506097657304,0.321679552283671,NA,-0.42793565945179,0.431816678786597,3880,38812,204488,2094697,6,91,0.245422121782756,0.601416975970966,0.257432499118724,1.40503774863037,-0.508466781405133,0.432931909910386,"Synpuf"
2,28,15,1,1.22898581843555,0.904471931156642,1.63477085536673,0.172096676326305,NA,0.206189291408734,0.150999369540271,3845,38547,200755,2070637,51,376,0.443644559407702,1.1338945022535,0.838207803720956,1.53388782177072,0.125658169455377,0.154159670932221,"Synpuf"
2,28,374801,1,0.325488378434657,NA,3.44393410441976,NA,NA,-1.12242852170468,NA,3883,38849,204933,2100662,0,7,NA,NA,NA,NA,NA,NA,"Synpuf"
2,28,16,1,1.16735721244882,0.543976195402177,2.20513253636668,0.664736544414991,NA,0.154742401110388,0.357056919633188,3865,38790,203778,2094316,9,92,0.835257318511076,1.07703433636578,0.533525013377474,2.1742241368732,0.0742112791570264,0.358404852643366,"Synpuf"
2,28,378256,1,NA,NA,NA,NA,NA,NA,NA,3883,38853,204933,2101078,0,0,NA,NA,NA,NA,NA,NA,"Synpuf"
2,28,434164,1,NA,NA,NA,NA,NA,NA,NA,3883,38853,204933,2101078,0,0,NA,NA,NA,NA,NA,NA,"Synpuf"
2,28,20,1,1.17337303525994,0.279263417044423,3.33840212595625,0.800576031291003,NA,0.15988253723871,0.63294328420296,3879,38835,204651,2098936,-5,30,0.899642871414757,1.08258469204098,0.312645007227593,3.74862731963703,0.0793514152853732,0.633704659567847,"Synpuf"
2,28,17,1,1.04578631646315,0.43570519694466,2.1277218334391,0.911884821359115,NA,0.0447690584093305,0.404558776640804,3880,38817,204062,2096345,7,76,0.90618093877021,0.964869843883978,0.435606762702398,2.1371886190682,-0.0357620635440128,0.405748935054028,"Synpuf"
2,28,433270,1,NA,NA,NA,NA,NA,NA,NA,3883,38853,204933,2101078,0,0,NA,NA,NA,NA,NA,NA,"Synpuf"
2,28,196456,1,1.00197013625602,0.704490875428026,1.38334412891151,0.990877520933389,NA,0.00196819808281563,0.172141874663855,3863,38588,202631,2071761,38,399,0.669100066424069,0.924443888513842,0.656126929787083,1.30248655285026,-0.0785629238705212,0.17492060928649,"Synpuf"
2,28,197318,1,3.19110199737363,0.713694732020131,10.3991917724605,0.0895385712845616,NA,1.1603663108635,0.683438079558997,3881,38841,204739,2100096,-5,11,0.115505324818254,2.94419427521002,0.77023396075462,11.2540869032661,1.07983518891017,0.68414326214007,"Synpuf"
2,28,433753,1,1.30718781930703,0.772420751931491,2.07850860957703,0.288779889361465,NA,0.267878126924611,0.252524151383885,3875,38751,203925,2088334,18,163,0.470441027662233,1.20604571630602,0.732479618707717,1.9857839490282,0.187347004971286,0.254426495421611,"Synpuf"
2,28,4049367,1,1.06802384531122,0.0574846296866026,5.81365842912422,0.955436778123697,NA,0.0658100673591874,1.17768687685459,3883,38845,204909,2100243,-5,9,0.972013416054518,0.985386770382461,0.0979060165677181,9.91754257076932,-0.0147210545941618,1.17809625008141,"Synpuf"
2,28,438130,1,0.545486507277133,0.0302918621557541,2.64697856170542,0.595100669840441,NA,-0.606077208612289,1.14040233331822,3883,38838,204929,2099579,-5,21,0.547927392850451,0.503280137473324,0.0537944804263854,4.70849229823467,-0.686608330565647,1.14082508579449,"Synpuf"
2,28,21,1,0.592071755769079,0.207993519489224,1.32000959490961,0.266210036659782,NA,-0.524127442373967,0.471408499361894,3880,38802,204663,2093049,5,98,0.204784177039248,0.546260907762751,0.216404725599762,1.3789023253664,-0.604658564327309,0.472430278253847,"Synpuf"
2,28,313601,1,NA,NA,NA,NA,NA,NA,NA,3883,38853,204933,2101078,0,0,NA,NA,NA,NA,NA,NA,"Synpuf"
2,28,4022076,1,NA,NA,NA,NA,NA,NA,NA,3883,38853,204933,2101078,0,0,NA,NA,NA,NA,NA,NA,"Synpuf"
2,28,439791,1,NA,NA,NA,NA,NA,NA,NA,3883,38853,204933,2101078,0,0,NA,NA,NA,NA,NA,NA,"Synpuf"
2,28,321689,1,0.969826197768301,0.76658764400463,1.20978162128075,0.792368812322968,NA,-0.0306384010973776,0.116391452272022,3834,38311,198735,2034043,82,924,0.407083694380985,0.894787049040783,0.706612459425872,1.1330735149811,-0.111169523050719,0.120463125903167,"Synpuf"
2,28,374375,1,NA,NA,NA,NA,NA,NA,NA,3883,38853,204933,2101078,0,0,NA,NA,NA,NA,NA,NA,"Synpuf"
2,28,4195873,1,NA,NA,NA,NA,NA,NA,NA,3883,38853,204933,2101078,0,0,NA,NA,NA,NA,NA,NA,"Synpuf"
2,28,4198492,1,NA,NA,NA,NA,NA,NA,NA,3883,38853,204933,2101078,0,0,NA,NA,NA,NA,NA,NA,"Synpuf"
2,28,439125,1,0.41691374033256,0.0233525229626202,1.9620042690221,0.438951656797994,NA,-0.874875936297026,1.1303821965244,3883,38836,204911,2098852,-5,30,0.398923461837892,0.384655535471361,0.0419300982790823,3.52872726374163,-0.955407058250387,1.13080869503188,"Synpuf"
2,28,4092879,1,NA,NA,NA,NA,NA,NA,NA,3883,38853,204933,2101078,0,0,NA,NA,NA,NA,NA,NA,"Synpuf"
2,28,199876,1,1.07180215773675,0.69583780224514,1.5813610477315,0.740563872596871,NA,0.0693414912663165,0.209423385805863,3863,38694,203010,2084150,26,239,0.852776847137265,0.988872740377258,0.653024780455625,1.49744592537359,-0.011189630687042,0.21171336533805,"Synpuf"
2,28,438808,1,0.751336264435589,0.120514448352153,2.53943903548829,0.713098970436286,NA,-0.285901971857262,0.777547153522364,3881,38840,204714,2099600,-5,26,0.638871498034965,0.693202514469777,0.150828401562562,3.18593660801948,-0.366433093810599,0.77816705821507,"Synpuf"
2,28,443236,1,3.33246662410092,0.739975697247325,10.9491321926465,0.079909082410011,NA,1.20371275774703,0.687359093698345,3882,38843,204764,2100256,-5,12,0.103592162984477,3.07462098205614,0.798203510387673,11.8432129905174,1.12318163579369,0.688060257702903,"Synpuf"
2,28,435371,1,2.46854749714401,0.374033577349556,9.6145333833242,0.275268781949531,NA,0.903629919829626,0.828251330122663,3882,38838,204851,2099951,-5,10,0.321679319830787,2.27754657016824,0.448707233829743,11.5603627225081,0.823098797876284,0.828833312789929,"Synpuf"
2,28,443447,1,1.21597514849079,0.288554054664383,3.47891136147066,0.758163886598926,NA,0.195546346238748,0.635111737609213,3882,38830,204781,2098566,-5,29,0.857115041163776,1.12189051742335,0.322623881784768,3.90125593344669,0.115015224285401,0.635870516527822,"Synpuf"
2,28,4248728,1,NA,NA,NA,NA,NA,NA,NA,3883,38853,204933,2101078,0,0,NA,NA,NA,NA,NA,NA,"Synpuf"
2,28,4275889,1,NA,NA,NA,NA,NA,NA,NA,3883,38853,204933,2101078,0,0,NA,NA,NA,NA,NA,NA,"Synpuf"
2,28,4098604,1,NA,NA,NA,NA,NA,NA,NA,3883,38853,204933,2101078,0,0,NA,NA,NA,NA,NA,NA,"Synpuf"
2,28,259995,1,1.09780900399529,0.059234172272273,5.89693528762264,0.936628245801644,NA,0.0933163789539902,1.17366683234163,3882,38849,204889,2100505,-5,10,0.972208490314278,1.01286733783411,0.101432211735907,10.1141464480949,0.0127852570006581,1.17407760726419,"Synpuf"
2,28,434327,1,0.367649289333217,0.0206151013370343,1.72257628004042,0.375454182871845,NA,-1.00062581333996,1.12898819556591,3882,38833,204812,2099207,-5,34,0.339348353449913,0.339202862782427,0.0370765683026694,3.10326946066126,-1.08115693529332,1.12941522048693,"Synpuf"
2,28,4091513,1,NA,NA,NA,NA,NA,NA,NA,3883,38853,204933,2101078,0,0,NA,NA,NA,NA,NA,NA,"Synpuf"
2,28,436233,1,0.329477435031643,NA,3.75628889467483,NA,NA,-1.11024740983789,NA,3883,38849,204933,2100603,0,7,NA,NA,NA,NA,NA,NA,"Synpuf"
2,28,436246,1,2.25486909814962,0.650352633359675,6.0190607573714,0.152038927857473,NA,0.813091921668642,0.567656292326868,3882,38838,204749,2099397,-5,22,0.199399306848794,2.08040128318801,0.68270751827797,6.33956618788579,0.732560799715287,0.568505110582709,"Synpuf"
2,28,435516,1,0.542284258956106,0.087674272111303,1.79623920695623,0.426979566227902,NA,-0.611964952006507,0.770376894339293,3879,38829,204248,2098218,-5,36,0.370954755655977,0.500325659308008,0.110401304220914,2.26741674048604,-0.692496073959845,0.771002564115209,"Synpuf"
2,28,4058388,1,NA,NA,NA,NA,NA,NA,NA,3883,38853,204933,2101078,0,0,NA,NA,NA,NA,NA,NA,"Synpuf"
2,28,439971,1,NA,NA,NA,NA,NA,NA,NA,3883,38853,204933,2101078,0,0,NA,NA,NA,NA,NA,NA,"Synpuf"
2,28,440382,1,1.98252290122815,0.101936281414653,12.4584234486609,0.576696168884479,NA,0.684370226151518,1.22599302006922,3883,38850,204933,2100728,-5,6,0.623054964884217,1.82912754937716,0.16532636096738,20.2369880538934,0.603839104198173,1.22638626859518,"Synpuf"
2,28,441267,1,1.02846625154182,0.0558884216637179,5.37590232271794,0.980776593023293,NA,0.0280686162927967,1.16490009920702,3881,38845,204830,2100023,-5,12,0.960978988154161,0.94888989838878,0.0966715714706018,9.31392782352858,-0.052462505660543,1.16531396442027,"Synpuf"
2,28,439871,1,0.987234115552717,0.054127037966697,5.03721833501064,0.991135893807303,NA,-0.0128480685343666,1.15646906989769,3883,38852,204914,2100682,-5,12,0.935622408728554,0.910848049888259,0.0943415105834846,8.79405221364422,-0.0933791904877097,1.15688595123737,"Synpuf"
2,28,441553,1,NA,NA,NA,NA,NA,NA,NA,3883,38853,204933,2101078,0,0,NA,NA,NA,NA,NA,NA,"Synpuf"
2,28,4216708,1,NA,NA,NA,NA,NA,NA,NA,3883,38852,204933,2101035,0,0,NA,NA,NA,NA,NA,NA,"Synpuf"
2,28,4163735,1,0.335324128427806,NA,21.6518861295754,NA,NA,-1.0926576673838,NA,3883,38853,204933,2100961,0,-5,NA,NA,NA,NA,NA,NA,"Synpuf"
2,28,4176908,1,NA,NA,NA,NA,NA,NA,NA,3883,38853,204933,2101078,0,0,NA,NA,NA,NA,NA,NA,"Synpuf"
2,28,44782778,1,1.78190493988829,0.772815738446266,3.60371750186939,0.14136041423155,NA,0.577682983006375,0.392782876373399,3881,38829,204651,2098155,8,46,0.211733310612767,1.64403216421954,0.759503143103046,3.55869726351041,0.497151861053027,0.3940086071554,"Synpuf"
2,28,440068,1,1.10322249841343,0.378624232814209,2.56532736347332,0.840492960066757,NA,0.0982354410647756,0.488094972288932,3880,38832,204711,2098760,5,42,0.93055284075728,1.0178619695594,0.390284790787281,2.65458202197796,0.0177043191114308,0.489081891419124,"Synpuf"
2,28,435522,1,1.52118877856542,0.0811276636692939,8.52300323114143,0.723872559413916,NA,0.419492120345717,1.18739427808966,3882,38849,204834,2100562,-5,8,0.775700037595472,1.40348860583337,0.136820583412324,14.39681236242,0.33896099839238,1.18780030568292,"Synpuf"
2,28,4008710,1,NA,NA,NA,NA,NA,NA,NA,3883,38853,204933,2101078,0,0,NA,NA,NA,NA,NA,NA,"Synpuf"
2,28,4119307,1,0.338523805132179,NA,20.6442541494694,NA,NA,-1.08316086374896,NA,3883,38853,204933,2100998,0,-5,NA,NA,NA,NA,NA,NA,"Synpuf"
2,28,4311591,1,1.4462764634479,0.874815437070165,2.26470696950027,0.128347793017,NA,0.368992297334422,0.242654387712017,3877,38765,204017,2090841,20,147,0.250629928980646,1.33437254201175,0.826122953527143,2.15530881120404,0.288461175381073,0.244633494060535,"Synpuf"
2,28,4194160,1,NA,NA,NA,NA,NA,NA,NA,3883,38853,204933,2101078,0,0,NA,NA,NA,NA,NA,NA,"Synpuf"
2,28,40486120,1,NA,NA,NA,NA,NA,NA,NA,3883,38853,204933,2101078,0,0,NA,NA,NA,NA,NA,NA,"Synpuf"
2,28,4166231,1,0.900588319796562,0.534016425374461,1.42466366539344,0.675741840217836,NA,-0.10470704055635,0.250327161795848,3874,38733,203948,2087834,18,192,0.47630511018874,0.830906369538889,0.506803773300592,1.36227358854098,-0.185238162509691,0.25224607523832,"Synpuf"
2,28,46286594,1,1.63450174174999,0.376619424073416,4.98100331576137,0.455731833094974,NA,0.491338012797948,0.658724202782391,3883,38842,204830,2099307,-5,17,0.535057128734884,1.50803411324418,0.414077239846496,5.49213206587068,0.410806890844611,0.659455813433826,"Synpuf"
2,28,4344500,1,NA,NA,NA,NA,NA,NA,NA,3883,38853,204933,2101078,0,0,NA,NA,NA,NA,NA,NA,"Synpuf"
2,28,443792,1,0.65357006657752,0.274440152082734,1.31181618141292,0.286574001541422,NA,-0.425305534255106,0.399097803433855,3878,38784,204447,2092228,7,112,0.212001232388504,0.603000859906657,0.275155615200074,1.32147053144371,-0.505836656208444,0.400304198386803,"Synpuf"
2,28,4168212,1,NA,NA,NA,NA,NA,NA,NA,3883,38853,204933,2101078,0,0,NA,NA,NA,NA,NA,NA,"Synpuf"
2,28,440233,1,NA,NA,NA,NA,NA,NA,NA,3883,38853,204933,2101078,0,0,NA,NA,NA,NA,NA,NA,"Synpuf"
2,28,40479573,1,NA,NA,NA,NA,NA,NA,NA,3883,38853,204933,2101078,0,0,NA,NA,NA,NA,NA,NA,"Synpuf"
2,28,40483172,1,0.333079544510919,0.0187254555577686,1.54645760572869,0.328889295738638,NA,-1.099373945122,1.12599985396717,3881,38834,204818,2098596,-5,39,0.295754814620069,0.307307910855155,0.0337875326414537,2.79505914433936,-1.17990506707534,1.12642801175861,"Synpuf"
2,28,4193634,1,NA,NA,NA,NA,NA,NA,NA,3883,38853,204933,2101078,0,0,NA,NA,NA,NA,NA,NA,"Synpuf"
2,28,259995,2,0.312678565993574,NA,7.53903197594277,NA,NA,-1.16257956181945,NA,3882,38849,115172,1151095,0,-5,NA,NA,NA,NA,NA,NA,"Synpuf"
2,28,13,2,1.08709529634379,0.724695718896122,1.56792999745487,0.671448423677541,NA,0.0835092734258832,0.196881088846151,3859,38527,114144,1137252,29,298,0.715241459864282,0.928953505274582,0.629767031476751,1.37027594623106,-0.0736965895643635,0.198324424731623,"Synpuf"
2,28,138821,2,NA,NA,NA,NA,NA,NA,NA,3883,38853,115202,1151266,0,0,NA,NA,NA,NA,NA,NA,"Synpuf"
2,28,199876,2,1.1919841101414,0.665942413575921,1.98144210735592,0.527808554816357,NA,0.175619238136017,0.278162507966807,3863,38694,114428,1144729,15,121,0.856139745707377,1.01858394666192,0.589322896916508,1.76051747153533,0.0184133751457836,0.279185950825374,"Synpuf"
2,28,435516,2,0.448636337225935,0.0249454924629661,2.16848253457191,0.481632758978046,NA,-0.801542658781156,1.13907444250053,3879,38829,115077,1150244,-5,21,0.400887813134314,0.383372368053902,0.0410984818370836,3.57615089457247,-0.958748521771412,1.13932479998364,"Synpuf"
2,28,12,2,0.776250122995215,0.522770753191722,1.10893014928697,0.186750341089271,NA,-0.253280487286519,0.191842291091042,3848,38521,113697,1135962,30,360,0.0455915724326939,0.663327562129548,0.454120382022084,0.968913689188533,-0.41048635027677,0.193323249897532,"Synpuf"
2,28,20,2,1.75097772772089,0.405465819296907,5.27896404085834,0.392221304440544,NA,0.560174333474614,0.654718299938331,3879,38835,115071,1150485,-5,18,0.541348396896469,1.49625971457579,0.41432303593668,5.40349664218181,0.402968470484367,0.65515377322734,"Synpuf"
2,28,321689,2,1.00456585915746,0.740863569734936,1.33136447536532,0.975695861915482,NA,0.00455546724254219,0.149529054957492,3834,38311,112977,1127693,50,524,0.363970272338583,0.858429780058928,0.637987371435548,1.15504118151098,-0.152650395747699,0.151424412088548,"Synpuf"
2,28,15,2,1.3029179848487,0.873904347283115,1.87654944110021,0.174701142942957,NA,0.264606352837592,0.194957418750135,3845,38547,113628,1139026,31,209,0.609705962059953,1.11338006261385,0.757625845567232,1.63618383807634,0.107400489847336,0.196414891048514,"Synpuf"
2,28,197318,2,1.47947740476975,0.079420541911743,8.16947061784476,0.740361465650485,NA,0.391688920534512,1.18201211282425,3881,38841,115128,1150765,-5,8,0.843305637269239,1.26425505266904,0.124594478998363,12.8283440088878,0.234483057544253,1.18225337773386,"Synpuf"
2,28,435522,2,3.51564590993244,0.179218384314808,23.954511682217,0.314067256170145,NA,1.25722326654118,1.24882572246379,3882,38849,115159,1151084,-5,-5,0.379522502701326,3.00421830755772,0.259737542009317,34.7478749881352,1.10001740355091,1.24905408185038,"Synpuf"
2,28,9,2,0.873142863144777,0.457920130075738,1.50967530763077,0.655776409036912,NA,-0.135656090317168,0.304330872304818,3871,38694,114677,1144363,12,156,0.353482428103364,0.746125133695092,0.410174136796661,1.3572350501648,-0.292861953307423,0.305266595188041,"Synpuf"
2,28,16,2,1.35672979408383,0.516652917454771,2.95605725191803,0.492954665705613,NA,0.305077240969573,0.444967446892614,3865,38790,114557,1148754,6,49,0.744087567893723,1.15936376706209,0.484080457863055,2.77665483607822,0.147871377979314,0.445607947745569,"Synpuf"
2,28,11,2,0.96066473211157,0.0522948836804706,4.99801557413301,0.972480283038869,NA,-0.0401298048559199,1.16326058119502,3883,38843,115198,1150789,-5,12,0.865354987929583,0.820915032279253,0.0839306007515787,8.02927042327158,-0.19733566784619,1.16350573443454,"Synpuf"
2,28,440068,2,1.17043451566484,0.27593892442581,3.40076361048539,0.80597465698337,NA,0.157375060774965,0.640719866181374,3880,38832,115053,1150211,-5,24,0.938334813506631,1.00016921209947,0.284651170712337,3.51426080675632,0.00016919778471447,0.641164847148816,"Synpuf"
2,28,313601,2,NA,NA,NA,NA,NA,NA,NA,3883,38853,115202,1151266,0,0,NA,NA,NA,NA,NA,NA,"Synpuf"
2,28,8,2,0.350034188129955,NA,119.554400286505,NA,NA,-1.0497244488978,NA,3883,38852,115202,1151233,0,-5,NA,NA,NA,NA,NA,NA,"Synpuf"
2,28,19,2,NA,NA,NA,NA,NA,NA,NA,3883,38853,115202,1151266,-5,0,NA,NA,NA,NA,NA,NA,"Synpuf"
2,28,17,2,1.12239677333704,0.335090267876297,2.80962684110077,0.831438775288551,NA,0.115466375013172,0.542460734392488,3880,38817,115053,1149536,-5,40,0.914012656493916,0.959119610219136,0.330888779721319,2.78011973534336,-0.0417394879770825,0.542986245366782,"Synpuf"
2,28,10,2,1.20183469307609,0.28571457182575,3.42535732324879,0.771716032089891,NA,0.183849300096375,0.633676889199808,3880,38835,115051,1150313,-5,29,0.931721007306704,1.02700154682717,0.296347574064321,3.55910515048278,0.0266434371061166,0.634126812400979,"Synpuf"
2,28,21,2,0.565590770202824,0.13734216008856,1.542166814406,0.355649667330634,NA,-0.569884483127648,0.616967560830671,3880,38802,115076,1148963,-5,56,0.242516155552568,0.483313220375391,0.144102526482123,1.62101022578957,-0.727090346117905,0.617429660299234,"Synpuf"
2,28,196456,2,1.06034361585369,0.669414146864754,1.59895201001899,0.791943275584882,NA,0.0585930214932662,0.222121626864709,3863,38588,114328,1140446,23,219,0.672934846238408,0.906093441904923,0.584807457583452,1.40388997236055,-0.0986128414969869,0.223401950351623,"Synpuf"
2,28,435371,2,1.65288805716085,0.0880589530063155,9.40184907681894,0.673206027999017,NA,0.502524095529897,1.19151555471086,3882,38838,115162,1150727,-5,7,0.772846826146095,1.41243933231081,0.136630040333993,14.6013633793993,0.34531823253964,1.19175489569702,"Synpuf"
2,28,436246,2,1.81281438500032,0.280168686230463,6.71417745130734,0.462895843786956,NA,0.594880546498603,0.810368139337845,3882,38838,115149,1150627,-5,13,0.591284416358623,1.54910087737669,0.316223088323023,7.58867273422441,0.437674683508362,0.810720010579335,"Synpuf"
2,28,138278,2,NA,NA,NA,NA,NA,NA,NA,3883,38853,115202,1151266,0,0,NA,NA,NA,NA,NA,NA,"Synpuf"
2,28,434164,2,NA,NA,NA,NA,NA,NA,NA,3883,38853,115202,1151266,0,0,NA,NA,NA,NA,NA,NA,"Synpuf"
2,28,440233,2,NA,NA,NA,NA,NA,NA,NA,3883,38853,115202,1151266,0,0,NA,NA,NA,NA,NA,NA,"Synpuf"
2,28,18,2,1.50236451265424,0.614154488340938,3.15232964567691,0.329314964809833,NA,0.407040208755091,0.417265453665461,3883,38853,115202,1151266,7,46,0.556690341482364,1.28381273005612,0.565904759410934,2.91246026552203,0.249834345764839,0.417948409642299,"Synpuf"
2,28,7,2,1.03416249139576,0.783799767222303,1.33920066488534,0.80582396782879,NA,0.0335919120915279,0.136654196623131,3813,38178,112310,1121955,60,611,0.429914035885272,0.883720934711651,0.673335828403693,1.1598412820228,-0.123613950898729,0.138725569937905,"Synpuf"
2,28,434327,2,0.700145159582862,0.0385162822787704,3.50980664276363,0.756807969086913,NA,-0.356467594604431,1.15110154951346,3882,38833,115167,1150472,-5,16,0.655935228722833,0.598293730442048,0.0626446746385118,5.71405933468123,-0.513673457594678,1.15134929174085,"Synpuf"
2,28,78200,2,1.28486901307781,0.487236027106928,2.82043338085289,0.575769223666609,NA,0.250656777803415,0.44794118315507,3880,38812,115054,1149480,6,43,0.835599508766473,1.09795670860841,0.455780152284902,2.64493512482896,0.093450914813161,0.448577437981719,"Synpuf"
2,28,436233,2,0.327676714634643,NA,4.16203023421656,NA,NA,-1.11572778276071,NA,3883,38849,115202,1151085,0,6,NA,NA,NA,NA,NA,NA,"Synpuf"
2,28,433753,2,1.69264722607438,0.89599848637348,2.94517662038073,0.0829779144480487,NA,0.526293709361956,0.303573267922328,3875,38751,114750,1146911,13,86,0.23933283781792,1.44641466037381,0.796328594288315,2.62720111364834,0.369087846371698,0.304511318832202,"Synpuf"
2,28,443792,2,0.307999891483939,0.0504018727717572,0.989330024577403,0.120982231669234,NA,-1.1776558483335,0.759452638443654,3878,38784,115009,1148320,-5,63,0.0805820750099329,0.263194569768159,0.0593622130150022,1.16692720903007,-1.33486171132375,0.759828088674611,"Synpuf"
2,28,73754,2,1.44760909168222,0.66770796300958,2.77958594952972,0.309293009983686,NA,0.369913293208745,0.363834838548586,3877,38785,114895,1148285,9,64,0.567743191904781,1.23702268283963,0.605360883084303,2.5277898863621,0.212707430218487,0.364617887714745,"Synpuf"
2,28,439871,2,1.93468106996483,0.102257358679738,11.3828987187259,0.583029718765721,NA,0.65994249117355,1.20215847663637,3883,38852,115196,1151168,-5,6,0.676941685281179,1.65323938717862,0.156622686433926,17.4508593457937,0.502736628183285,1.2023956991143,"Synpuf"
2,28,439971,2,NA,NA,NA,NA,NA,NA,NA,3883,38853,115202,1151266,0,0,NA,NA,NA,NA,NA,NA,"Synpuf"
2,28,440382,2,0.330717131047511,NA,6.70814135907498,NA,NA,-1.10649185795474,NA,3883,38850,115202,1151149,0,5,NA,NA,NA,NA,NA,NA,"Synpuf"
2,28,441267,2,1.25219851831599,0.0670441562842543,6.90403053942563,0.849133581560193,NA,0.224900821063707,1.18229448128054,3881,38845,115125,1150928,-5,9,0.950975472721998,1.07003885197697,0.105395809473902,10.8636496124043,0.06769495807346,1.18253568858039,"Synpuf"
2,28,4098604,2,NA,NA,NA,NA,NA,NA,NA,3883,38853,115202,1151266,0,0,NA,NA,NA,NA,NA,NA,"Synpuf"
2,28,432303,2,0.332616866341147,NA,1.37933574252817,NA,NA,-1.10076400292232,NA,3879,38834,115082,1150373,0,24,NA,NA,NA,NA,NA,NA,"Synpuf"
2,28,433270,2,NA,NA,NA,NA,NA,NA,NA,3883,38853,115202,1151266,0,0,NA,NA,NA,NA,NA,NA,"Synpuf"
2,28,4119307,2,0.338523805132179,NA,20.6442541494693,NA,NA,-1.08316086374896,NA,3883,38853,115202,1151212,0,-5,NA,NA,NA,NA,NA,NA,"Synpuf"
2,28,4163735,2,0.335368411300309,NA,21.6699503961828,NA,NA,-1.09252561619807,NA,3883,38853,115202,1151235,0,-5,NA,NA,NA,NA,NA,NA,"Synpuf"
2,28,439125,2,0.724903541768469,0.0399899417846059,3.59817932529632,0.779267663432292,NA,-0.321716678815439,1.14786682865677,3883,38836,115180,1150488,-5,17,0.676962788108166,0.619450464348992,0.0652723267491127,5.87873754304943,-0.478922541805701,1.14811526887784,"Synpuf"
2,28,443447,2,0.535567807872962,0.0297255116464621,2.60408953901075,0.584214027354277,NA,-0.624427771764313,1.14104972543008,3882,38830,115162,1150316,-5,20,0.494212737209966,0.457657754668885,0.0488725278240104,4.28565146379971,-0.78163363475457,1.14129964961177,"Synpuf"
2,28,439791,2,NA,NA,NA,NA,NA,NA,NA,3883,38853,115202,1151266,0,0,NA,NA,NA,NA,NA,NA,"Synpuf"
2,28,6,2,0.93425122661441,0.681792015776583,1.24940546613967,0.659833574449372,NA,-0.0680098976771751,0.154517747701159,3827,38371,112819,1129908,47,465,0.189374925083345,0.798343948952272,0.587627927437186,1.08462009899421,-0.22521576066741,0.15635264198127,"Synpuf"
2,28,374375,2,NA,NA,NA,NA,NA,NA,NA,3883,38853,115202,1151266,0,0,NA,NA,NA,NA,NA,NA,"Synpuf"
2,28,438808,2,1.8643040576715,0.286461733268815,7.04302764431032,0.445760394264835,NA,0.622887824029007,0.816899821652361,3881,38840,115095,1150780,-5,11,0.570769373583477,1.59310025082094,0.321069903569406,7.90472224568711,0.465681961038754,0.817248880645022,"Synpuf"
2,28,4008710,2,NA,NA,NA,NA,NA,NA,NA,3883,38853,115202,1151266,0,0,NA,NA,NA,NA,NA,NA,"Synpuf"
2,28,22,2,0.518630257325319,0.0841613357935938,1.70152321598975,0.391982586061923,NA,-0.656564063334799,0.76698948068762,3880,38804,115084,1149215,-5,42,0.291091886375746,0.443184141357411,0.0984929480852882,1.99417508531302,-0.813769926325065,0.767361243343281,"Synpuf"
2,28,4176908,2,NA,NA,NA,NA,NA,NA,NA,3883,38853,115202,1151266,0,0,NA,NA,NA,NA,NA,NA,"Synpuf"
2,28,25518,2,3.01442550113241,0.153198487427334,20.7044740044123,0.378012072972192,NA,1.10340926513469,1.25164817976534,3883,38852,115187,1151163,-5,-5,0.450844795733794,2.57591137141708,0.22147877487357,29.9591660518421,0.946203402144434,1.25187602429704,"Synpuf"
2,28,4193634,2,NA,NA,NA,NA,NA,NA,NA,3883,38853,115202,1151266,0,0,NA,NA,NA,NA,NA,NA,"Synpuf"
2,28,4166231,2,0.668254744175872,0.298233145041217,1.29164207412443,0.28105159959307,NA,-0.403085824585583,0.373933929037904,3874,38733,114814,1146258,8,107,0.143388468905562,0.571042473559022,0.273984949014426,1.19017306527753,-0.560291687575841,0.374695873456875,"Synpuf"
2,28,438130,2,0.326732328995786,NA,2.83400767734353,NA,NA,-1.1186140090549,NA,3883,38838,115202,1150660,0,9,NA,NA,NA,NA,NA,NA,"Synpuf"
2,28,443236,2,5.43699321728561,1.12130435628989,21.1880350605171,0.0239204463502667,NA,1.69322619065254,0.749744395837185,3882,38843,115135,1150886,-5,6,0.0417257041919601,4.64606361957274,1.0680162133982,20.2112167271652,1.53602032766229,0.75012470522517,"Synpuf"
2,28,4091513,2,NA,NA,NA,NA,NA,NA,NA,3883,38853,115202,1151266,0,0,NA,NA,NA,NA,NA,NA,"Synpuf"
2,28,374801,2,0.341340700536052,NA,13.4587450378281,NA,NA,-1.074874178682,NA,3883,38849,115202,1151115,0,-5,NA,NA,NA,NA,NA,NA,"Synpuf"
2,28,378256,2,NA,NA,NA,NA,NA,NA,NA,3883,38853,115202,1151266,0,0,NA,NA,NA,NA,NA,NA,"Synpuf"
2,28,4092879,2,NA,NA,NA,NA,NA,NA,NA,3883,38853,115202,1151266,0,0,NA,NA,NA,NA,NA,NA,"Synpuf"
2,28,4168212,2,NA,NA,NA,NA,NA,NA,NA,3883,38853,115202,1151266,0,0,NA,NA,NA,NA,NA,NA,"Synpuf"
2,28,4058388,2,NA,NA,NA,NA,NA,NA,NA,3883,38853,115202,1151266,0,0,NA,NA,NA,NA,NA,NA,"Synpuf"
2,28,4216708,2,NA,NA,NA,NA,NA,NA,NA,3883,38852,115202,1151236,0,0,NA,NA,NA,NA,NA,NA,"Synpuf"
2,28,4248728,2,NA,NA,NA,NA,NA,NA,NA,3883,38853,115202,1151266,0,0,NA,NA,NA,NA,NA,NA,"Synpuf"
2,28,4275889,2,NA,NA,NA,NA,NA,NA,NA,3883,38853,115202,1151266,0,0,NA,NA,NA,NA,NA,NA,"Synpuf"
2,28,441553,2,NA,NA,NA,NA,NA,NA,NA,3883,38853,115202,1151266,0,0,NA,NA,NA,NA,NA,NA,"Synpuf"
2,28,4209423,2,1.19364066205364,0.893770861136524,1.56273493273957,0.214302929183974,NA,0.177008016621045,0.142539173372855,3827,38323,112739,1128271,56,499,0.745885987127008,1.01999951686142,0.768385248616048,1.35400701181006,0.019802153630792,0.144526226843784,"Synpuf"
2,28,4311591,2,1.39582958139709,0.74188011735876,2.41434561216483,0.267928765206634,NA,0.333488920525136,0.301024893165401,3877,38765,114851,1147226,13,96,0.571180565011365,1.19277563500257,0.659964684668592,2.15574219122075,0.176283057534889,0.301970860523207,"Synpuf"
2,28,4344500,2,NA,NA,NA,NA,NA,NA,NA,3883,38853,115202,1151266,0,0,NA,NA,NA,NA,NA,NA,"Synpuf"
2,28,4022076,2,NA,NA,NA,NA,NA,NA,NA,3883,38853,115202,1151266,0,0,NA,NA,NA,NA,NA,NA,"Synpuf"
2,28,4049367,2,0.343092575846415,NA,14.9828705528429,NA,NA,-1.0697549678059,NA,3883,38845,115202,1151010,0,-5,NA,NA,NA,NA,NA,NA,"Synpuf"
2,28,40479573,2,NA,NA,NA,NA,NA,NA,NA,3883,38853,115202,1151266,0,0,NA,NA,NA,NA,NA,NA,"Synpuf"
2,28,40483172,2,0.527901802179697,0.0293996971310446,2.53506321973971,0.574208007527813,NA,-0.638844993292705,1.13700800550352,3881,38834,115126,1150413,-5,23,0.484718886658176,0.451106937197626,0.0485560159015898,4.19098365072329,-0.79605085628296,1.13725881789458,"Synpuf"
2,28,4194160,2,NA,NA,NA,NA,NA,NA,NA,3883,38853,115202,1151266,0,0,NA,NA,NA,NA,NA,NA,"Synpuf"
2,28,4195873,2,NA,NA,NA,NA,NA,NA,NA,3883,38853,115202,1151266,0,0,NA,NA,NA,NA,NA,NA,"Synpuf"
2,28,40486120,2,NA,NA,NA,NA,NA,NA,NA,3883,38853,115202,1151266,0,0,NA,NA,NA,NA,NA,NA,"Synpuf"
2,28,4198492,2,NA,NA,NA,NA,NA,NA,NA,3883,38853,115202,1151266,0,0,NA,NA,NA,NA,NA,NA,"Synpuf"
2,28,44782778,2,1.63743390005358,0.553752686597298,3.91035431699017,0.322695291780139,NA,0.493130321333032,0.498648217379882,3881,38829,115104,1150102,5,30,0.506040159640535,1.39923332041455,0.525960865745643,3.72243262278214,0.33592445834276,0.499219850362561,"Synpuf"
2,28,46286594,2,1.24496800929487,0.193803897465629,4.53241787357077,0.78525464607503,NA,0.219109834241054,0.804138248931519,3883,38842,115187,1150732,-5,15,0.931596702788789,1.06386017866038,0.219836095485473,5.1483741886879,0.0619039712507856,0.80449284502383,"Synpuf"
