"target_id","comparator_id","outcome_id","analysis_id","rr","ci_95_lb","ci_95_ub","p","i_2","log_rr","se_log_rr","target_subjects","comparator_subjects","target_days","comparator_days","target_outcomes","comparator_outcomes","calibrated_p","calibrated_rr","calibrated_ci_95_lb","calibrated_ci_95_ub","calibrated_log_rr","calibrated_se_log_rr","database_id"
137,143,6,1,0.340170099249878,NA,21.523832106006,NA,NA,-1.0783094945648,NA,23,170,1464,15017,0,-5,NA,NA,NA,NA,NA,NA,"ohdsi_results"
137,143,7,1,0.716931189100389,0.0363098579757149,4.55749874483303,0.787208513542144,NA,-0.332775413559271,1.23278794796286,23,168,1439,14226,-5,9,NA,NA,NA,NA,NA,NA,"ohdsi_results"
137,143,18,1,0.347999040792255,NA,107.239659058111,NA,NA,-1.05555555555556,NA,23,171,1464,15606,0,-5,NA,NA,NA,NA,NA,NA,"ohdsi_results"
137,143,8,1,NA,NA,NA,NA,NA,NA,NA,23,171,1464,15606,0,0,NA,NA,NA,NA,NA,NA,"ohdsi_results"
137,143,19,1,NA,NA,NA,NA,NA,NA,NA,23,171,1464,15606,0,0,NA,NA,NA,NA,NA,NA,"ohdsi_results"
137,143,20,1,NA,NA,NA,NA,NA,NA,NA,23,171,1464,15606,0,0,NA,NA,NA,NA,NA,NA,"ohdsi_results"
137,143,9,1,NA,NA,NA,NA,NA,NA,NA,22,171,1167,15606,-5,0,NA,NA,NA,NA,NA,NA,"ohdsi_results"
137,143,10,1,NA,NA,NA,NA,NA,NA,NA,23,171,1464,15606,0,0,NA,NA,NA,NA,NA,NA,"ohdsi_results"
137,143,259995,1,NA,NA,NA,NA,NA,NA,NA,23,171,1464,15606,0,0,NA,NA,NA,NA,NA,NA,"ohdsi_results"
137,143,313601,1,NA,NA,NA,NA,NA,NA,NA,23,171,1464,15606,0,0,NA,NA,NA,NA,NA,NA,"ohdsi_results"
137,143,11,1,NA,NA,NA,NA,NA,NA,NA,23,171,1464,15606,0,0,NA,NA,NA,NA,NA,NA,"ohdsi_results"
137,143,12,1,0.345857515012655,NA,96.7369598821451,NA,NA,-1.06172839506173,NA,23,170,1464,15359,0,-5,NA,NA,NA,NA,NA,NA,"ohdsi_results"
137,143,17,1,NA,NA,NA,NA,NA,NA,NA,23,171,1464,15606,0,0,NA,NA,NA,NA,NA,NA,"ohdsi_results"
137,143,432303,1,NA,NA,NA,NA,NA,NA,NA,23,171,1464,15606,0,0,NA,NA,NA,NA,NA,NA,"ohdsi_results"
137,143,13,1,6.72048100183667,0.312101384221613,70.3073652164622,0.168029850431971,NA,1.90515972962777,1.38199063833814,23,171,1210,15047,-5,-5,NA,NA,NA,NA,NA,NA,"ohdsi_results"
137,143,15,1,0.344651159810853,NA,14.4847712047259,NA,NA,-1.0652225044716,NA,23,168,1464,14556,0,-5,NA,NA,NA,NA,NA,NA,"ohdsi_results"
137,143,16,1,NA,NA,NA,NA,NA,NA,NA,23,168,1464,15336,0,0,NA,NA,NA,NA,NA,NA,"ohdsi_results"
137,143,199876,1,NA,NA,NA,NA,NA,NA,NA,23,170,1464,15590,0,0,NA,NA,NA,NA,NA,NA,"ohdsi_results"
137,143,25518,1,0.340642044157441,NA,78.0546247839408,NA,NA,-1.07692307692308,NA,23,171,1464,15518,0,-5,NA,NA,NA,NA,NA,NA,"ohdsi_results"
137,143,196456,1,0.263597138115727,NA,19.2748154151161,NA,NA,-1.33333333333333,NA,23,171,1464,15585,0,-5,NA,NA,NA,NA,NA,NA,"ohdsi_results"
137,143,443236,1,NA,NA,NA,NA,NA,NA,NA,23,171,1452,15606,-5,0,NA,NA,NA,NA,NA,NA,"ohdsi_results"
137,143,443447,1,0.344612611454379,NA,27.2749907437516,NA,NA,-1.06533435818601,NA,23,171,1464,15575,0,-5,NA,NA,NA,NA,NA,NA,"ohdsi_results"
137,143,197318,1,NA,NA,NA,NA,NA,NA,NA,23,171,1464,15606,0,0,NA,NA,NA,NA,NA,NA,"ohdsi_results"
137,143,378256,1,NA,NA,NA,NA,NA,NA,NA,23,171,1464,15606,0,0,NA,NA,NA,NA,NA,NA,"ohdsi_results"
137,143,438130,1,NA,NA,NA,NA,NA,NA,NA,23,171,1464,15606,0,0,NA,NA,NA,NA,NA,NA,"ohdsi_results"
137,143,73754,1,0.354503508139758,NA,159.720146534716,NA,NA,-1.03703703703704,NA,23,171,1464,15268,0,-5,NA,NA,NA,NA,NA,NA,"ohdsi_results"
137,143,21,1,NA,NA,NA,NA,NA,NA,NA,23,171,1464,15606,0,0,NA,NA,NA,NA,NA,NA,"ohdsi_results"
137,143,4168212,1,NA,NA,NA,NA,NA,NA,NA,23,171,1464,15606,0,0,NA,NA,NA,NA,NA,NA,"ohdsi_results"
137,143,22,1,NA,NA,NA,NA,NA,NA,NA,23,171,1210,15606,-5,0,NA,NA,NA,NA,NA,NA,"ohdsi_results"
137,143,4176908,1,NA,NA,NA,NA,NA,NA,NA,23,171,1464,15606,0,0,NA,NA,NA,NA,NA,NA,"ohdsi_results"
137,143,321689,1,2.05675735786858,0.105230900510996,12.8798831007018,0.556517157424608,NA,0.721130644485363,1.22636563050076,23,169,1456,14856,-5,7,NA,NA,NA,NA,NA,NA,"ohdsi_results"
137,143,436246,1,NA,NA,NA,NA,NA,NA,NA,23,171,1464,15606,0,0,NA,NA,NA,NA,NA,NA,"ohdsi_results"
137,143,443792,1,NA,NA,NA,NA,NA,NA,NA,23,171,1464,15606,0,0,NA,NA,NA,NA,NA,NA,"ohdsi_results"
137,143,46286594,1,NA,NA,NA,NA,NA,NA,NA,23,171,1464,15606,0,0,NA,NA,NA,NA,NA,NA,"ohdsi_results"
137,143,435522,1,NA,NA,NA,NA,NA,NA,NA,23,170,1464,15583,0,0,NA,NA,NA,NA,NA,NA,"ohdsi_results"
137,143,374801,1,NA,NA,NA,NA,NA,NA,NA,23,171,1464,15606,0,0,NA,NA,NA,NA,NA,NA,"ohdsi_results"
137,143,436233,1,NA,NA,NA,NA,NA,NA,NA,23,171,1464,15606,0,0,NA,NA,NA,NA,NA,NA,"ohdsi_results"
137,143,78200,1,NA,NA,NA,NA,NA,NA,NA,23,170,1464,15585,0,0,NA,NA,NA,NA,NA,NA,"ohdsi_results"
137,143,138278,1,NA,NA,NA,NA,NA,NA,NA,23,171,1464,15606,0,0,NA,NA,NA,NA,NA,NA,"ohdsi_results"
137,143,441267,1,NA,NA,NA,NA,NA,NA,NA,23,171,1464,15606,0,0,NA,NA,NA,NA,NA,NA,"ohdsi_results"
137,143,441553,1,NA,NA,NA,NA,NA,NA,NA,23,171,1464,15606,0,0,NA,NA,NA,NA,NA,NA,"ohdsi_results"
137,143,138821,1,NA,NA,NA,NA,NA,NA,NA,23,171,1464,15606,0,0,NA,NA,NA,NA,NA,NA,"ohdsi_results"
137,143,433270,1,NA,NA,NA,NA,NA,NA,NA,23,171,1464,15606,0,0,NA,NA,NA,NA,NA,NA,"ohdsi_results"
137,143,433753,1,0.347447099526935,NA,104.322581437033,NA,NA,-1.05714285714286,NA,23,171,1464,15117,0,-5,NA,NA,NA,NA,NA,NA,"ohdsi_results"
137,143,435371,1,NA,NA,NA,NA,NA,NA,NA,23,171,1464,15606,0,0,NA,NA,NA,NA,NA,NA,"ohdsi_results"
137,143,435516,1,NA,NA,NA,NA,NA,NA,NA,23,171,1464,15606,0,0,NA,NA,NA,NA,NA,NA,"ohdsi_results"
137,143,4166231,1,0.344915125551036,NA,14.7194576285037,NA,NA,-1.06445690511246,NA,23,170,1464,14872,0,-5,NA,NA,NA,NA,NA,NA,"ohdsi_results"
137,143,374375,1,NA,NA,NA,NA,NA,NA,NA,23,171,1464,15606,0,0,NA,NA,NA,NA,NA,NA,"ohdsi_results"
137,143,440382,1,NA,NA,NA,NA,NA,NA,NA,23,171,1464,15606,0,0,NA,NA,NA,NA,NA,NA,"ohdsi_results"
137,143,439125,1,NA,NA,NA,NA,NA,NA,NA,23,171,1464,15606,0,0,NA,NA,NA,NA,NA,NA,"ohdsi_results"
137,143,4163735,1,NA,NA,NA,NA,NA,NA,NA,23,171,1464,15606,0,0,NA,NA,NA,NA,NA,NA,"ohdsi_results"
137,143,440068,1,NA,NA,NA,NA,NA,NA,NA,23,171,1464,15606,0,0,NA,NA,NA,NA,NA,NA,"ohdsi_results"
137,143,44782778,1,0.31890655732397,NA,42.9584394972867,NA,NA,-1.14285714285714,NA,23,171,1464,15527,0,-5,NA,NA,NA,NA,NA,NA,"ohdsi_results"
137,143,4198492,1,NA,NA,NA,NA,NA,NA,NA,23,171,1464,15606,0,0,NA,NA,NA,NA,NA,NA,"ohdsi_results"
137,143,434164,1,NA,NA,NA,NA,NA,NA,NA,23,171,1464,15606,0,0,NA,NA,NA,NA,NA,NA,"ohdsi_results"
137,143,440233,1,NA,NA,NA,NA,NA,NA,NA,23,171,1464,15606,0,0,NA,NA,NA,NA,NA,NA,"ohdsi_results"
137,143,4119307,1,NA,NA,NA,NA,NA,NA,NA,23,171,1464,15606,0,0,NA,NA,NA,NA,NA,NA,"ohdsi_results"
137,143,438808,1,NA,NA,NA,NA,NA,NA,NA,23,171,1464,15606,0,0,NA,NA,NA,NA,NA,NA,"ohdsi_results"
137,143,439971,1,NA,NA,NA,NA,NA,NA,NA,23,171,1464,15606,0,0,NA,NA,NA,NA,NA,NA,"ohdsi_results"
137,143,4092879,1,NA,NA,NA,NA,NA,NA,NA,23,171,1464,15606,0,0,NA,NA,NA,NA,NA,NA,"ohdsi_results"
137,143,4193634,1,NA,NA,NA,NA,NA,NA,NA,23,171,1464,15606,0,0,NA,NA,NA,NA,NA,NA,"ohdsi_results"
137,143,40479573,1,NA,NA,NA,NA,NA,NA,NA,23,171,1464,15606,0,0,NA,NA,NA,NA,NA,NA,"ohdsi_results"
137,143,4209423,1,1.49980761894604,0.0689805389978184,11.4078551182562,0.755766278357587,NA,0.405336845846937,1.30314461427564,23,170,1447,13743,-5,7,NA,NA,NA,NA,NA,NA,"ohdsi_results"
137,143,4195873,1,NA,NA,NA,NA,NA,NA,NA,23,171,1464,15606,0,0,NA,NA,NA,NA,NA,NA,"ohdsi_results"
137,143,40486120,1,NA,NA,NA,NA,NA,NA,NA,23,171,1464,15606,0,0,NA,NA,NA,NA,NA,NA,"ohdsi_results"
137,143,4022076,1,NA,NA,NA,NA,NA,NA,NA,23,171,1464,15606,0,0,NA,NA,NA,NA,NA,NA,"ohdsi_results"
137,143,434327,1,0.340642044157441,NA,78.0546247839408,NA,NA,-1.07692307692308,NA,23,171,1464,15452,0,-5,NA,NA,NA,NA,NA,NA,"ohdsi_results"
137,143,4344500,1,NA,NA,NA,NA,NA,NA,NA,23,171,1464,15606,0,0,NA,NA,NA,NA,NA,NA,"ohdsi_results"
137,143,4216708,1,NA,NA,NA,NA,NA,NA,NA,23,171,1464,15606,0,0,NA,NA,NA,NA,NA,NA,"ohdsi_results"
137,143,40483172,1,NA,NA,NA,NA,NA,NA,NA,23,171,1464,15606,0,0,NA,NA,NA,NA,NA,NA,"ohdsi_results"
137,143,439791,1,NA,NA,NA,NA,NA,NA,NA,23,171,1464,15606,0,0,NA,NA,NA,NA,NA,NA,"ohdsi_results"
137,143,4091513,1,NA,NA,NA,NA,NA,NA,NA,23,171,1464,15606,0,0,NA,NA,NA,NA,NA,NA,"ohdsi_results"
137,143,4248728,1,NA,NA,NA,NA,NA,NA,NA,23,171,1464,15606,0,0,NA,NA,NA,NA,NA,NA,"ohdsi_results"
137,143,4008710,1,NA,NA,NA,NA,NA,NA,NA,23,171,1464,15606,0,0,NA,NA,NA,NA,NA,NA,"ohdsi_results"
137,143,4194160,1,NA,NA,NA,NA,NA,NA,NA,23,171,1464,15606,0,0,NA,NA,NA,NA,NA,NA,"ohdsi_results"
137,143,4311591,1,NA,NA,NA,NA,NA,NA,NA,23,170,1464,15586,0,0,NA,NA,NA,NA,NA,NA,"ohdsi_results"
137,143,439871,1,NA,NA,NA,NA,NA,NA,NA,23,171,1464,15606,0,0,NA,NA,NA,NA,NA,NA,"ohdsi_results"
137,143,4058388,1,NA,NA,NA,NA,NA,NA,NA,23,171,1464,15606,0,0,NA,NA,NA,NA,NA,NA,"ohdsi_results"
137,143,4098604,1,NA,NA,NA,NA,NA,NA,NA,23,171,1464,15606,0,0,NA,NA,NA,NA,NA,NA,"ohdsi_results"
137,143,4275889,1,NA,NA,NA,NA,NA,NA,NA,23,171,1464,15606,0,0,NA,NA,NA,NA,NA,NA,"ohdsi_results"
137,143,4049367,1,NA,NA,NA,NA,NA,NA,NA,23,171,1464,15606,0,0,NA,NA,NA,NA,NA,NA,"ohdsi_results"
137,143,21,2,0.342863614857706,NA,85.0625126946084,NA,NA,-1.07042253521127,NA,23,171,690,5077,0,-5,NA,NA,NA,NA,NA,NA,"ohdsi_results"
137,143,9,2,NA,NA,NA,NA,NA,NA,NA,22,171,660,5091,0,0,NA,NA,NA,NA,NA,NA,"ohdsi_results"
137,143,10,2,NA,NA,NA,NA,NA,NA,NA,23,171,690,5091,0,0,NA,NA,NA,NA,NA,NA,"ohdsi_results"
137,143,434164,2,NA,NA,NA,NA,NA,NA,NA,23,171,690,5091,0,0,NA,NA,NA,NA,NA,NA,"ohdsi_results"
137,143,25518,2,NA,NA,NA,NA,NA,NA,NA,23,171,690,5091,0,0,NA,NA,NA,NA,NA,NA,"ohdsi_results"
137,143,374375,2,NA,NA,NA,NA,NA,NA,NA,23,171,690,5091,0,0,NA,NA,NA,NA,NA,NA,"ohdsi_results"
137,143,11,2,NA,NA,NA,NA,NA,NA,NA,23,171,690,5091,0,0,NA,NA,NA,NA,NA,NA,"ohdsi_results"
137,143,6,2,4.95906318696462,0.154830832535985,158.833400876999,0.365309675630303,NA,1.60121684930213,1.76872587339207,23,170,687,5055,-5,-5,NA,NA,NA,NA,NA,NA,"ohdsi_results"
137,143,73754,2,0.342518855093046,NA,83.8947218746078,NA,NA,-1.07142857142857,NA,23,171,690,5091,0,-5,NA,NA,NA,NA,NA,NA,"ohdsi_results"
137,143,8,2,NA,NA,NA,NA,NA,NA,NA,23,171,690,5091,0,0,NA,NA,NA,NA,NA,NA,"ohdsi_results"
137,143,20,2,NA,NA,NA,NA,NA,NA,NA,23,171,690,5091,0,0,NA,NA,NA,NA,NA,NA,"ohdsi_results"
137,143,12,2,NA,NA,NA,NA,NA,NA,NA,23,170,690,5061,0,0,NA,NA,NA,NA,NA,NA,"ohdsi_results"
137,143,138278,2,NA,NA,NA,NA,NA,NA,NA,23,171,690,5091,0,0,NA,NA,NA,NA,NA,NA,"ohdsi_results"
137,143,321689,2,4.87253822264639,0.241084172320458,38.0601382768266,0.220056073996533,NA,1.58361499693451,1.29129327851032,23,169,674,4985,-5,-5,NA,NA,NA,NA,NA,NA,"ohdsi_results"
137,143,439791,2,NA,NA,NA,NA,NA,NA,NA,23,171,690,5091,0,0,NA,NA,NA,NA,NA,NA,"ohdsi_results"
137,143,434327,2,NA,NA,NA,NA,NA,NA,NA,23,171,690,5091,0,0,NA,NA,NA,NA,NA,NA,"ohdsi_results"
137,143,7,2,1.30016268602577,0.0586697069631131,12.7786090098292,0.848427929587556,NA,0.26248939973449,1.37339369372078,23,168,678,4969,-5,-5,NA,NA,NA,NA,NA,NA,"ohdsi_results"
137,143,22,2,NA,NA,NA,NA,NA,NA,NA,23,171,690,5091,0,0,NA,NA,NA,NA,NA,NA,"ohdsi_results"
137,143,78200,2,NA,NA,NA,NA,NA,NA,NA,23,170,690,5061,0,0,NA,NA,NA,NA,NA,NA,"ohdsi_results"
137,143,16,2,NA,NA,NA,NA,NA,NA,NA,23,168,690,5001,0,0,NA,NA,NA,NA,NA,NA,"ohdsi_results"
137,143,432303,2,NA,NA,NA,NA,NA,NA,NA,23,171,690,5091,0,0,NA,NA,NA,NA,NA,NA,"ohdsi_results"
137,143,435516,2,NA,NA,NA,NA,NA,NA,NA,23,171,690,5091,0,0,NA,NA,NA,NA,NA,NA,"ohdsi_results"
137,143,433270,2,NA,NA,NA,NA,NA,NA,NA,23,171,690,5091,0,0,NA,NA,NA,NA,NA,NA,"ohdsi_results"
137,143,433753,2,NA,NA,NA,NA,NA,NA,NA,23,171,690,5091,0,0,NA,NA,NA,NA,NA,NA,"ohdsi_results"
137,143,435371,2,NA,NA,NA,NA,NA,NA,NA,23,171,690,5091,0,0,NA,NA,NA,NA,NA,NA,"ohdsi_results"
137,143,199876,2,0.342342888564632,NA,83.3107994866753,NA,NA,-1.07194244604317,NA,23,170,690,5060,0,-5,NA,NA,NA,NA,NA,NA,"ohdsi_results"
137,143,439871,2,NA,NA,NA,NA,NA,NA,NA,23,171,690,5091,0,0,NA,NA,NA,NA,NA,NA,"ohdsi_results"
137,143,438808,2,NA,NA,NA,NA,NA,NA,NA,23,171,690,5091,0,0,NA,NA,NA,NA,NA,NA,"ohdsi_results"
137,143,439125,2,NA,NA,NA,NA,NA,NA,NA,23,171,690,5091,0,0,NA,NA,NA,NA,NA,NA,"ohdsi_results"
137,143,197318,2,NA,NA,NA,NA,NA,NA,NA,23,171,690,5091,0,0,NA,NA,NA,NA,NA,NA,"ohdsi_results"
137,143,440068,2,NA,NA,NA,NA,NA,NA,NA,23,171,690,5091,0,0,NA,NA,NA,NA,NA,NA,"ohdsi_results"
137,143,4049367,2,NA,NA,NA,NA,NA,NA,NA,23,171,690,5091,0,0,NA,NA,NA,NA,NA,NA,"ohdsi_results"
137,143,138821,2,NA,NA,NA,NA,NA,NA,NA,23,171,690,5091,0,0,NA,NA,NA,NA,NA,NA,"ohdsi_results"
137,143,13,2,0.342690130997573,NA,23.6333454413976,NA,NA,-1.07092864830564,NA,23,171,690,5069,0,-5,NA,NA,NA,NA,NA,NA,"ohdsi_results"
137,143,15,2,0.342033776970376,NA,12.9645974910927,NA,NA,-1.07284578372501,NA,23,168,690,4975,0,-5,NA,NA,NA,NA,NA,NA,"ohdsi_results"
137,143,374801,2,NA,NA,NA,NA,NA,NA,NA,23,171,690,5091,0,0,NA,NA,NA,NA,NA,NA,"ohdsi_results"
137,143,439971,2,NA,NA,NA,NA,NA,NA,NA,23,171,690,5091,0,0,NA,NA,NA,NA,NA,NA,"ohdsi_results"
137,143,378256,2,NA,NA,NA,NA,NA,NA,NA,23,171,690,5091,0,0,NA,NA,NA,NA,NA,NA,"ohdsi_results"
137,143,436246,2,NA,NA,NA,NA,NA,NA,NA,23,171,690,5091,0,0,NA,NA,NA,NA,NA,NA,"ohdsi_results"
137,143,4058388,2,NA,NA,NA,NA,NA,NA,NA,23,171,690,5091,0,0,NA,NA,NA,NA,NA,NA,"ohdsi_results"
137,143,196456,2,NA,NA,NA,NA,NA,NA,NA,23,171,690,5091,0,0,NA,NA,NA,NA,NA,NA,"ohdsi_results"
137,143,436233,2,NA,NA,NA,NA,NA,NA,NA,23,171,690,5091,0,0,NA,NA,NA,NA,NA,NA,"ohdsi_results"
137,143,18,2,NA,NA,NA,NA,NA,NA,NA,23,171,690,5091,0,0,NA,NA,NA,NA,NA,NA,"ohdsi_results"
137,143,19,2,NA,NA,NA,NA,NA,NA,NA,23,171,690,5091,0,0,NA,NA,NA,NA,NA,NA,"ohdsi_results"
137,143,443792,2,NA,NA,NA,NA,NA,NA,NA,23,171,690,5091,0,0,NA,NA,NA,NA,NA,NA,"ohdsi_results"
137,143,4008710,2,NA,NA,NA,NA,NA,NA,NA,23,171,690,5091,0,0,NA,NA,NA,NA,NA,NA,"ohdsi_results"
137,143,435522,2,NA,NA,NA,NA,NA,NA,NA,23,170,690,5061,0,0,NA,NA,NA,NA,NA,NA,"ohdsi_results"
137,143,313601,2,NA,NA,NA,NA,NA,NA,NA,23,171,690,5091,0,0,NA,NA,NA,NA,NA,NA,"ohdsi_results"
137,143,4022076,2,NA,NA,NA,NA,NA,NA,NA,23,171,690,5091,0,0,NA,NA,NA,NA,NA,NA,"ohdsi_results"
137,143,4193634,2,NA,NA,NA,NA,NA,NA,NA,23,171,690,5091,0,0,NA,NA,NA,NA,NA,NA,"ohdsi_results"
137,143,438130,2,NA,NA,NA,NA,NA,NA,NA,23,171,690,5091,0,0,NA,NA,NA,NA,NA,NA,"ohdsi_results"
137,143,259995,2,NA,NA,NA,NA,NA,NA,NA,23,171,690,5091,0,0,NA,NA,NA,NA,NA,NA,"ohdsi_results"
137,143,440382,2,NA,NA,NA,NA,NA,NA,NA,23,171,690,5091,0,0,NA,NA,NA,NA,NA,NA,"ohdsi_results"
137,143,4091513,2,NA,NA,NA,NA,NA,NA,NA,23,171,690,5091,0,0,NA,NA,NA,NA,NA,NA,"ohdsi_results"
137,143,4092879,2,NA,NA,NA,NA,NA,NA,NA,23,171,690,5091,0,0,NA,NA,NA,NA,NA,NA,"ohdsi_results"
137,143,441267,2,NA,NA,NA,NA,NA,NA,NA,23,171,690,5091,0,0,NA,NA,NA,NA,NA,NA,"ohdsi_results"
137,143,4209423,2,5.01229258155157,0.15574704569136,161.306924388554,0.362782263522976,NA,1.61189341153741,1.77116290334299,23,170,686,5027,-5,-5,NA,NA,NA,NA,NA,NA,"ohdsi_results"
137,143,4194160,2,NA,NA,NA,NA,NA,NA,NA,23,171,690,5091,0,0,NA,NA,NA,NA,NA,NA,"ohdsi_results"
137,143,440233,2,NA,NA,NA,NA,NA,NA,NA,23,171,690,5091,0,0,NA,NA,NA,NA,NA,NA,"ohdsi_results"
137,143,443236,2,NA,NA,NA,NA,NA,NA,NA,23,171,673,5091,-5,0,NA,NA,NA,NA,NA,NA,"ohdsi_results"
137,143,4216708,2,NA,NA,NA,NA,NA,NA,NA,23,171,690,5091,0,0,NA,NA,NA,NA,NA,NA,"ohdsi_results"
137,143,443447,2,NA,NA,NA,NA,NA,NA,NA,23,171,690,5091,0,0,NA,NA,NA,NA,NA,NA,"ohdsi_results"
137,143,4248728,2,NA,NA,NA,NA,NA,NA,NA,23,171,690,5091,0,0,NA,NA,NA,NA,NA,NA,"ohdsi_results"
137,143,4163735,2,NA,NA,NA,NA,NA,NA,NA,23,171,690,5091,0,0,NA,NA,NA,NA,NA,NA,"ohdsi_results"
137,143,4166231,2,0.342863614857706,NA,85.0625126946084,NA,NA,-1.07042253521127,NA,23,170,690,5034,0,-5,NA,NA,NA,NA,NA,NA,"ohdsi_results"
137,143,17,2,NA,NA,NA,NA,NA,NA,NA,23,171,690,5091,0,0,NA,NA,NA,NA,NA,NA,"ohdsi_results"
137,143,4119307,2,NA,NA,NA,NA,NA,NA,NA,23,171,690,5091,0,0,NA,NA,NA,NA,NA,NA,"ohdsi_results"
137,143,4168212,2,NA,NA,NA,NA,NA,NA,NA,23,171,690,5091,0,0,NA,NA,NA,NA,NA,NA,"ohdsi_results"
137,143,4176908,2,NA,NA,NA,NA,NA,NA,NA,23,171,690,5091,0,0,NA,NA,NA,NA,NA,NA,"ohdsi_results"
137,143,4344500,2,NA,NA,NA,NA,NA,NA,NA,23,171,690,5091,0,0,NA,NA,NA,NA,NA,NA,"ohdsi_results"
137,143,40479573,2,NA,NA,NA,NA,NA,NA,NA,23,171,690,5091,0,0,NA,NA,NA,NA,NA,NA,"ohdsi_results"
137,143,4275889,2,NA,NA,NA,NA,NA,NA,NA,23,171,690,5091,0,0,NA,NA,NA,NA,NA,NA,"ohdsi_results"
137,143,4311591,2,NA,NA,NA,NA,NA,NA,NA,23,170,690,5061,0,0,NA,NA,NA,NA,NA,NA,"ohdsi_results"
137,143,40483172,2,NA,NA,NA,NA,NA,NA,NA,23,171,690,5091,0,0,NA,NA,NA,NA,NA,NA,"ohdsi_results"
137,143,40486120,2,NA,NA,NA,NA,NA,NA,NA,23,171,690,5091,0,0,NA,NA,NA,NA,NA,NA,"ohdsi_results"
137,143,4195873,2,NA,NA,NA,NA,NA,NA,NA,23,171,690,5091,0,0,NA,NA,NA,NA,NA,NA,"ohdsi_results"
137,143,4198492,2,NA,NA,NA,NA,NA,NA,NA,23,171,690,5091,0,0,NA,NA,NA,NA,NA,NA,"ohdsi_results"
137,143,44782778,2,NA,NA,NA,NA,NA,NA,NA,23,171,690,5091,0,0,NA,NA,NA,NA,NA,NA,"ohdsi_results"
137,143,441553,2,NA,NA,NA,NA,NA,NA,NA,23,171,690,5091,0,0,NA,NA,NA,NA,NA,NA,"ohdsi_results"
137,143,4098604,2,NA,NA,NA,NA,NA,NA,NA,23,171,690,5091,0,0,NA,NA,NA,NA,NA,NA,"ohdsi_results"
137,143,46286594,2,NA,NA,NA,NA,NA,NA,NA,23,171,690,5091,0,0,NA,NA,NA,NA,NA,NA,"ohdsi_results"
2,28,6,1,0.924941746789797,0.727339055179687,1.1595875536833,0.511997346497937,NA,-0.0780245198962743,0.118988645405577,3827,38371,199019,2044973,79,806,0.250166216833547,0.856613094433501,0.675000226784564,1.08708999558477,-0.154768927397157,0.12157025670617,"ohdsi_results"
2,28,138821,1,NA,NA,NA,NA,NA,NA,NA,3883,38853,204933,2101078,0,0,NA,NA,NA,NA,NA,NA,"ohdsi_results"
2,28,432303,1,0.353723103395606,0.0198801760563454,1.64392494178022,0.356173110069717,NA,-1.03924086571927,1.12632652855004,3879,38834,204723,2098851,-5,38,0.322393963283985,0.327592351868618,0.0360054495140607,2.98056962074312,-1.11598527322013,1.12660218289143,"ohdsi_results"
2,28,7,1,1.07355306121209,0.878662654132551,1.29877189137935,0.476494223756984,NA,0.0709737653518564,0.0996889128465819,3813,38178,196689,2018330,114,1137,0.727877906664869,0.994245976025164,0.812881625011584,1.21607504761612,-0.00577064214903089,0.102756551736045,"ohdsi_results"
2,28,18,1,1.06859385711638,0.496637324568311,2.02685764390904,0.853295062758188,NA,0.0663436319908332,0.358777481285884,3883,38853,204933,2101078,9,85,0.911268379603578,0.989653125522853,0.48905222963524,2.00267629816888,-0.0104007755100497,0.359641920051039,"ohdsi_results"
2,28,19,1,972396559516128,4.36173856567794,NA,NA,NA,34.5107848202278,NA,3883,38853,204933,2101078,-5,0,NA,NA,NA,NA,NA,NA,"ohdsi_results"
2,28,8,1,0.351020700265453,NA,19.8645576665508,NA,NA,-1.04691008213998,NA,3883,38852,204933,2100970,0,-5,NA,NA,NA,NA,NA,NA,"ohdsi_results"
2,28,9,1,0.833021751770307,0.510989534130487,1.28009463874674,0.435488334820297,NA,-0.182695524586825,0.234274759410076,3871,38694,203851,2080768,20,284,0.2877312977556,0.771483548008284,0.486168255286341,1.22424049364746,-0.259439932087716,0.23559646108717,"ohdsi_results"
2,28,12,1,0.944234879453387,0.713579989178906,1.22523868535878,0.677357678294986,NA,-0.0573803308051692,0.137909781672334,3848,38521,200017,2056524,59,593,0.380658884976485,0.874480976524042,0.664446769909921,1.15090781223325,-0.13412473830607,0.140143274762155,"ohdsi_results"
2,28,13,1,0.959043415755262,0.696246113918669,1.28747660027389,0.789728902530777,NA,-0.041818933220143,0.156823353106635,3859,38527,201306,2060158,45,551,0.487597468784679,0.888195554928178,0.650646981018389,1.2124721497353,-0.11856334072101,0.158791037718631,"ohdsi_results"
2,28,10,1,1.19088215131064,0.410443537370006,2.74598111680031,0.718629449354382,NA,0.174694336116007,0.484869964763762,3880,38835,204363,2098079,5,48,0.842756898892578,1.10290755961701,0.42586533868545,2.85631389681794,0.0979499286151224,0.485509950783878,"ohdsi_results"
2,28,11,1,0.487320379223485,0.0271756135813269,2.32778217641108,0.526630455589639,NA,-0.718833509314577,1.13531454177263,3883,38843,204916,2099799,-5,25,0.483809735565487,0.451320333930181,0.0487383284691025,4.17925789038858,-0.795577916815461,1.13558801435228,"ohdsi_results"
2,28,22,1,0.450251515368973,0.109953099822617,1.21309936644085,0.192637934029853,NA,-0.797948929314915,0.612480620262931,3880,38804,204621,2094814,-5,76,0.155736778198479,0.416989875516174,0.125415062375445,1.38644077505188,-0.874693336815795,0.612987389574873,"ohdsi_results"
2,28,25518,1,1.17320556407093,0.0640202056658506,6.08681491084814,0.89065297880246,NA,0.159739800754759,1.16192988993943,3883,38852,204905,2100705,-5,11,0.943263611981868,1.08653680313751,0.11137314316681,10.6000620167832,0.0829953932538814,1.16219709977043,"ohdsi_results"
2,28,138278,1,NA,NA,NA,NA,NA,NA,NA,3883,38853,204933,2101078,0,0,NA,NA,NA,NA,NA,NA,"ohdsi_results"
2,28,4209423,1,1.0959635302823,0.876740943839183,1.35291945484364,0.407664142866092,NA,0.0916339126823202,0.110667476368214,3827,38323,199216,2032957,92,935,0.74790519156761,1.01500090607843,0.812657043394848,1.26772646310459,0.0148895051814577,0.113438617348146,"ohdsi_results"
2,28,73754,1,1.18798327794464,0.617352637972712,2.08142634080481,0.578497280600333,NA,0.172257145037214,0.310048626142523,3877,38785,204370,2093457,12,108,0.765875364287892,1.10022283607302,0.598019956247178,2.02416370285178,0.0955127375363247,0.311048517361869,"ohdsi_results"
2,28,78200,1,0.650092820528445,0.252374429556459,1.37123187646706,0.31859105289837,NA,-0.430640125474527,0.431781142849189,3880,38812,204488,2094697,6,91,0.246221713296161,0.602068210884238,0.257929662909402,1.4053681397811,-0.507384532975408,0.432499693526252,"ohdsi_results"
2,28,15,1,1.2288162126898,0.904366918148622,1.63450288792372,0.172349263363797,NA,0.20605127724497,0.150987170359756,3845,38547,200755,2070637,51,376,0.43113410497102,1.13803930041605,0.843136633376903,1.53608964196495,0.129306869744084,0.153029916007937,"ohdsi_results"
2,28,374801,1,0.325438289331352,NA,3.440054455867,NA,NA,-1.12258242261513,NA,3883,38849,204933,2100662,0,7,NA,NA,NA,NA,NA,NA,"ohdsi_results"
2,28,16,1,1.1672251592889,0.543922943273466,2.20484838199604,0.664959736278198,NA,0.154629273245067,0.357049019045424,3865,38790,203778,2094316,9,92,0.830824776178438,1.08099819158269,0.536000168691785,2.18014313886716,0.0778848657441955,0.357917632398085,"ohdsi_results"
2,28,378256,1,NA,NA,NA,NA,NA,NA,NA,3883,38853,204933,2101078,0,0,NA,NA,NA,NA,NA,NA,"ohdsi_results"
2,28,434164,1,NA,NA,NA,NA,NA,NA,NA,3883,38853,204933,2101078,0,0,NA,NA,NA,NA,NA,NA,"ohdsi_results"
2,28,20,1,1.17256836444334,0.279087677760472,3.33588127287038,0.801403906186308,NA,0.159196526200023,0.632911166503261,3879,38835,204651,2098936,-5,30,0.897201789130555,1.08594667565471,0.313802276048092,3.75803578360522,0.0824521186991376,0.633401590039577,"ohdsi_results"
2,28,17,1,1.04529965313598,0.43530595950442,2.12669377381735,0.912821012827255,NA,0.0443035937244381,0.404669347849756,3880,38817,204062,2096345,7,76,0.910039977983136,0.96807974511997,0.437324115157689,2.14298356854522,-0.0324408137764323,0.405435951377399,"ohdsi_results"
2,28,433270,1,NA,NA,NA,NA,NA,NA,NA,3883,38853,204933,2101078,0,0,NA,NA,NA,NA,NA,NA,"ohdsi_results"
2,28,196456,1,1.00233432019643,0.704753716843325,1.38383081755029,0.989192929879172,NA,0.00233159990357141,0.172136449548259,3863,38588,202631,2071761,38,399,0.683692133020402,0.928288410227311,0.660134768539493,1.30536886349561,-0.0744128075972981,0.173930982988172,"ohdsi_results"
2,28,197318,1,3.19059297431353,0.713608338779559,10.3970073528356,0.0895719933529389,NA,1.16020678488695,0.683415369774464,3881,38841,204739,2100096,-5,11,0.114772820427755,2.95489281383428,0.773447594768189,11.2889245506882,1.08346237738607,0.683869576179641,"ohdsi_results"
2,28,433753,1,1.30893894408684,0.773451933691184,2.08130294358013,0.286381494110296,NA,0.26921684266716,0.252526544570461,3875,38751,203925,2088334,18,163,0.462133764720134,1.21224308796777,0.73721574682835,1.99335582649697,0.192472435166295,0.253753197601227,"ohdsi_results"
2,28,4049367,1,1.06900532375588,0.0575378812926595,5.81891551021365,0.954815231313113,NA,0.0667286121576136,1.17768124448934,3883,38845,204909,2100243,-5,9,0.972495370982184,0.9900341956957,0.0983969630891013,9.96136138631929,-0.0100157953432642,1.17794488122412,"ohdsi_results"
2,28,438130,1,0.545545305185344,0.0302955840011654,2.64714490180834,0.595161207819625,NA,-0.605969424572272,1.14038702203996,3883,38838,204929,2099579,-5,21,0.549595472227463,0.505243982824243,0.0540219444342433,4.72532939814533,-0.682713832073148,1.14065927849526,"ohdsi_results"
2,28,21,1,0.590544948872976,0.207467964974902,1.3164704125936,0.263821707203731,NA,-0.526709526219727,0.47136900904221,3880,38802,204663,2093049,5,98,0.205513992561901,0.546919346879815,0.216836765310114,1.37947442429167,-0.603453933720616,0.472027300339276,"ohdsi_results"
2,28,313601,1,NA,NA,NA,NA,NA,NA,NA,3883,38853,204933,2101078,0,0,NA,NA,NA,NA,NA,NA,"ohdsi_results"
2,28,4022076,1,NA,NA,NA,NA,NA,NA,NA,3883,38853,204933,2101078,0,0,NA,NA,NA,NA,NA,NA,"ohdsi_results"
2,28,439791,1,NA,NA,NA,NA,NA,NA,NA,3883,38853,204933,2101078,0,0,NA,NA,NA,NA,NA,NA,"ohdsi_results"
2,28,321689,1,0.969168049507256,0.766127181472245,1.20896936775725,0.787844954582523,NA,-0.0313172564237872,0.116373394571851,3834,38311,198735,2034043,82,924,0.418016424741033,0.897572246896484,0.710831116528062,1.13337179488404,-0.108061663924687,0.119011749606188,"ohdsi_results"
2,28,374375,1,NA,NA,NA,NA,NA,NA,NA,3883,38853,204933,2101078,0,0,NA,NA,NA,NA,NA,NA,"ohdsi_results"
2,28,4195873,1,NA,NA,NA,NA,NA,NA,NA,3883,38853,204933,2101078,0,0,NA,NA,NA,NA,NA,NA,"ohdsi_results"
2,28,4198492,1,NA,NA,NA,NA,NA,NA,NA,3883,38853,204933,2101078,0,0,NA,NA,NA,NA,NA,NA,"ohdsi_results"
2,28,439125,1,0.417048705090678,0.023360333947137,1.96256970448589,0.439116229777039,NA,-0.874552265225176,1.13037039166179,3883,38836,204911,2098852,-5,30,0.400510729365027,0.386239871902332,0.0421163071602607,3.54212533590532,-0.951296672726059,1.13064506009878,"ohdsi_results"
2,28,4092879,1,NA,NA,NA,NA,NA,NA,NA,3883,38853,204933,2101078,0,0,NA,NA,NA,NA,NA,NA,"ohdsi_results"
2,28,199876,1,1.07182938317175,0.695861805465526,1.58139078687164,0.740467478857959,NA,0.0693668924926765,0.209419383445136,3863,38694,203010,2084150,26,239,0.853863954880701,0.992649632055334,0.656568750370153,1.50076178840996,-0.00737751500820139,0.210896912596396,"ohdsi_results"
2,28,438808,1,0.751513743822124,0.120542609110809,2.54006891910501,0.713326800010205,NA,-0.285665781437214,0.777550818327478,3881,38840,204714,2099600,-5,26,0.641695864147466,0.695996819085163,0.1515008112284,3.197418998941,-0.3624101889381,0.777950065660955,"ohdsi_results"
2,28,443236,1,3.33560609062568,0.740726434218557,10.9577657862693,0.0796482470071593,NA,1.20465439917509,0.687301485337136,3882,38843,204764,2100256,-5,12,0.102517489144949,3.08919330868028,0.802469553612429,11.8921836416539,1.1279099916742,0.687753125275911,"ohdsi_results"
2,28,435371,1,2.46954084019772,0.374200607014114,9.61772859475791,0.275038219758086,NA,0.904032238702541,0.828222200146189,3882,38838,204851,2099951,-5,10,0.320281382836805,2.28710729977727,0.450799543101279,11.6035161985942,0.827287831201659,0.828597032576835,"ohdsi_results"
2,28,443447,1,1.21588759604517,0.288529288713076,3.47876038427132,0.758254150799525,NA,0.195474341808515,0.635122562472391,3882,38830,204781,2098566,-5,29,0.853738098528333,1.12606576548896,0.323989140034387,3.91378583884535,0.118729934307623,0.635611279747023,"ohdsi_results"
2,28,4248728,1,NA,NA,NA,NA,NA,NA,NA,3883,38853,204933,2101078,0,0,NA,NA,NA,NA,NA,NA,"ohdsi_results"
2,28,4275889,1,NA,NA,NA,NA,NA,NA,NA,3883,38853,204933,2101078,0,0,NA,NA,NA,NA,NA,NA,"ohdsi_results"
2,28,4098604,1,NA,NA,NA,NA,NA,NA,NA,3883,38853,204933,2101078,0,0,NA,NA,NA,NA,NA,NA,"ohdsi_results"
2,28,259995,1,1.09611334020892,0.0591471028290251,5.88735966381472,0.937673757455498,NA,0.0917705957784858,1.17362750766765,3882,38849,204889,2100505,-5,10,0.972626112347945,1.01513964902657,0.101696747182574,10.1331511142209,0.0150261882776164,1.17389205480501,"ohdsi_results"
2,28,434327,1,0.367629929486557,0.0206142139275083,1.72243317065596,0.375424736241787,NA,-1.0006784731899,1.12897798245966,3882,38833,204812,2099207,-5,34,0.340548606892794,0.340471832520087,0.0372271081384172,3.11388862945169,-1.07742288069078,1.12925298957268,"ohdsi_results"
2,28,4091513,1,NA,NA,NA,NA,NA,NA,NA,3883,38853,204933,2101078,0,0,NA,NA,NA,NA,NA,NA,"ohdsi_results"
2,28,436233,1,0.329531993720592,NA,3.76109711676845,NA,NA,-1.11008183196694,NA,3883,38849,204933,2100603,0,7,NA,NA,NA,NA,NA,NA,"ohdsi_results"
2,28,436246,1,2.25288447829827,0.649792462510444,6.01368831856364,0.152477354754869,NA,0.812211385523122,0.567648316580689,3882,38838,204749,2099397,-5,22,0.198524042345449,2.08645609418565,0.685110663574095,6.35415453943469,0.735466978022245,0.568195072925695,"ohdsi_results"
2,28,435516,1,0.542235004694252,0.0876665820250684,1.79606122382095,0.426909208239527,NA,-0.612055783517829,0.770373992346927,3879,38829,204248,2098218,-5,36,0.372892008783379,0.502178225702754,0.110859098474125,2.27480625263095,-0.688800191018714,0.770776957144343,"ohdsi_results"
2,28,4058388,1,NA,NA,NA,NA,NA,NA,NA,3883,38853,204933,2101078,0,0,NA,NA,NA,NA,NA,NA,"ohdsi_results"
2,28,439971,1,NA,NA,NA,NA,NA,NA,NA,3883,38853,204933,2101078,0,0,NA,NA,NA,NA,NA,NA,"ohdsi_results"
2,28,440382,1,1.98361400306909,0.101996001760957,12.4640339878456,0.576379040382518,NA,0.684920435029728,1.22595846627805,3883,38850,204933,2100728,-5,6,0.620915687273359,1.83707756215786,0.166101739839283,20.3179928918821,0.608176027528842,1.22621172340627,"ohdsi_results"
2,28,441267,1,1.02980184446527,0.0559675184928809,5.38283250042623,0.979887406971206,NA,0.0293663997190624,1.16486796241007,3881,38845,204830,2100023,-5,12,0.962735146048201,0.953726813285679,0.0971985328419848,9.35811280051694,-0.0473780077818162,1.16513449842906,"ohdsi_results"
2,28,439871,1,0.985816656604586,0.0540488786291769,5.03034448227802,0.990144827513938,NA,-0.014284888318216,1.15648935008395,3883,38852,204914,2100682,-5,12,0.936556878924237,0.912990963689367,0.0945872154457611,8.81252816091643,-0.0910292958190979,1.15675781667458,"ohdsi_results"
2,28,441553,1,NA,NA,NA,NA,NA,NA,NA,3883,38853,204933,2101078,0,0,NA,NA,NA,NA,NA,NA,"ohdsi_results"
2,28,4216708,1,NA,NA,NA,NA,NA,NA,NA,3883,38852,204933,2101035,0,0,NA,NA,NA,NA,NA,NA,"ohdsi_results"
2,28,4163735,1,0.3353709584877,NA,21.6709907938412,NA,NA,-1.09251802103516,NA,3883,38853,204933,2100961,0,-5,NA,NA,NA,NA,NA,NA,"ohdsi_results"
2,28,4176908,1,NA,NA,NA,NA,NA,NA,NA,3883,38853,204933,2101078,0,0,NA,NA,NA,NA,NA,NA,"ohdsi_results"
2,28,44782778,1,1.78104849857568,0.772465095146749,3.6018637488181,0.141676137159364,NA,0.577202235029231,0.392767389389293,3881,38829,204651,2098155,8,46,0.20949109044831,1.64947627350178,0.762692711761915,3.56732394958907,0.500457827528351,0.393557177228207,"ohdsi_results"
2,28,440068,1,1.10308609697823,0.378581790481962,2.5649866913234,0.840689335921744,NA,0.098111794322286,0.488089690290335,3880,38832,204711,2098760,5,42,0.930962472329978,1.02159730408822,0.391990798258258,2.66246314035338,0.0213673868214102,0.48872546009786,"ohdsi_results"
2,28,435522,1,1.52089066491959,0.0811126394145632,8.52125407916825,0.723995155838078,NA,0.419296127011341,1.18738916617095,3882,38849,204834,2100562,-5,8,0.774016413233133,1.40853720063288,0.137353034067492,14.4443627258487,0.342551719510453,1.18765064792653,"ohdsi_results"
2,28,4008710,1,NA,NA,NA,NA,NA,NA,NA,3883,38853,204933,2101078,0,0,NA,NA,NA,NA,NA,NA,"ohdsi_results"
2,28,4119307,1,0.342491165718673,NA,23.4468640954009,NA,NA,-1.07150941513464,NA,3883,38853,204933,2100998,0,-5,NA,NA,NA,NA,NA,NA,"ohdsi_results"
2,28,4311591,1,1.44590393370054,0.87460567126651,2.26407809705006,0.128599334984749,NA,0.368734685637867,0.242644716439841,3877,38765,204017,2090841,20,147,0.245783791198411,1.33908999912647,0.83020200145781,2.15991050685469,0.291990278136979,0.243921069193136,"ohdsi_results"
2,28,4194160,1,NA,NA,NA,NA,NA,NA,NA,3883,38853,204933,2101078,0,0,NA,NA,NA,NA,NA,NA,"ohdsi_results"
2,28,40486120,1,NA,NA,NA,NA,NA,NA,NA,3883,38853,204933,2101078,0,0,NA,NA,NA,NA,NA,NA,"ohdsi_results"
2,28,4166231,1,0.898841049480964,0.533231427274401,1.42174686416081,0.669896537727835,NA,-0.106649068284227,0.250179610660809,3874,38733,203948,2087834,18,192,0.480163370582325,0.832440546090644,0.508564544029102,1.3625748607753,-0.183393475785124,0.251417714512217,"ohdsi_results"
2,28,46286594,1,1.63420966246136,0.376567883280003,4.9797968052277,0.455877360248767,NA,0.491159300606332,0.658697316768524,3883,38842,204830,2099307,-5,17,0.532605074146626,1.51348493110268,0.415807970104527,5.50888102529407,0.414414893105445,0.659168555604863,"ohdsi_results"
2,28,4344500,1,NA,NA,NA,NA,NA,NA,NA,3883,38853,204933,2101078,0,0,NA,NA,NA,NA,NA,NA,"ohdsi_results"
2,28,443792,1,0.653600347905754,0.274455824028272,1.31185500105899,0.286618026565834,NA,-0.425259203144941,0.399090785023098,3878,38784,204447,2092228,7,112,0.215237865067841,0.605316625058322,0.276448521869298,1.32541210238497,-0.502003610645843,0.399868083585699,"ohdsi_results"
2,28,4168212,1,NA,NA,NA,NA,NA,NA,NA,3883,38853,204933,2101078,0,0,NA,NA,NA,NA,NA,NA,"ohdsi_results"
2,28,440233,1,NA,NA,NA,NA,NA,NA,NA,3883,38853,204933,2101078,0,0,NA,NA,NA,NA,NA,NA,"ohdsi_results"
2,28,40479573,1,NA,NA,NA,NA,NA,NA,NA,3883,38853,204933,2101078,0,0,NA,NA,NA,NA,NA,NA,"ohdsi_results"
2,28,40483172,1,0.333285375989454,0.0187371929239338,1.5473684723121,0.32915701701141,NA,-1.09875617105032,1.1259902138825,3881,38834,204818,2098596,-5,39,0.297112058273631,0.308664430215885,0.0339474588140209,2.80650551790782,-1.17550057855121,1.12626595053713,"ohdsi_results"
2,28,4193634,1,NA,NA,NA,NA,NA,NA,NA,3883,38853,204933,2101078,0,0,NA,NA,NA,NA,NA,NA,"ohdsi_results"
2,28,259995,2,0.312725422317272,NA,7.54430938523843,NA,NA,-1.16242971843929,NA,3882,38849,115172,1151095,0,-5,NA,NA,NA,NA,NA,NA,"ohdsi_results"
2,28,13,2,1.08764314867066,0.725049862907047,1.56867825842887,0.669578641716175,NA,0.084013106279633,0.196878169019894,3859,38527,114144,1137252,29,298,0.715524873395407,0.930516700874877,0.628985455368336,1.3765999248743,-0.0720152547805384,0.199815861045625,"ohdsi_results"
2,28,138821,2,NA,NA,NA,NA,NA,NA,NA,3883,38853,115202,1151266,0,0,NA,NA,NA,NA,NA,NA,"ohdsi_results"
2,28,199876,2,1.19204927569947,0.665987178230191,1.98151903432103,0.527669337245748,NA,0.175673906462792,0.278155264268272,3863,38694,114428,1144729,15,121,0.851623943805229,1.01983978905201,0.588829175563547,1.76634113677923,0.0196455454026108,0.280242245082594,"ohdsi_results"
2,28,435516,2,0.448519302814827,0.0249394092841872,2.16780211012179,0.481483231077259,NA,-0.80180355980334,1.13905660040188,3879,38829,115077,1150244,-5,21,0.402075050136705,0.383723928610273,0.0411165638546547,3.58113712781553,-0.957831920863512,1.13956803386541,"ohdsi_results"
2,28,12,2,0.774970959612174,0.521934512046757,1.10711938455156,0.183877876032796,NA,-0.254929721799026,0.191833792300608,3848,38521,113697,1135962,30,360,0.0487527777815581,0.663014722699748,0.452552152451895,0.971354395587259,-0.410958082859196,0.194847552607697,"ohdsi_results"
2,28,20,2,1.75050498684986,0.405380381718473,5.27708237861795,0.392422662398151,NA,0.559904310223069,0.654681112501726,3879,38835,115071,1150485,-5,18,0.541541707719102,1.4976181546488,0.414360593622709,5.41282200009573,0.403875949162909,0.655570533165787,"ohdsi_results"
2,28,321689,2,1.00210624711382,0.739043493973107,1.32811799079608,0.988773640118756,NA,0.00210403208508933,0.149533717153612,3834,38311,112977,1127693,50,524,0.368671911974496,0.857336894118399,0.634736485597107,1.15800267779649,-0.15392432897508,0.153380890121794,"ohdsi_results"
2,28,15,2,1.3035791477803,0.874374224739419,1.87744057564694,0.173840705364623,NA,0.265113671980598,0.194941406985987,3845,38547,113628,1139026,31,209,0.610105749573121,1.11525748992614,0.756685969525798,1.64374564737316,0.10908531092042,0.197907849885884,"ohdsi_results"
2,28,197318,2,1.47948258015838,0.079422681843823,8.16902446192476,0.740354825030722,NA,0.391692418647804,1.18199130682217,3881,38841,115128,1150765,-5,8,0.842083999659985,1.26574901995517,0.12468529833077,12.8493142573017,0.235664057587641,1.18248417084203,"ohdsi_results"
2,28,435522,2,3.51453367210607,0.179148322873245,23.950485823569,0.314211101425441,NA,1.25690684849732,1.24888259274883,3882,38849,115159,1151084,-5,-5,0.379294538845628,3.0068063056149,0.259811037445663,34.7979217833527,1.10087848743714,1.24934906865928,"ohdsi_results"
2,28,9,2,0.871801822101698,0.45720552856268,1.50728333644703,0.65212530821415,NA,-0.137193149134493,0.304324768175589,3871,38694,114677,1144363,12,156,0.354165719682516,0.745856907488725,0.409250412698706,1.35932062421201,-0.293221510194641,0.306233455739088,"ohdsi_results"
2,28,16,2,1.35644253743595,0.516555867547162,2.95532676736598,0.493240186008769,NA,0.304865491317243,0.444952323185159,3865,38790,114557,1148754,6,49,0.743038485317358,1.16048396609121,0.483929385068676,2.78289163069451,0.148837130257078,0.446259940837897,"ohdsi_results"
2,28,11,2,0.960426698539763,0.052282593805156,4.99893308779955,0.972312951133594,NA,-0.040377615625597,1.16336736821063,3883,38843,115198,1150789,-5,12,0.866659381756789,0.821678584607149,0.0839490197113488,8.04244884244582,-0.196405976685767,1.1638681189491,"ohdsi_results"
2,28,440068,2,1.17102946009609,0.276080748722527,3.40239116891657,0.805358000152992,NA,0.157883242365809,0.640710844035571,3880,38832,115053,1150211,-5,24,0.933549473369185,1.00185660266212,0.284877365809431,3.52332888731186,0.00185488130564693,0.641619630742034,"ohdsi_results"
2,28,313601,2,NA,NA,NA,NA,NA,NA,NA,3883,38853,115202,1151266,0,0,NA,NA,NA,NA,NA,NA,"ohdsi_results"
2,28,8,2,0.350036367880899,NA,119.569089586942,NA,NA,-1.04971822166562,NA,3883,38852,115202,1151233,0,-5,NA,NA,NA,NA,NA,NA,"ohdsi_results"
2,28,19,2,NA,NA,NA,NA,NA,NA,NA,3883,38853,115202,1151266,-5,0,NA,NA,NA,NA,NA,NA,"ohdsi_results"
2,28,17,2,1.12166651997847,0.334881889235499,2.80771047213377,0.832370055418534,NA,0.11481554365158,0.542445363327079,3880,38817,115053,1149536,-5,40,0.910838189865898,0.959624883334074,0.33071792366138,2.78448747657469,-0.041212817408578,0.543518479063797,"ohdsi_results"
2,28,10,2,1.20229490005339,0.285828166775156,3.42665751990162,0.771252273344474,NA,0.18423214716439,0.63367229853577,3880,38835,115051,1150313,-5,29,0.92994740065278,1.02860527852702,0.296540332124153,3.56790865996161,0.0282037861042284,0.634591165097955,"ohdsi_results"
2,28,21,2,0.563277107851232,0.136792415660302,1.53556266995738,0.352144214927519,NA,-0.573983573262441,0.616895925024596,3880,38802,115076,1148963,-5,56,0.242069753823462,0.481903238867167,0.143566695105206,1.61758081469028,-0.730011934322604,0.617839742328648,"ohdsi_results"
2,28,196456,2,1.06112011945397,0.669914142117548,1.60009762491585,0.789397531808567,NA,0.0593250666581549,0.22211386809305,3863,38588,114328,1140446,23,219,0.68361063469332,0.907825323032727,0.584411373299353,1.41021693757718,-0.0967032944020048,0.224721906560166,"ohdsi_results"
2,28,435371,2,1.65369449236371,0.088102780064511,9.40627373180629,0.672905430084516,NA,0.503011871175461,1.19150864825185,3882,38838,115162,1150727,-5,7,0.771401589189673,1.41479339539812,0.136792676360028,14.6326572805247,0.346983510115308,1.19199757707293,"ohdsi_results"
2,28,436246,2,1.81135609589433,0.27994907431174,6.70858558217367,0.463494373080732,NA,0.594075789000366,0.810355631815163,3882,38838,115149,1150627,-5,13,0.591152064851832,1.54967840373127,0.316121355297229,7.59677609484233,0.438047427940205,0.811074358430427,"ohdsi_results"
2,28,138278,2,NA,NA,NA,NA,NA,NA,NA,3883,38853,115202,1151266,0,0,NA,NA,NA,NA,NA,NA,"ohdsi_results"
2,28,434164,2,NA,NA,NA,NA,NA,NA,NA,3883,38853,115202,1151266,0,0,NA,NA,NA,NA,NA,NA,"ohdsi_results"
2,28,440233,2,NA,NA,NA,NA,NA,NA,NA,3883,38853,115202,1151266,0,0,NA,NA,NA,NA,NA,NA,"ohdsi_results"
2,28,18,2,1.50243125325469,0.614195672584522,3.15237139757018,0.329246272129449,NA,0.407084631475075,0.417251725987633,3883,38853,115202,1151266,7,46,0.559105413039474,1.28538241129784,0.565822663811163,2.9200101886078,0.251056270414907,0.418645873893959,"ohdsi_results"
2,28,7,2,1.03448944086178,0.783678925705358,1.33961552168006,0.804199915573783,NA,0.0339080111545371,0.136772545045325,3813,38178,112310,1121955,60,611,0.444278887683968,0.885041847390042,0.671384442898624,1.16669231751895,-0.122120349905629,0.140968414784851,"ohdsi_results"
2,28,434327,2,0.69990621994362,0.0385038530665842,3.50843437826947,0.756578895593991,NA,-0.35680892442283,1.15108412463914,3882,38833,115167,1150472,-5,16,0.657359419890937,0.598794216190986,0.0626674794538369,5.72154036621013,-0.512837285483002,1.15159021656361,"ohdsi_results"
2,28,78200,2,1.28510934628917,0.487335621454269,2.82083698547722,0.575471057465575,NA,0.250843809115321,0.447925546154953,3880,38812,115054,1149480,6,43,0.832543588339638,1.09945592967145,0.455824044520405,2.65190780482312,0.094815448055158,0.449224509334684,"ohdsi_results"
2,28,436233,2,0.327734893899666,NA,4.16876344629458,NA,NA,-1.11555024771428,NA,3883,38849,115202,1151085,0,6,NA,NA,NA,NA,NA,NA,"ohdsi_results"
2,28,433753,2,1.69620923850756,0.897866452335611,2.95129365933613,0.0817538702666811,NA,0.528395901521577,0.303571277512225,3875,38751,114750,1146911,13,86,0.238914436567604,1.45116624560054,0.797421871105952,2.64086495326451,0.372367540461411,0.305484672969341,"ohdsi_results"
2,28,443792,2,0.307919959302844,0.0503895163858663,0.989047938192788,0.120895316292392,NA,-1.17791540217461,0.759442438760141,3878,38784,115009,1148320,-5,63,0.081111744598802,0.263436279642094,0.0593723519920926,1.16887189244093,-1.33394376323477,0.760209301889109,"ohdsi_results"
2,28,73754,2,1.44738625744849,0.667618064073812,2.7790797295683,0.309478285843509,NA,0.369759348758204,0.363822723516983,3877,38785,114895,1148285,9,64,0.57162798740481,1.2382894948759,0.605027988277044,2.53436353826635,0.213730987698042,0.365420769847713,"ohdsi_results"
2,28,439871,2,1.93253481162406,0.102141868279373,11.3710391503075,0.583670530334632,NA,0.658832515094197,1.20218083122323,3883,38852,115196,1151168,-5,6,0.676886315682156,1.653351027344,0.156550481209346,17.4612661583835,0.502804154034038,1.20266542140752,"ohdsi_results"
2,28,439971,2,NA,NA,NA,NA,NA,NA,NA,3883,38853,115202,1151266,0,0,NA,NA,NA,NA,NA,NA,"ohdsi_results"
2,28,440382,2,0.330749404885961,NA,6.71250102408985,NA,NA,-1.10639427527528,NA,3883,38850,115202,1151149,0,5,NA,NA,NA,NA,NA,NA,"ohdsi_results"
2,28,441267,2,1.25392095515267,0.067137869202601,6.9131207467523,0.848220040236948,NA,0.226275406055471,1.18227381333339,3881,38845,115125,1150928,-5,9,0.948292219550733,1.07277317176374,0.105617329717491,10.8963394656388,0.0702470449952841,1.18276655963155,"ohdsi_results"
2,28,4098604,2,NA,NA,NA,NA,NA,NA,NA,3883,38853,115202,1151266,0,0,NA,NA,NA,NA,NA,NA,"ohdsi_results"
2,28,432303,2,0.332605209578556,NA,1.37846271499132,NA,NA,-1.10079904915128,NA,3879,38834,115082,1150373,0,24,NA,NA,NA,NA,NA,NA,"ohdsi_results"
2,28,433270,2,NA,NA,NA,NA,NA,NA,NA,3883,38853,115202,1151266,0,0,NA,NA,NA,NA,NA,NA,"ohdsi_results"
2,28,4119307,2,0.342491165718673,NA,23.4468640954011,NA,NA,-1.07150941513464,NA,3883,38853,115202,1151212,0,-5,NA,NA,NA,NA,NA,NA,"ohdsi_results"
2,28,4163735,2,0.335410634091245,NA,21.6872149576633,NA,NA,-1.09239972439724,NA,3883,38853,115202,1151235,0,-5,NA,NA,NA,NA,NA,NA,"ohdsi_results"
2,28,439125,2,0.724721879976378,0.0399805328575626,3.59713615314231,0.779097549878465,NA,-0.321967311551754,1.14785288741138,3883,38836,115180,1150488,-5,17,0.678467302221731,0.620024880064469,0.0653014717617856,5.88701665563261,-0.477995672611911,1.1483604033697,"ohdsi_results"
2,28,443447,2,0.53552695753089,0.0297235860978384,2.60380634749268,0.584164411811882,NA,-0.62450404950072,1.14103850712834,3882,38830,115162,1150316,-5,20,0.495541645172128,0.458162016062226,0.0489024666825079,4.29247126377121,-0.780532410560866,1.14154905266416,"ohdsi_results"
2,28,439791,2,NA,NA,NA,NA,NA,NA,NA,3883,38853,115202,1151266,0,0,NA,NA,NA,NA,NA,NA,"ohdsi_results"
2,28,6,2,0.93420441793849,0.681774717604574,1.24930438802143,0.659569508416407,NA,-0.0680600018111068,0.154503581038261,3827,38371,112819,1129908,47,465,0.201871332186303,0.799244507709475,0.586130162839579,1.08984628944714,-0.224088362871271,0.158229963794549,"ohdsi_results"
2,28,374375,2,NA,NA,NA,NA,NA,NA,NA,3883,38853,115202,1151266,0,0,NA,NA,NA,NA,NA,NA,"ohdsi_results"
2,28,438808,2,1.86549244927558,0.286652278263687,7.0471195087884,0.445283177259363,NA,0.623525066110221,0.816878358490861,3881,38840,115095,1150780,-5,11,0.569498205632848,1.59599394482332,0.321437261554708,7.92439762457064,0.467496705050067,0.817591351140347,"ohdsi_results"
2,28,4008710,2,NA,NA,NA,NA,NA,NA,NA,3883,38853,115202,1151266,0,0,NA,NA,NA,NA,NA,NA,"ohdsi_results"
2,28,22,2,0.521380151077562,0.0846037104787028,1.71071065074633,0.395829850297225,NA,-0.6512758467199,0.767025835009339,3880,38804,115084,1149215,-5,42,0.296114159224545,0.446058929047919,0.0990495153867233,2.0087788153888,-0.807304207780064,0.767785123885942,"ohdsi_results"
2,28,4176908,2,NA,NA,NA,NA,NA,NA,NA,3883,38853,115202,1151266,0,0,NA,NA,NA,NA,NA,NA,"ohdsi_results"
2,28,25518,2,3.00950541078162,0.152948431245742,20.6713374971094,0.378721603186901,NA,1.10177574990459,1.25165630148111,3883,38852,115187,1151163,-5,-5,0.451179863597269,2.57473698935938,0.221271210337736,29.9599326738289,0.945747388844438,1.25212174405134,"ohdsi_results"
2,28,4193634,2,NA,NA,NA,NA,NA,NA,NA,3883,38853,115202,1151266,0,0,NA,NA,NA,NA,NA,NA,"ohdsi_results"
2,28,4166231,2,0.667151822769054,0.297757852275015,1.28940357218563,0.279039071462248,NA,-0.404737638624684,0.373898315206369,3874,38733,114814,1146258,8,107,0.144451316538277,0.570771685423179,0.273448685394421,1.19137642373712,-0.560765999684847,0.375453479146144,"ohdsi_results"
2,28,438130,2,0.326751690018376,NA,2.83269775323315,NA,NA,-1.11855475428498,NA,3883,38838,115202,1150660,0,9,NA,NA,NA,NA,NA,NA,"ohdsi_results"
2,28,443236,2,5.43653652019461,1.12122227477073,21.1866656557501,0.0239278363496633,NA,1.69314218902615,0.749746582451106,3882,38843,115135,1150886,-5,6,0.0419064088713976,4.65114687031339,1.06834966360079,20.2491449628133,1.537113827966,0.750523352591966,"ohdsi_results"
2,28,4091513,2,NA,NA,NA,NA,NA,NA,NA,3883,38853,115202,1151266,0,0,NA,NA,NA,NA,NA,NA,"ohdsi_results"
2,28,374801,2,0.341261442096667,NA,13.4367502732279,NA,NA,-1.07510640309148,NA,3883,38849,115202,1151115,0,-5,NA,NA,NA,NA,NA,NA,"ohdsi_results"
2,28,378256,2,NA,NA,NA,NA,NA,NA,NA,3883,38853,115202,1151266,0,0,NA,NA,NA,NA,NA,NA,"ohdsi_results"
2,28,4092879,2,NA,NA,NA,NA,NA,NA,NA,3883,38853,115202,1151266,0,0,NA,NA,NA,NA,NA,NA,"ohdsi_results"
2,28,4168212,2,NA,NA,NA,NA,NA,NA,NA,3883,38853,115202,1151266,0,0,NA,NA,NA,NA,NA,NA,"ohdsi_results"
2,28,4058388,2,NA,NA,NA,NA,NA,NA,NA,3883,38853,115202,1151266,0,0,NA,NA,NA,NA,NA,NA,"ohdsi_results"
2,28,4216708,2,NA,NA,NA,NA,NA,NA,NA,3883,38852,115202,1151236,0,0,NA,NA,NA,NA,NA,NA,"ohdsi_results"
2,28,4248728,2,NA,NA,NA,NA,NA,NA,NA,3883,38853,115202,1151266,0,0,NA,NA,NA,NA,NA,NA,"ohdsi_results"
2,28,4275889,2,NA,NA,NA,NA,NA,NA,NA,3883,38853,115202,1151266,0,0,NA,NA,NA,NA,NA,NA,"ohdsi_results"
2,28,441553,2,NA,NA,NA,NA,NA,NA,NA,3883,38853,115202,1151266,0,0,NA,NA,NA,NA,NA,NA,"ohdsi_results"
2,28,4209423,2,1.19461367471131,0.894491897734118,1.56390414319245,0.212152908070775,NA,0.177822848355285,0.14252424765926,3827,38323,112739,1128271,56,499,0.739798102552473,1.02203372197125,0.76686148188901,1.36211421947203,0.021794487295125,0.146555539163879,"ohdsi_results"
2,28,4311591,2,1.3955543579585,0.741751358330206,2.41379804715164,0.268190229543237,NA,0.333291725552709,0.301011308890339,3877,38765,114851,1147226,13,96,0.575352436269447,1.19394549457354,0.659357213519536,2.16196291597895,0.177263364492546,0.302940873717389,"ohdsi_results"
2,28,4344500,2,NA,NA,NA,NA,NA,NA,NA,3883,38853,115202,1151266,0,0,NA,NA,NA,NA,NA,NA,"ohdsi_results"
2,28,4022076,2,NA,NA,NA,NA,NA,NA,NA,3883,38853,115202,1151266,0,0,NA,NA,NA,NA,NA,NA,"ohdsi_results"
2,28,4049367,2,0.343013656118258,NA,14.9578824993098,NA,NA,-1.06998501885289,NA,3883,38845,115202,1151010,0,-5,NA,NA,NA,NA,NA,NA,"ohdsi_results"
2,28,40479573,2,NA,NA,NA,NA,NA,NA,NA,3883,38853,115202,1151266,0,0,NA,NA,NA,NA,NA,NA,"ohdsi_results"
2,28,40483172,2,0.527848678307115,0.0293970831535367,2.53472069715272,0.574143730315835,NA,-0.63894563046713,1.13699621766394,3881,38834,115126,1150413,-5,23,0.486079063026127,0.451592980013541,0.0485845434086299,4.19755348696535,-0.794973991527314,1.13750857749332,"ohdsi_results"
2,28,4194160,2,NA,NA,NA,NA,NA,NA,NA,3883,38853,115202,1151266,0,0,NA,NA,NA,NA,NA,NA,"ohdsi_results"
2,28,4195873,2,NA,NA,NA,NA,NA,NA,NA,3883,38853,115202,1151266,0,0,NA,NA,NA,NA,NA,NA,"ohdsi_results"
2,28,40486120,2,NA,NA,NA,NA,NA,NA,NA,3883,38853,115202,1151266,0,0,NA,NA,NA,NA,NA,NA,"ohdsi_results"
2,28,4198492,2,NA,NA,NA,NA,NA,NA,NA,3883,38853,115202,1151266,0,0,NA,NA,NA,NA,NA,NA,"ohdsi_results"
2,28,44782778,2,1.63640101237774,0.553425273718338,3.90766454130889,0.32329091262444,NA,0.492499325734452,0.498623558831805,3881,38829,115104,1150102,5,30,0.508167710862639,1.39999821927542,0.525659847482387,3.72863748936051,0.336470964674277,0.49979077453558,"ohdsi_results"
2,28,46286594,2,1.24531572761225,0.193861474807986,4.53340214815322,0.784982351227381,NA,0.21938909424222,0.80411786413301,3883,38842,115187,1150732,-5,15,0.92913257756482,1.06541109905546,0.220005899772696,5.1594107756351,0.0633607331820514,0.804842161113974,"ohdsi_results"
