"target_id","comparator_id","outcome_id","analysis_id","rr","ci_95_lb","ci_95_ub","p","i_2","log_rr","se_log_rr","target_subjects","comparator_subjects","target_days","comparator_days","target_outcomes","comparator_outcomes","calibrated_p","calibrated_rr","calibrated_ci_95_lb","calibrated_ci_95_ub","calibrated_log_rr","calibrated_se_log_rr","database_id"
137,143,6,1,0.339995378477942,NA,21.4012939062651,NA,NA,-1.07882325417625,NA,23,170,1464,15017,0,-5,NA,NA,NA,NA,NA,NA,"rwe"
137,143,7,1,0.825085444114687,0.0425028110818007,5.02687494965659,0.874531652918984,NA,-0.192268329386453,1.21762022375104,23,168,1439,14226,-5,9,NA,NA,NA,NA,NA,NA,"rwe"
137,143,18,1,0.347999040792255,NA,107.239659058111,NA,NA,-1.05555555555556,NA,23,171,1464,15606,0,-5,NA,NA,NA,NA,NA,NA,"rwe"
137,143,8,1,NA,NA,NA,NA,NA,NA,NA,23,171,1464,15606,0,0,NA,NA,NA,NA,NA,NA,"rwe"
137,143,19,1,NA,NA,NA,NA,NA,NA,NA,23,171,1464,15606,0,0,NA,NA,NA,NA,NA,NA,"rwe"
137,143,20,1,NA,NA,NA,NA,NA,NA,NA,23,171,1464,15606,0,0,NA,NA,NA,NA,NA,NA,"rwe"
137,143,9,1,NA,NA,NA,NA,NA,NA,NA,22,171,1167,15606,-5,0,NA,NA,NA,NA,NA,NA,"rwe"
137,143,10,1,NA,NA,NA,NA,NA,NA,NA,23,171,1464,15606,0,0,NA,NA,NA,NA,NA,NA,"rwe"
137,143,259995,1,NA,NA,NA,NA,NA,NA,NA,23,171,1464,15606,0,0,NA,NA,NA,NA,NA,NA,"rwe"
137,143,313601,1,NA,NA,NA,NA,NA,NA,NA,23,171,1464,15606,0,0,NA,NA,NA,NA,NA,NA,"rwe"
137,143,11,1,NA,NA,NA,NA,NA,NA,NA,23,171,1464,15606,0,0,NA,NA,NA,NA,NA,NA,"rwe"
137,143,12,1,0.345590752576975,NA,95.5697670198309,NA,NA,-1.0625,NA,23,170,1464,15359,0,-5,NA,NA,NA,NA,NA,NA,"rwe"
137,143,17,1,NA,NA,NA,NA,NA,NA,NA,23,171,1464,15606,0,0,NA,NA,NA,NA,NA,NA,"rwe"
137,143,432303,1,NA,NA,NA,NA,NA,NA,NA,23,171,1464,15606,0,0,NA,NA,NA,NA,NA,NA,"rwe"
137,143,13,1,6.70283280504046,0.311312734753878,70.1108889802191,0.168596519110643,NA,1.9025302437618,1.38192218166518,23,171,1210,15047,-5,-5,NA,NA,NA,NA,NA,NA,"rwe"
137,143,15,1,0.34444322610173,NA,14.3543303043535,NA,NA,-1.06582600297539,NA,23,168,1464,14556,0,-5,NA,NA,NA,NA,NA,NA,"rwe"
137,143,16,1,NA,NA,NA,NA,NA,NA,NA,23,168,1464,15336,0,0,NA,NA,NA,NA,NA,NA,"rwe"
137,143,199876,1,NA,NA,NA,NA,NA,NA,NA,23,170,1464,15590,0,0,NA,NA,NA,NA,NA,NA,"rwe"
137,143,25518,1,0.340642044157441,NA,78.0546247839408,NA,NA,-1.07692307692308,NA,23,171,1464,15518,0,-5,NA,NA,NA,NA,NA,NA,"rwe"
137,143,196456,1,0.263597138115727,NA,19.2748154151161,NA,NA,-1.33333333333333,NA,23,171,1464,15585,0,-5,NA,NA,NA,NA,NA,NA,"rwe"
137,143,443236,1,NA,NA,NA,NA,NA,NA,NA,23,171,1452,15606,-5,0,NA,NA,NA,NA,NA,NA,"rwe"
137,143,443447,1,0.344612611454379,NA,27.2749907437516,NA,NA,-1.06533435818601,NA,23,171,1464,15575,0,-5,NA,NA,NA,NA,NA,NA,"rwe"
137,143,197318,1,NA,NA,NA,NA,NA,NA,NA,23,171,1464,15606,0,0,NA,NA,NA,NA,NA,NA,"rwe"
137,143,378256,1,NA,NA,NA,NA,NA,NA,NA,23,171,1464,15606,0,0,NA,NA,NA,NA,NA,NA,"rwe"
137,143,438130,1,NA,NA,NA,NA,NA,NA,NA,23,171,1464,15606,0,0,NA,NA,NA,NA,NA,NA,"rwe"
137,143,73754,1,0.354503508139758,NA,159.720146534716,NA,NA,-1.03703703703704,NA,23,171,1464,15268,0,-5,NA,NA,NA,NA,NA,NA,"rwe"
137,143,21,1,NA,NA,NA,NA,NA,NA,NA,23,171,1464,15606,0,0,NA,NA,NA,NA,NA,NA,"rwe"
137,143,4168212,1,NA,NA,NA,NA,NA,NA,NA,23,171,1464,15606,0,0,NA,NA,NA,NA,NA,NA,"rwe"
137,143,22,1,NA,NA,NA,NA,NA,NA,NA,23,171,1210,15606,-5,0,NA,NA,NA,NA,NA,NA,"rwe"
137,143,4176908,1,NA,NA,NA,NA,NA,NA,NA,23,171,1464,15606,0,0,NA,NA,NA,NA,NA,NA,"rwe"
137,143,321689,1,2.05049268246126,0.104931954980114,12.8377299003761,0.558152510449449,NA,0.718080097182921,1.22625510167977,23,169,1456,14856,-5,7,NA,NA,NA,NA,NA,NA,"rwe"
137,143,436246,1,NA,NA,NA,NA,NA,NA,NA,23,171,1464,15606,0,0,NA,NA,NA,NA,NA,NA,"rwe"
137,143,443792,1,NA,NA,NA,NA,NA,NA,NA,23,171,1464,15606,0,0,NA,NA,NA,NA,NA,NA,"rwe"
137,143,46286594,1,NA,NA,NA,NA,NA,NA,NA,23,171,1464,15606,0,0,NA,NA,NA,NA,NA,NA,"rwe"
137,143,435522,1,NA,NA,NA,NA,NA,NA,NA,23,170,1464,15583,0,0,NA,NA,NA,NA,NA,NA,"rwe"
137,143,374801,1,NA,NA,NA,NA,NA,NA,NA,23,171,1464,15606,0,0,NA,NA,NA,NA,NA,NA,"rwe"
137,143,436233,1,NA,NA,NA,NA,NA,NA,NA,23,171,1464,15606,0,0,NA,NA,NA,NA,NA,NA,"rwe"
137,143,78200,1,NA,NA,NA,NA,NA,NA,NA,23,170,1464,15585,0,0,NA,NA,NA,NA,NA,NA,"rwe"
137,143,138278,1,NA,NA,NA,NA,NA,NA,NA,23,171,1464,15606,0,0,NA,NA,NA,NA,NA,NA,"rwe"
137,143,441267,1,NA,NA,NA,NA,NA,NA,NA,23,171,1464,15606,0,0,NA,NA,NA,NA,NA,NA,"rwe"
137,143,441553,1,NA,NA,NA,NA,NA,NA,NA,23,171,1464,15606,0,0,NA,NA,NA,NA,NA,NA,"rwe"
137,143,138821,1,NA,NA,NA,NA,NA,NA,NA,23,171,1464,15606,0,0,NA,NA,NA,NA,NA,NA,"rwe"
137,143,433270,1,NA,NA,NA,NA,NA,NA,NA,23,171,1464,15606,0,0,NA,NA,NA,NA,NA,NA,"rwe"
137,143,433753,1,0.347447099526935,NA,104.322581437033,NA,NA,-1.05714285714286,NA,23,171,1464,15117,0,-5,NA,NA,NA,NA,NA,NA,"rwe"
137,143,435371,1,NA,NA,NA,NA,NA,NA,NA,23,171,1464,15606,0,0,NA,NA,NA,NA,NA,NA,"rwe"
137,143,435516,1,NA,NA,NA,NA,NA,NA,NA,23,171,1464,15606,0,0,NA,NA,NA,NA,NA,NA,"rwe"
137,143,4166231,1,0.344742118032532,NA,14.6218189352001,NA,NA,-1.06495862541988,NA,23,170,1464,14872,0,-5,NA,NA,NA,NA,NA,NA,"rwe"
137,143,374375,1,NA,NA,NA,NA,NA,NA,NA,23,171,1464,15606,0,0,NA,NA,NA,NA,NA,NA,"rwe"
137,143,440382,1,NA,NA,NA,NA,NA,NA,NA,23,171,1464,15606,0,0,NA,NA,NA,NA,NA,NA,"rwe"
137,143,439125,1,NA,NA,NA,NA,NA,NA,NA,23,171,1464,15606,0,0,NA,NA,NA,NA,NA,NA,"rwe"
137,143,4163735,1,NA,NA,NA,NA,NA,NA,NA,23,171,1464,15606,0,0,NA,NA,NA,NA,NA,NA,"rwe"
137,143,440068,1,NA,NA,NA,NA,NA,NA,NA,23,171,1464,15606,0,0,NA,NA,NA,NA,NA,NA,"rwe"
137,143,44782778,1,0.31890655732397,NA,42.9584394972867,NA,NA,-1.14285714285714,NA,23,171,1464,15527,0,-5,NA,NA,NA,NA,NA,NA,"rwe"
137,143,4198492,1,NA,NA,NA,NA,NA,NA,NA,23,171,1464,15606,0,0,NA,NA,NA,NA,NA,NA,"rwe"
137,143,434164,1,NA,NA,NA,NA,NA,NA,NA,23,171,1464,15606,0,0,NA,NA,NA,NA,NA,NA,"rwe"
137,143,440233,1,NA,NA,NA,NA,NA,NA,NA,23,171,1464,15606,0,0,NA,NA,NA,NA,NA,NA,"rwe"
137,143,4119307,1,NA,NA,NA,NA,NA,NA,NA,23,171,1464,15606,0,0,NA,NA,NA,NA,NA,NA,"rwe"
137,143,438808,1,NA,NA,NA,NA,NA,NA,NA,23,171,1464,15606,0,0,NA,NA,NA,NA,NA,NA,"rwe"
137,143,439971,1,NA,NA,NA,NA,NA,NA,NA,23,171,1464,15606,0,0,NA,NA,NA,NA,NA,NA,"rwe"
137,143,4092879,1,NA,NA,NA,NA,NA,NA,NA,23,171,1464,15606,0,0,NA,NA,NA,NA,NA,NA,"rwe"
137,143,4193634,1,NA,NA,NA,NA,NA,NA,NA,23,171,1464,15606,0,0,NA,NA,NA,NA,NA,NA,"rwe"
137,143,40479573,1,NA,NA,NA,NA,NA,NA,NA,23,171,1464,15606,0,0,NA,NA,NA,NA,NA,NA,"rwe"
137,143,4209423,1,0.92148235042482,0.0448769058094257,6.59637826297709,0.948785711076763,NA,-0.0817716551486604,1.27307255478397,23,170,1447,13743,-5,7,NA,NA,NA,NA,NA,NA,"rwe"
137,143,4195873,1,NA,NA,NA,NA,NA,NA,NA,23,171,1464,15606,0,0,NA,NA,NA,NA,NA,NA,"rwe"
137,143,40486120,1,NA,NA,NA,NA,NA,NA,NA,23,171,1464,15606,0,0,NA,NA,NA,NA,NA,NA,"rwe"
137,143,4022076,1,NA,NA,NA,NA,NA,NA,NA,23,171,1464,15606,0,0,NA,NA,NA,NA,NA,NA,"rwe"
137,143,434327,1,0.340642044157441,NA,78.0546247839408,NA,NA,-1.07692307692308,NA,23,171,1464,15452,0,-5,NA,NA,NA,NA,NA,NA,"rwe"
137,143,4344500,1,NA,NA,NA,NA,NA,NA,NA,23,171,1464,15606,0,0,NA,NA,NA,NA,NA,NA,"rwe"
137,143,4216708,1,NA,NA,NA,NA,NA,NA,NA,23,171,1464,15606,0,0,NA,NA,NA,NA,NA,NA,"rwe"
137,143,40483172,1,NA,NA,NA,NA,NA,NA,NA,23,171,1464,15606,0,0,NA,NA,NA,NA,NA,NA,"rwe"
137,143,439791,1,NA,NA,NA,NA,NA,NA,NA,23,171,1464,15606,0,0,NA,NA,NA,NA,NA,NA,"rwe"
137,143,4091513,1,NA,NA,NA,NA,NA,NA,NA,23,171,1464,15606,0,0,NA,NA,NA,NA,NA,NA,"rwe"
137,143,4248728,1,NA,NA,NA,NA,NA,NA,NA,23,171,1464,15606,0,0,NA,NA,NA,NA,NA,NA,"rwe"
137,143,4008710,1,NA,NA,NA,NA,NA,NA,NA,23,171,1464,15606,0,0,NA,NA,NA,NA,NA,NA,"rwe"
137,143,4194160,1,NA,NA,NA,NA,NA,NA,NA,23,171,1464,15606,0,0,NA,NA,NA,NA,NA,NA,"rwe"
137,143,4311591,1,NA,NA,NA,NA,NA,NA,NA,23,170,1464,15586,0,0,NA,NA,NA,NA,NA,NA,"rwe"
137,143,439871,1,NA,NA,NA,NA,NA,NA,NA,23,171,1464,15606,0,0,NA,NA,NA,NA,NA,NA,"rwe"
137,143,4058388,1,NA,NA,NA,NA,NA,NA,NA,23,171,1464,15606,0,0,NA,NA,NA,NA,NA,NA,"rwe"
137,143,4098604,1,NA,NA,NA,NA,NA,NA,NA,23,171,1464,15606,0,0,NA,NA,NA,NA,NA,NA,"rwe"
137,143,4275889,1,NA,NA,NA,NA,NA,NA,NA,23,171,1464,15606,0,0,NA,NA,NA,NA,NA,NA,"rwe"
137,143,4049367,1,NA,NA,NA,NA,NA,NA,NA,23,171,1464,15606,0,0,NA,NA,NA,NA,NA,NA,"rwe"
137,143,21,2,0.342692414174761,NA,84.4786261669281,NA,NA,-1.0709219858156,NA,23,171,690,5077,0,-5,NA,NA,NA,NA,NA,NA,"rwe"
137,143,9,2,NA,NA,NA,NA,NA,NA,NA,22,171,660,5091,0,0,NA,NA,NA,NA,NA,NA,"rwe"
137,143,10,2,NA,NA,NA,NA,NA,NA,NA,23,171,690,5091,0,0,NA,NA,NA,NA,NA,NA,"rwe"
137,143,434164,2,NA,NA,NA,NA,NA,NA,NA,23,171,690,5091,0,0,NA,NA,NA,NA,NA,NA,"rwe"
137,143,25518,2,NA,NA,NA,NA,NA,NA,NA,23,171,690,5091,0,0,NA,NA,NA,NA,NA,NA,"rwe"
137,143,374375,2,NA,NA,NA,NA,NA,NA,NA,23,171,690,5091,0,0,NA,NA,NA,NA,NA,NA,"rwe"
137,143,11,2,NA,NA,NA,NA,NA,NA,NA,23,171,690,5091,0,0,NA,NA,NA,NA,NA,NA,"rwe"
137,143,6,2,5.25357021462548,0.168702231881294,163.601866390372,0.344363375114286,NA,1.65890788636155,1.75438323005871,23,170,687,5055,-5,-5,NA,NA,NA,NA,NA,NA,"rwe"
137,143,73754,2,0.342342888564632,NA,83.3107994866753,NA,NA,-1.07194244604317,NA,23,171,690,5091,0,-5,NA,NA,NA,NA,NA,NA,"rwe"
137,143,8,2,NA,NA,NA,NA,NA,NA,NA,23,171,690,5091,0,0,NA,NA,NA,NA,NA,NA,"rwe"
137,143,20,2,NA,NA,NA,NA,NA,NA,NA,23,171,690,5091,0,0,NA,NA,NA,NA,NA,NA,"rwe"
137,143,12,2,NA,NA,NA,NA,NA,NA,NA,23,170,690,5061,0,0,NA,NA,NA,NA,NA,NA,"rwe"
137,143,138278,2,NA,NA,NA,NA,NA,NA,NA,23,171,690,5091,0,0,NA,NA,NA,NA,NA,NA,"rwe"
137,143,321689,2,4.83742317476222,0.239346781576574,37.7858330435291,0.222170105373681,NA,1.57638217704369,1.29129312957865,23,169,674,4985,-5,-5,NA,NA,NA,NA,NA,NA,"rwe"
137,143,439791,2,NA,NA,NA,NA,NA,NA,NA,23,171,690,5091,0,0,NA,NA,NA,NA,NA,NA,"rwe"
137,143,434327,2,NA,NA,NA,NA,NA,NA,NA,23,171,690,5091,0,0,NA,NA,NA,NA,NA,NA,"rwe"
137,143,7,2,1.57004588883291,0.0721518667575524,14.613326173248,0.739167899615366,NA,0.451104847489062,1.35485040202408,23,168,678,4969,-5,-5,NA,NA,NA,NA,NA,NA,"rwe"
137,143,22,2,NA,NA,NA,NA,NA,NA,NA,23,171,690,5091,0,0,NA,NA,NA,NA,NA,NA,"rwe"
137,143,78200,2,NA,NA,NA,NA,NA,NA,NA,23,170,690,5061,0,0,NA,NA,NA,NA,NA,NA,"rwe"
137,143,16,2,NA,NA,NA,NA,NA,NA,NA,23,168,690,5001,0,0,NA,NA,NA,NA,NA,NA,"rwe"
137,143,432303,2,NA,NA,NA,NA,NA,NA,NA,23,171,690,5091,0,0,NA,NA,NA,NA,NA,NA,"rwe"
137,143,435516,2,NA,NA,NA,NA,NA,NA,NA,23,171,690,5091,0,0,NA,NA,NA,NA,NA,NA,"rwe"
137,143,433270,2,NA,NA,NA,NA,NA,NA,NA,23,171,690,5091,0,0,NA,NA,NA,NA,NA,NA,"rwe"
137,143,433753,2,NA,NA,NA,NA,NA,NA,NA,23,171,690,5091,0,0,NA,NA,NA,NA,NA,NA,"rwe"
137,143,435371,2,NA,NA,NA,NA,NA,NA,NA,23,171,690,5091,0,0,NA,NA,NA,NA,NA,NA,"rwe"
137,143,199876,2,0.342164464172693,NA,82.7268586639536,NA,NA,-1.07246376811594,NA,23,170,690,5060,0,-5,NA,NA,NA,NA,NA,NA,"rwe"
137,143,439871,2,NA,NA,NA,NA,NA,NA,NA,23,171,690,5091,0,0,NA,NA,NA,NA,NA,NA,"rwe"
137,143,438808,2,NA,NA,NA,NA,NA,NA,NA,23,171,690,5091,0,0,NA,NA,NA,NA,NA,NA,"rwe"
137,143,439125,2,NA,NA,NA,NA,NA,NA,NA,23,171,690,5091,0,0,NA,NA,NA,NA,NA,NA,"rwe"
137,143,197318,2,NA,NA,NA,NA,NA,NA,NA,23,171,690,5091,0,0,NA,NA,NA,NA,NA,NA,"rwe"
137,143,440068,2,NA,NA,NA,NA,NA,NA,NA,23,171,690,5091,0,0,NA,NA,NA,NA,NA,NA,"rwe"
137,143,4049367,2,NA,NA,NA,NA,NA,NA,NA,23,171,690,5091,0,0,NA,NA,NA,NA,NA,NA,"rwe"
137,143,138821,2,NA,NA,NA,NA,NA,NA,NA,23,171,690,5091,0,0,NA,NA,NA,NA,NA,NA,"rwe"
137,143,13,2,0.342516524922375,NA,23.4716563381202,NA,NA,-1.07143537449521,NA,23,171,690,5069,0,-5,NA,NA,NA,NA,NA,NA,"rwe"
137,143,15,2,0.341850922091658,NA,12.8745314164125,NA,NA,-1.07338053726848,NA,23,168,690,4975,0,-5,NA,NA,NA,NA,NA,NA,"rwe"
137,143,374801,2,NA,NA,NA,NA,NA,NA,NA,23,171,690,5091,0,0,NA,NA,NA,NA,NA,NA,"rwe"
137,143,439971,2,NA,NA,NA,NA,NA,NA,NA,23,171,690,5091,0,0,NA,NA,NA,NA,NA,NA,"rwe"
137,143,378256,2,NA,NA,NA,NA,NA,NA,NA,23,171,690,5091,0,0,NA,NA,NA,NA,NA,NA,"rwe"
137,143,436246,2,NA,NA,NA,NA,NA,NA,NA,23,171,690,5091,0,0,NA,NA,NA,NA,NA,NA,"rwe"
137,143,4058388,2,NA,NA,NA,NA,NA,NA,NA,23,171,690,5091,0,0,NA,NA,NA,NA,NA,NA,"rwe"
137,143,196456,2,NA,NA,NA,NA,NA,NA,NA,23,171,690,5091,0,0,NA,NA,NA,NA,NA,NA,"rwe"
137,143,436233,2,NA,NA,NA,NA,NA,NA,NA,23,171,690,5091,0,0,NA,NA,NA,NA,NA,NA,"rwe"
137,143,18,2,NA,NA,NA,NA,NA,NA,NA,23,171,690,5091,0,0,NA,NA,NA,NA,NA,NA,"rwe"
137,143,19,2,NA,NA,NA,NA,NA,NA,NA,23,171,690,5091,0,0,NA,NA,NA,NA,NA,NA,"rwe"
137,143,443792,2,NA,NA,NA,NA,NA,NA,NA,23,171,690,5091,0,0,NA,NA,NA,NA,NA,NA,"rwe"
137,143,4008710,2,NA,NA,NA,NA,NA,NA,NA,23,171,690,5091,0,0,NA,NA,NA,NA,NA,NA,"rwe"
137,143,435522,2,NA,NA,NA,NA,NA,NA,NA,23,170,690,5061,0,0,NA,NA,NA,NA,NA,NA,"rwe"
137,143,313601,2,NA,NA,NA,NA,NA,NA,NA,23,171,690,5091,0,0,NA,NA,NA,NA,NA,NA,"rwe"
137,143,4022076,2,NA,NA,NA,NA,NA,NA,NA,23,171,690,5091,0,0,NA,NA,NA,NA,NA,NA,"rwe"
137,143,4193634,2,NA,NA,NA,NA,NA,NA,NA,23,171,690,5091,0,0,NA,NA,NA,NA,NA,NA,"rwe"
137,143,438130,2,NA,NA,NA,NA,NA,NA,NA,23,171,690,5091,0,0,NA,NA,NA,NA,NA,NA,"rwe"
137,143,259995,2,NA,NA,NA,NA,NA,NA,NA,23,171,690,5091,0,0,NA,NA,NA,NA,NA,NA,"rwe"
137,143,440382,2,NA,NA,NA,NA,NA,NA,NA,23,171,690,5091,0,0,NA,NA,NA,NA,NA,NA,"rwe"
137,143,4091513,2,NA,NA,NA,NA,NA,NA,NA,23,171,690,5091,0,0,NA,NA,NA,NA,NA,NA,"rwe"
137,143,4092879,2,NA,NA,NA,NA,NA,NA,NA,23,171,690,5091,0,0,NA,NA,NA,NA,NA,NA,"rwe"
137,143,441267,2,NA,NA,NA,NA,NA,NA,NA,23,171,690,5091,0,0,NA,NA,NA,NA,NA,NA,"rwe"
137,143,4209423,2,1.77823120391173,0.0769531706131134,22.2320954920257,0.690463701866987,NA,0.57561916458363,1.44545901056665,23,170,686,5027,-5,-5,NA,NA,NA,NA,NA,NA,"rwe"
137,143,4194160,2,NA,NA,NA,NA,NA,NA,NA,23,171,690,5091,0,0,NA,NA,NA,NA,NA,NA,"rwe"
137,143,440233,2,NA,NA,NA,NA,NA,NA,NA,23,171,690,5091,0,0,NA,NA,NA,NA,NA,NA,"rwe"
137,143,443236,2,NA,NA,NA,NA,NA,NA,NA,23,171,673,5091,-5,0,NA,NA,NA,NA,NA,NA,"rwe"
137,143,4216708,2,NA,NA,NA,NA,NA,NA,NA,23,171,690,5091,0,0,NA,NA,NA,NA,NA,NA,"rwe"
137,143,443447,2,NA,NA,NA,NA,NA,NA,NA,23,171,690,5091,0,0,NA,NA,NA,NA,NA,NA,"rwe"
137,143,4248728,2,NA,NA,NA,NA,NA,NA,NA,23,171,690,5091,0,0,NA,NA,NA,NA,NA,NA,"rwe"
137,143,4163735,2,NA,NA,NA,NA,NA,NA,NA,23,171,690,5091,0,0,NA,NA,NA,NA,NA,NA,"rwe"
137,143,4166231,2,0.342692414174761,NA,84.4786261669281,NA,NA,-1.0709219858156,NA,23,170,690,5034,0,-5,NA,NA,NA,NA,NA,NA,"rwe"
137,143,17,2,NA,NA,NA,NA,NA,NA,NA,23,171,690,5091,0,0,NA,NA,NA,NA,NA,NA,"rwe"
137,143,4119307,2,NA,NA,NA,NA,NA,NA,NA,23,171,690,5091,0,0,NA,NA,NA,NA,NA,NA,"rwe"
137,143,4168212,2,NA,NA,NA,NA,NA,NA,NA,23,171,690,5091,0,0,NA,NA,NA,NA,NA,NA,"rwe"
137,143,4176908,2,NA,NA,NA,NA,NA,NA,NA,23,171,690,5091,0,0,NA,NA,NA,NA,NA,NA,"rwe"
137,143,4344500,2,NA,NA,NA,NA,NA,NA,NA,23,171,690,5091,0,0,NA,NA,NA,NA,NA,NA,"rwe"
137,143,40479573,2,NA,NA,NA,NA,NA,NA,NA,23,171,690,5091,0,0,NA,NA,NA,NA,NA,NA,"rwe"
137,143,4275889,2,NA,NA,NA,NA,NA,NA,NA,23,171,690,5091,0,0,NA,NA,NA,NA,NA,NA,"rwe"
137,143,4311591,2,NA,NA,NA,NA,NA,NA,NA,23,170,690,5061,0,0,NA,NA,NA,NA,NA,NA,"rwe"
137,143,40483172,2,NA,NA,NA,NA,NA,NA,NA,23,171,690,5091,0,0,NA,NA,NA,NA,NA,NA,"rwe"
137,143,40486120,2,NA,NA,NA,NA,NA,NA,NA,23,171,690,5091,0,0,NA,NA,NA,NA,NA,NA,"rwe"
137,143,4195873,2,NA,NA,NA,NA,NA,NA,NA,23,171,690,5091,0,0,NA,NA,NA,NA,NA,NA,"rwe"
137,143,4198492,2,NA,NA,NA,NA,NA,NA,NA,23,171,690,5091,0,0,NA,NA,NA,NA,NA,NA,"rwe"
137,143,44782778,2,NA,NA,NA,NA,NA,NA,NA,23,171,690,5091,0,0,NA,NA,NA,NA,NA,NA,"rwe"
137,143,441553,2,NA,NA,NA,NA,NA,NA,NA,23,171,690,5091,0,0,NA,NA,NA,NA,NA,NA,"rwe"
137,143,4098604,2,NA,NA,NA,NA,NA,NA,NA,23,171,690,5091,0,0,NA,NA,NA,NA,NA,NA,"rwe"
137,143,46286594,2,NA,NA,NA,NA,NA,NA,NA,23,171,690,5091,0,0,NA,NA,NA,NA,NA,NA,"rwe"
2,28,6,1,0.925081799344242,0.727386516509939,1.15985324242313,0.512964575231874,NA,-0.0778731136560611,0.119030443620004,3827,38371,199019,2044973,79,806,0.239632612386439,0.856967247380632,0.676056502124353,1.08628917964029,-0.154355578873563,0.12098336826834,"rwe"
2,28,138821,1,NA,NA,NA,NA,NA,NA,NA,3883,38853,204933,2101078,0,0,NA,NA,NA,NA,NA,NA,"rwe"
2,28,432303,1,0.356750142930637,0.0200506509391114,1.65781985786158,0.360117393475772,NA,-1.03071962197878,1.12629545627782,3879,38834,204723,2098851,-5,38,0.325886946408633,0.330482329461708,0.0363301095407781,3.00628243258807,-1.10720208719628,1.12650352139762,"rwe"
2,28,7,1,1.08599906078998,0.889048805873969,1.3131921523783,0.407057498674222,NA,0.0825003566770927,0.0995079702944735,3813,38178,196689,2018330,114,1137,0.730777168412917,1.00603603534614,0.824006430968702,1.22827743373935,0.00601789145960652,0.101835971254284,"rwe"
2,28,18,1,1.0727362892386,0.498696497010767,2.033454018744,0.844748347484269,NA,0.0702126638603447,0.358550829508358,3883,38853,204933,2101078,9,85,0.910709874383543,0.993749812833625,0.491498463249558,2.00924064742279,-0.00626980135713495,0.359203878362019,"rwe"
2,28,19,1,NA,NA,NA,NA,NA,NA,NA,3883,38853,204933,2101078,-5,0,NA,NA,NA,NA,NA,NA,"rwe"
2,28,8,1,0.351346863458481,NA,20.3010475599156,NA,NA,-1.04598132849782,NA,3883,38852,204933,2100970,0,-5,NA,NA,NA,NA,NA,NA,"rwe"
2,28,9,1,0.838144600706135,0.514113430586911,1.28811755495253,0.451125965605221,NA,-0.17656463884395,0.234313807787639,3871,38694,203851,2080768,20,284,0.293464560552246,0.776431307894325,0.489559168192462,1.23140493539176,-0.253047104061437,0.235311898146102,"rwe"
2,28,12,1,0.941267316024795,0.711496361433273,1.22134511204171,0.660584403976084,NA,-0.0605281031981624,0.137843802718168,3848,38521,200017,2056524,59,593,0.353406829259149,0.871961010837011,0.663324132515361,1.14622093053773,-0.137010568415661,0.139533662020975,"rwe"
2,28,13,1,0.953171580944301,0.691899367167826,1.28000741909841,0.759906855155998,NA,-0.0479603485701342,0.156936718236955,3859,38527,201306,2060158,45,551,0.454446191753121,0.882988754705065,0.647299436521806,1.20449531846507,-0.124442813787624,0.158423048891769,"rwe"
2,28,10,1,1.137623210745,0.391172949918831,2.63272250044569,0.790934796909907,NA,0.128941183115549,0.486392603822609,3880,38835,204363,2098079,5,48,0.908045102913727,1.05385905566355,0.405839631453844,2.73659550011285,0.0524587178980482,0.486874207514135,"rwe"
2,28,11,1,0.485086111764403,0.0270528321704749,2.31641960961439,0.523956858102862,NA,-0.723428853775098,1.13522144663111,3883,38843,204916,2099799,-5,25,0.481270054703932,0.4493688128293,0.0485428161555515,4.15988082142868,-0.799911318992599,1.13542787608038,"rwe"
2,28,22,1,0.433700128989456,0.105920759934078,1.16844596306505,0.17255342244648,NA,-0.835401930724546,0.612444580710814,3880,38804,204621,2094814,-5,76,0.138020762409243,0.401766423241906,0.120874374160661,1.33540512590408,-0.911884395942039,0.612827131686599,"rwe"
2,28,25518,1,1.23038836585372,0.0671506969326278,6.38204200510407,0.858369142117933,NA,0.207329864144008,1.16183361604862,3883,38852,204905,2100705,-5,11,0.911186092819165,1.13979383427742,0.116869193591382,11.1161029244292,0.13084739892652,1.16203531799588,"rwe"
2,28,138278,1,NA,NA,NA,NA,NA,NA,NA,3883,38853,204933,2101078,0,0,NA,NA,NA,NA,NA,NA,"rwe"
2,28,4209423,1,1.09789952131182,0.878640805936869,1.35530859238578,0.398256830161783,NA,0.0933988282550143,0.110565367406343,3827,38323,199216,2032957,92,935,0.75208230329431,1.01706025493752,0.815541299290739,1.26837422344299,0.0169163630375238,0.112665120418334,"rwe"
2,28,73754,1,1.20108427235908,0.624223467920368,2.10391569728622,0.55444606772555,NA,0.183224709128313,0.309966685327596,3877,38785,204370,2093457,12,108,0.737262402155442,1.11264742586587,0.605160593208785,2.04571201128894,0.106742243910816,0.310721860998158,"rwe"
2,28,78200,1,0.664181048606794,0.257880818804462,1.40064046402108,0.343176721924194,NA,-0.409200503107209,0.431688378732346,3880,38812,204488,2094697,6,91,0.26414920818693,0.615276838643263,0.26372720008259,1.43544385278533,-0.48568296832471,0.432230939685883,"rwe"
2,28,15,1,1.21794272255273,0.896314212925816,1.62028032668284,0.191764881744033,NA,0.197163142363181,0.151039361825082,3845,38547,200755,2070637,51,376,0.459396433769564,1.12826457417405,0.836627121487319,1.52156309142008,0.120680677145685,0.15258315015003,"rwe"
2,28,374801,1,0.325213780211958,NA,3.4143684818546,NA,NA,-1.12327252763074,NA,3883,38849,204933,2100662,0,7,NA,NA,NA,NA,NA,NA,"rwe"
2,28,16,1,1.1744818048412,0.54734315284126,2.21935080661292,0.65246422252764,NA,0.160827033163032,0.357122394051634,3865,38790,203778,2094316,9,92,0.816426254597744,1.08800372043517,0.539621384607334,2.19367158056971,0.0843445679455215,0.35777805022437,"rwe"
2,28,378256,1,NA,NA,NA,NA,NA,NA,NA,3883,38853,204933,2101078,0,0,NA,NA,NA,NA,NA,NA,"rwe"
2,28,434164,1,NA,NA,NA,NA,NA,NA,NA,3883,38853,204933,2101078,0,0,NA,NA,NA,NA,NA,NA,"rwe"
2,28,20,1,1.18090743799092,0.281410121338874,3.3514727027913,0.792464383683672,NA,0.1662831581834,0.631986620340707,3879,38835,204651,2098936,-5,30,0.887984217130876,1.09395622880462,0.316764419679432,3.7780134263549,0.0898006929659232,0.63235734927242,"rwe"
2,28,17,1,1.04003488536706,0.43315264549209,2.11604077618159,0.922720734231746,NA,0.0392542562128807,0.404653320119227,3880,38817,204062,2096345,7,76,0.902169266809521,0.963456240869357,0.435409422024871,2.1318967415847,-0.0372282090045957,0.40523207964411,"rwe"
2,28,433270,1,NA,NA,NA,NA,NA,NA,NA,3883,38853,204933,2101078,0,0,NA,NA,NA,NA,NA,NA,"rwe"
2,28,196456,1,0.997993645929871,0.701756760013765,1.3777296500806,0.990688876278709,NA,-0.00200836949467745,0.172096375060835,3863,38588,202631,2071761,38,399,0.657966774877269,0.924510533297862,0.658064601522758,1.29883863104153,-0.07849083471217,0.173452850072459,"rwe"
2,28,197318,1,2.98770541838166,0.666746674402149,9.76538156084674,0.109955963334395,NA,1.09450567418475,0.68475460844562,3881,38841,204739,2100096,-5,11,0.138918710506251,2.76771815226469,0.722713925261085,10.5993028536268,1.01802320896725,0.685096783437707,"rwe"
2,28,433753,1,1.3200537369211,0.780083309959263,2.09874133553794,0.271422649830148,NA,0.277672445558374,0.25247717972828,3875,38751,203925,2088334,18,163,0.439053471738074,1.22285706855946,0.744180085861079,2.00943217715314,0.201189980340885,0.253403739460818,"rwe"
2,28,4049367,1,1.04424743087683,0.0562576268711686,5.66540950063647,0.970646146751722,NA,0.0432964641353134,1.17660142548405,3883,38845,204909,2100243,-5,9,0.966962347504931,0.967358613105531,0.0963591630701161,9.71140321827547,-0.0331860010821856,1.17680059625251,"rwe"
2,28,438130,1,0.552788850427137,0.030689887319678,2.68327793854949,0.603250065567283,NA,-0.592779176002815,1.14054678446084,3883,38838,204929,2099579,-5,21,0.557252882807717,0.512086541826953,0.0547435915211465,4.79019770230077,-0.669261641220317,1.14075225024241,"rwe"
2,28,21,1,0.59634876774819,0.209517462686683,1.32933283968819,0.272764024272399,NA,-0.516929602282743,0.471341666387241,3880,38802,204663,2093049,5,98,0.210899600889313,0.552439105750729,0.21910618706873,1.39288155047363,-0.593412067500225,0.471838632756883,"rwe"
2,28,313601,1,NA,NA,NA,NA,NA,NA,NA,3883,38853,204933,2101078,0,0,NA,NA,NA,NA,NA,NA,"rwe"
2,28,4022076,1,NA,NA,NA,NA,NA,NA,NA,3883,38853,204933,2101078,0,0,NA,NA,NA,NA,NA,NA,"rwe"
2,28,439791,1,NA,NA,NA,NA,NA,NA,NA,3883,38853,204933,2101078,0,0,NA,NA,NA,NA,NA,NA,"rwe"
2,28,321689,1,0.970984012020352,0.767396402459891,1.21123596163606,0.800342862659206,NA,-0.0294452763048952,0.116428946377295,3834,38311,198735,2034043,82,924,0.407381950308344,0.89948964147985,0.713169581533926,1.13448699450885,-0.105927741522393,0.118424779686112,"rwe"
2,28,374375,1,NA,NA,NA,NA,NA,NA,NA,3883,38853,204933,2101078,0,0,NA,NA,NA,NA,NA,NA,"rwe"
2,28,4195873,1,NA,NA,NA,NA,NA,NA,NA,3883,38853,204933,2101078,0,0,NA,NA,NA,NA,NA,NA,"rwe"
2,28,4198492,1,NA,NA,NA,NA,NA,NA,NA,3883,38853,204933,2101078,0,0,NA,NA,NA,NA,NA,NA,"rwe"
2,28,439125,1,0.423744072527463,0.0237317957119831,1.99497246996989,0.44755711915687,NA,-0.858625608521092,1.13052327094681,3883,38836,204911,2098852,-5,30,0.408423874396119,0.392543439601919,0.0427964876569804,3.60053734338107,-0.93510807373859,1.13073055810898,"rwe"
2,28,4092879,1,NA,NA,NA,NA,NA,NA,NA,3883,38853,204933,2101078,0,0,NA,NA,NA,NA,NA,NA,"rwe"
2,28,199876,1,1.06712122050828,0.692643942886643,1.5745837278079,0.756491406581732,NA,0.064964574590416,0.209501334405603,3863,38694,203010,2084150,26,239,0.84818834438438,0.988548186342759,0.654214692280323,1.49374131803024,-0.0115178906270756,0.210617041112321,"rwe"
2,28,438808,1,0.741936949707027,0.11891968557703,2.51073068608265,0.701243582347933,NA,-0.298491012865869,0.77804509921422,3881,38840,204714,2099600,-5,26,0.6302268832214,0.687307507261656,0.14949323750059,3.15995303490814,-0.374973478083362,0.77834626311202,"rwe"
2,28,443236,1,3.26264433289447,0.725698525780612,10.6866714562171,0.0848043688865925,NA,1.18253801163791,0.686139626047555,3882,38843,204764,2100256,-5,12,0.108497605963883,3.02241308295618,0.787082107257648,11.6061345567269,1.10605554642044,0.686481110681029,"rwe"
2,28,435371,1,2.40180862339062,0.361423695800345,9.47795289622023,0.293054167242513,NA,0.876222046624634,0.833350182907917,3882,38838,204851,2099951,-5,10,0.339145407821742,2.22496143171466,0.43424435449805,11.4001559751769,0.799739581407138,0.833631367117288,"rwe"
2,28,443447,1,1.23405213548448,0.292686158778483,3.53369406955154,0.740689092616936,NA,0.210303173767779,0.635470395509166,3882,38830,204781,2098566,-5,29,0.835190876095536,1.14318783746475,0.328768634531996,3.9750702909591,0.133820708550289,0.63583909321286,"rwe"
2,28,4248728,1,NA,NA,NA,NA,NA,NA,NA,3883,38853,204933,2101078,0,0,NA,NA,NA,NA,NA,NA,"rwe"
2,28,4275889,1,NA,NA,NA,NA,NA,NA,NA,3883,38853,204933,2101078,0,0,NA,NA,NA,NA,NA,NA,"rwe"
2,28,4098604,1,NA,NA,NA,NA,NA,NA,NA,3883,38853,204933,2101078,0,0,NA,NA,NA,NA,NA,NA,"rwe"
2,28,259995,1,1.05197918898383,0.0568197428087752,5.63981790581961,0.965539648686447,NA,0.0506733317850865,1.17291012591044,3882,38849,204889,2100505,-5,10,0.968551951354097,0.974521075351657,0.0977773490882658,9.71279478488666,-0.0258091334324035,1.17310992338843,"rwe"
2,28,434327,1,0.374926823240565,0.0210202992021767,1.75748982992761,0.384943791551544,NA,-0.981024410078787,1.12914147208756,3882,38833,204812,2099207,-5,34,0.349288783064169,0.347320645492536,0.0379688092124624,3.17712441573631,-1.05750687529627,1.12934901287301,"rwe"
2,28,4091513,1,NA,NA,NA,NA,NA,NA,NA,3883,38853,204933,2101078,0,0,NA,NA,NA,NA,NA,NA,"rwe"
2,28,436233,1,0.328959188854571,NA,3.60623382520705,NA,NA,-1.11182158194585,NA,3883,38849,204933,2100603,0,7,NA,NA,NA,NA,NA,NA,"rwe"
2,28,436246,1,2.26257368698376,0.652044968561311,6.04716507521772,0.150705059019866,NA,0.816502964894192,0.568181697834972,3882,38838,204749,2099397,-5,22,0.195670563007983,2.09597848093517,0.687699492642028,6.38814749690415,0.740020499676689,0.568594029729304,"rwe"
2,28,435516,1,0.529697152177017,0.0856158822297629,1.75573926251955,0.409601166148311,NA,-0.635449846740206,0.770619893333335,3879,38829,204248,2098218,-5,36,0.356396512263385,0.490695104766173,0.108292919651241,2.22342962602661,-0.711932311957696,0.770923957916905,"rwe"
2,28,4058388,1,NA,NA,NA,NA,NA,NA,NA,3883,38853,204933,2101078,0,0,NA,NA,NA,NA,NA,NA,"rwe"
2,28,439971,1,NA,NA,NA,NA,NA,NA,NA,3883,38853,204933,2101078,0,0,NA,NA,NA,NA,NA,NA,"rwe"
2,28,440382,1,1.97967018969177,0.101698748207964,12.4714529788664,0.577765738346483,NA,0.682930259969232,1.22685482832011,3883,38850,204933,2100728,-5,6,0.62216564195833,1.83390540640219,0.165544065438145,20.3160954802564,0.606447794751745,1.22704584211901,"rwe"
2,28,441267,1,1.04367848629182,0.056658923913209,5.46878631857926,0.97074646683886,NA,0.0427514787079925,1.16577715841221,3881,38845,204830,2100023,-5,12,0.966622064732624,0.966831560389489,0.0983712962279007,9.5023985858594,-0.0337309865094824,1.16597817816837,"rwe"
2,28,439871,1,0.979235607879023,0.0536454549727542,5.00873724916953,0.985534380447201,NA,-0.0209830036297006,1.15730248177764,3883,38852,204914,2100682,-5,12,0.932026470565131,0.907133665386193,0.0938428664984971,8.76882300787503,-0.0974654688471901,1.15750497330157,"rwe"
2,28,441553,1,NA,NA,NA,NA,NA,NA,NA,3883,38853,204933,2101078,0,0,NA,NA,NA,NA,NA,NA,"rwe"
2,28,4216708,1,NA,NA,NA,NA,NA,NA,NA,3883,38852,204933,2101035,0,0,NA,NA,NA,NA,NA,NA,"rwe"
2,28,4163735,1,0.335865076627654,NA,21.9861850238266,NA,NA,-1.09104575732059,NA,3883,38853,204933,2100961,0,-5,NA,NA,NA,NA,NA,NA,"rwe"
2,28,4176908,1,NA,NA,NA,NA,NA,NA,NA,3883,38853,204933,2101078,0,0,NA,NA,NA,NA,NA,NA,"rwe"
2,28,44782778,1,1.73266208634243,0.751412528446997,3.50467792858782,0.16175362338564,NA,0.549659004036208,0.392838621471316,3881,38829,204651,2098155,8,46,0.234507651911544,1.60508471772574,0.742344822347387,3.47048551228551,0.47317653881872,0.393434761312045,"rwe"
2,28,440068,1,1.09979417739454,0.377359124884308,2.55760821219903,0.845508493391516,NA,0.0951230508372793,0.488180013461831,3880,38832,204711,2098760,5,42,0.934513097679886,1.01881540589721,0.390973642419,2.65487162989143,0.0186405856197638,0.488659855556783,"rwe"
2,28,435522,1,1.50877792624279,0.0804670223754976,8.45355246933076,0.729050285204636,NA,0.411300002781278,1.18739289056583,3882,38849,204834,2100562,-5,8,0.778910964670401,1.39768533688319,0.136310953033,14.3313817229735,0.334817537563794,1.18759025149899,"rwe"
2,28,4008710,1,NA,NA,NA,NA,NA,NA,NA,3883,38853,204933,2101078,0,0,NA,NA,NA,NA,NA,NA,"rwe"
2,28,4119307,1,0.338516368073277,NA,20.5216870290229,NA,NA,-1.08318283307721,NA,3883,38853,204933,2100998,0,-5,NA,NA,NA,NA,NA,NA,"rwe"
2,28,4311591,1,1.44316577919987,0.873116702232277,2.25923491778611,0.130398488572776,NA,0.366839158293338,0.242533098582232,3877,38765,204017,2090841,20,147,0.24622909090938,1.3369042674837,0.829535280157897,2.15459554664869,0.290356693075822,0.243497500597186,"rwe"
2,28,4194160,1,NA,NA,NA,NA,NA,NA,NA,3883,38853,204933,2101078,0,0,NA,NA,NA,NA,NA,NA,"rwe"
2,28,40486120,1,NA,NA,NA,NA,NA,NA,NA,3883,38853,204933,2101078,0,0,NA,NA,NA,NA,NA,NA,"rwe"
2,28,4166231,1,0.895564689499014,0.531104914332797,1.41741512034244,0.659602299844886,NA,-0.110300821677246,0.250420564157318,3874,38733,203948,2087834,18,192,0.465566675549086,0.829623507191798,0.506906121873601,1.35779611645099,-0.186783286894737,0.251354705231573,"rwe"
2,28,46286594,1,1.73271766822092,0.399715932042574,5.26744402120682,0.403354634785867,NA,0.549691082412856,0.65780453463266,3883,38842,204830,2099307,-5,17,0.474690412663867,1.60513620706369,0.441859777809835,5.83094993619378,0.473208617195354,0.658160721003972,"rwe"
2,28,4344500,1,NA,NA,NA,NA,NA,NA,NA,3883,38853,204933,2101078,0,0,NA,NA,NA,NA,NA,NA,"rwe"
2,28,443792,1,0.68051631357245,0.286054805928026,1.36411339419007,0.334099285251611,NA,-0.384903484257388,0.398496237497114,3878,38784,204447,2092228,7,112,0.25125579055232,0.630409324292398,0.288351207379723,1.37823565840475,-0.461385949474888,0.399083926246767,"rwe"
2,28,4168212,1,NA,NA,NA,NA,NA,NA,NA,3883,38853,204933,2101078,0,0,NA,NA,NA,NA,NA,NA,"rwe"
2,28,440233,1,NA,NA,NA,NA,NA,NA,NA,3883,38853,204933,2101078,0,0,NA,NA,NA,NA,NA,NA,"rwe"
2,28,40479573,1,NA,NA,NA,NA,NA,NA,NA,3883,38853,204933,2101078,0,0,NA,NA,NA,NA,NA,NA,"rwe"
2,28,40483172,1,0.34310022519806,0.0192839929285612,1.59428874215645,0.342214372884257,NA,-1.0697326727552,1.12627263844157,3881,38834,204818,2098596,-5,39,0.309122446573874,0.317837466667363,0.0349416149565588,2.89112725164877,-1.14621513797269,1.12648070777591,"rwe"
2,28,4193634,1,NA,NA,NA,NA,NA,NA,NA,3883,38853,204933,2101078,0,0,NA,NA,NA,NA,NA,NA,"rwe"
2,28,259995,2,0.312209782505938,NA,7.50546700304104,NA,NA,-1.16407993729197,NA,3882,38849,115172,1151095,0,-5,NA,NA,NA,NA,NA,NA,"rwe"
2,28,13,2,1.08964537413684,0.7263077074269,1.57146618318531,0.662804639255606,NA,0.0858522984763581,0.196888968067681,3859,38527,114144,1137252,29,298,0.726858883322953,0.929819407556026,0.629700482351878,1.37297676418915,-0.0727648971148938,0.198853705192767,"rwe"
2,28,138821,2,NA,NA,NA,NA,NA,NA,NA,3883,38853,115202,1151266,0,0,NA,NA,NA,NA,NA,NA,"rwe"
2,28,199876,2,1.18032722744387,0.659228707668405,1.96279047222124,0.551405093153587,NA,0.165791711426989,0.278334686691106,3863,38694,114428,1144729,15,121,0.85402657278884,1.00720031433481,0.58211794387087,1.7426923252879,0.00717451583572881,0.279727953800785,"rwe"
2,28,435516,2,0.444588945231498,0.0247203857773725,2.14894662135221,0.476692367399041,NA,-0.810605142287713,1.13907828265589,3879,38829,115077,1150244,-5,21,0.397455890089234,0.379377951279395,0.0406627199069119,3.53954753264019,-0.969222337878975,1.13941952955899,"rwe"
2,28,12,2,0.771218110828598,0.519240055840769,1.10185409363087,0.175902731562067,NA,-0.2597840520033,0.191938034037812,3848,38521,113697,1135962,30,360,0.0433521613484899,0.658098115155273,0.44998456086999,0.962462197222051,-0.418401247594559,0.193952930455914,"rwe"
2,28,20,2,1.78595334473525,0.414293412975407,5.36653889170131,0.374775957167435,NA,0.579952359344486,0.653421191265321,3879,38835,115071,1150485,-5,18,0.521117144540895,1.52399498069713,0.422945299169797,5.49139736450332,0.421335163753213,0.65401588934576,"rwe"
2,28,321689,2,1.00529592681771,0.741365380539797,1.33240599788164,0.971826487481583,NA,0.00528195271279179,0.14955581265333,3834,38311,112977,1127693,50,524,0.371288585949754,0.857842088149616,0.636665688037509,1.15585473196969,-0.15333524287847,0.152133071422798,"rwe"
2,28,15,2,1.2802104211807,0.858547556158382,1.8440355998329,0.205279244812947,NA,0.24702445596814,0.195021347954928,3845,38547,113628,1139026,31,209,0.662260797054051,1.09243293609375,0.742513015192561,1.60725764457195,0.0884072603768828,0.197004711822568,"rwe"
2,28,197318,2,1.32935328648752,0.0711520935082083,7.38456977762823,0.810027077057317,NA,0.284692573214164,1.18428915675755,3881,38841,115128,1150765,-5,8,0.913818089983736,1.13436767099904,0.111277074333232,11.563837571379,0.126075377622911,1.18461738005807,"rwe"
2,28,435522,2,3.47234084091148,0.177021747303368,23.6626531180093,0.318869095654242,NA,1.24482896044518,1.24884454864425,3882,38849,115159,1151084,-5,-5,0.384801777771825,2.96302813755939,0.256125266142906,34.2782884179413,1.08621176485393,1.24915580973736,"rwe"
2,28,9,2,0.871684656500617,0.457123632718082,1.50715277986736,0.651832224447796,NA,-0.137327552931363,0.304348370076404,3871,38694,114677,1144363,12,156,0.353439367420796,0.743828524509738,0.408626003623048,1.3540030956638,-0.295944748522629,0.30562306963039,"rwe"
2,28,16,2,1.39250644358327,0.53026976788356,3.03323372327927,0.456746755053785,NA,0.331105320157446,0.444905800697452,3865,38790,114557,1148754,6,49,0.700793292228067,1.18825770945542,0.495978754027414,2.84680820017987,0.172488124566186,0.445778758821432,"rwe"
2,28,11,2,0.971907356339666,0.0528898547080518,5.06185202213827,0.980463180721452,NA,-0.0284947914719649,1.16361224123485,3883,38843,115198,1150789,-5,12,0.874384074959636,0.829350854618113,0.0847198959602543,8.1187875912703,-0.187111987063247,1.16394629527042,"rwe"
2,28,440068,2,1.17173891029926,0.276181491566994,3.40575967550623,0.804674018195074,NA,0.158488893555076,0.640870212830878,3880,38832,115053,1150211,-5,24,0.935227797590601,0.999871706194152,0.284392705370507,3.51536241952894,-0.000128302036202399,0.641476546738872,"rwe"
2,28,313601,2,NA,NA,NA,NA,NA,NA,NA,3883,38853,115202,1151266,0,0,NA,NA,NA,NA,NA,NA,"rwe"
2,28,8,2,0.35022254521016,NA,120.837103829939,NA,NA,-1.04918648310388,NA,3883,38852,115202,1151233,0,-5,NA,NA,NA,NA,NA,NA,"rwe"
2,28,19,2,977957500849369,NA,NA,NA,NA,34.5164873298549,NA,3883,38853,115202,1151266,-5,0,NA,NA,NA,NA,NA,NA,"rwe"
2,28,17,2,1.11937166413785,0.334220227274643,2.80163519050176,0.835302567621009,NA,0.112767513717038,0.542397309412873,3880,38817,115053,1149536,-5,40,0.914576620069026,0.955185533098887,0.329449316044754,2.76940748760718,-0.0458496818742304,0.543113589942714,"rwe"
2,28,10,2,1.20162186892209,0.285526749101975,3.42795159860444,0.772056066851642,NA,0.183672201697416,0.634037784102715,3880,38835,115051,1150313,-5,29,0.932456967247364,1.02537152066796,0.295573600499837,3.55710643176169,0.0250550061061574,0.634650645624829,"rwe"
2,28,21,2,0.573724824606907,0.139352916156086,1.5635905535762,0.367685521674191,NA,-0.555605397250852,0.616779295680323,3880,38802,115076,1148963,-5,56,0.253235207073722,0.489572561108469,0.145974612027159,1.64193820597862,-0.71422259284212,0.617409288804476,"rwe"
2,28,196456,2,1.05468242183249,0.666021929832275,1.59030076680608,0.810499151926428,NA,0.0532396996521002,0.222033631237522,3863,38588,114328,1140446,23,219,0.662457793891495,0.899984717876542,0.580437151945103,1.39545253038511,-0.105377495939166,0.223777710513483,"rwe"
2,28,435371,2,1.51533926352436,0.0803406499386761,8.71581665461987,0.728107339991499,NA,0.415639350211048,1.19558802574054,3882,38838,115162,1150727,-5,7,0.828722462814635,1.29307377399984,0.124068115686605,13.476788744255,0.25702215461979,1.19591314802384,"rwe"
2,28,436246,2,1.78646467672372,0.276016830452625,6.6183249400539,0.474056569746381,NA,0.580238625950964,0.810508705265058,3882,38838,115149,1150627,-5,13,0.603450230885953,1.52443131201916,0.311023666664114,7.47174917584028,0.421621430359721,0.810988219170029,"rwe"
2,28,138278,2,NA,NA,NA,NA,NA,NA,NA,3883,38853,115202,1151266,0,0,NA,NA,NA,NA,NA,NA,"rwe"
2,28,434164,2,NA,NA,NA,NA,NA,NA,NA,3883,38853,115202,1151266,0,0,NA,NA,NA,NA,NA,NA,"rwe"
2,28,440233,2,NA,NA,NA,NA,NA,NA,NA,3883,38853,115202,1151266,0,0,NA,NA,NA,NA,NA,NA,"rwe"
2,28,18,2,1.53136856022034,0.626525027426484,3.20909305131366,0.306482422575847,NA,0.426161819396251,0.416730850416348,3883,38853,115202,1151266,7,46,0.526769367938231,1.30675194077883,0.576339012346525,2.96284061663094,0.267544623804994,0.417662701244517,"rwe"
2,28,7,2,1.0368178240486,0.785649099547897,1.34256459912003,0.7913893607581,NA,0.0361562378729978,0.1366929937145,3813,38178,112310,1121955,60,611,0.443959202535903,0.884740446554956,0.673079537136129,1.16296160346938,-0.122460957718275,0.139508081675461,"rwe"
2,28,434327,2,0.697447747399531,0.038372833714366,3.49420959853345,0.754220867597715,NA,-0.360327682215356,1.15091725121969,3882,38833,115167,1150472,-5,16,0.654773373922458,0.595148170845965,0.0623268359028569,5.68296689749114,-0.518944877806618,1.15125498890438,"rwe"
2,28,78200,2,1.34425183748101,0.509941498481995,2.94941222493831,0.508771635548203,NA,0.295837603625827,0.447728934628881,3880,38812,115054,1149480,6,43,0.760542726950971,1.14708094651695,0.476154747561111,2.76337620196321,0.13722040803458,0.44859639903375,"rwe"
2,28,436233,2,0.327577155218011,NA,4.13103276087567,NA,NA,-1.11603166320149,NA,3883,38849,115202,1151085,0,6,NA,NA,NA,NA,NA,NA,"rwe"
2,28,433753,2,1.71934258364067,0.910012834525915,2.9912168735732,0.0742252158231023,NA,0.541941998947571,0.303571104065905,3875,38751,114750,1146911,13,86,0.219956915840224,1.46715448938878,0.807212469167042,2.6666365770525,0.383324803356302,0.304849053706799,"rwe"
2,28,443792,2,0.313638735956763,0.0513370878712402,1.00759570064303,0.126805327508549,NA,-1.15951347786359,0.759429471562433,3878,38784,115009,1148320,-5,63,0.0851644958004706,0.267635132104282,0.0603503767778961,1.18687848793538,-1.31813067345486,0.759941216542262,"rwe"
2,28,73754,2,1.45774898555199,0.672890022352871,2.79622716422322,0.299655278337392,NA,0.376893455220035,0.363385361971197,3877,38785,114895,1148285,9,64,0.555196688405568,1.24393066797999,0.608937442756415,2.54108779998298,0.21827625962878,0.364453634385879,"rwe"
2,28,439871,2,1.96090581836722,0.103515287980156,11.5827993946621,0.575787004497481,NA,0.673406518711151,1.20348057191317,3883,38852,115196,1151168,-5,6,0.668294192758636,1.67328594199893,0.15808501769265,17.7112662828989,0.514789323119885,1.20380356258593,"rwe"
2,28,439971,2,NA,NA,NA,NA,NA,NA,NA,3883,38853,115202,1151266,0,0,NA,NA,NA,NA,NA,NA,"rwe"
2,28,440382,2,0.330359386166809,NA,6.68329566000679,NA,NA,-1.10757416811494,NA,3883,38850,115202,1151149,0,5,NA,NA,NA,NA,NA,NA,"rwe"
2,28,441267,2,1.27761049608371,0.0683015279110118,7.07312777296146,0.836036266624558,NA,0.244991533354324,1.18372734434163,3881,38845,115125,1150928,-5,9,0.938941819751247,1.09021436033435,0.107063599232543,11.1015075151516,0.086374337763047,1.18405572337801,"rwe"
2,28,4098604,2,NA,NA,NA,NA,NA,NA,NA,3883,38853,115202,1151266,0,0,NA,NA,NA,NA,NA,NA,"rwe"
2,28,432303,2,0.333258750130348,NA,1.41660752335386,NA,NA,-1.09883606331274,NA,3879,38834,115082,1150373,0,24,NA,NA,NA,NA,NA,NA,"rwe"
2,28,433270,2,NA,NA,NA,NA,NA,NA,NA,3883,38853,115202,1151266,0,0,NA,NA,NA,NA,NA,NA,"rwe"
2,28,4119307,2,0.338516368073277,NA,20.5216870290229,NA,NA,-1.08318283307721,NA,3883,38853,115202,1151212,0,-5,NA,NA,NA,NA,NA,NA,"rwe"
2,28,4163735,2,0.335909467750544,NA,22.0048867626256,NA,NA,-1.09091359654336,NA,3883,38853,115202,1151235,0,-5,NA,NA,NA,NA,NA,NA,"rwe"
2,28,439125,2,0.727528707038302,0.0401358371667175,3.61065358527074,0.781676091917914,NA,-0.318101820868545,1.14782069692249,3883,38836,115180,1150488,-5,17,0.680592107465599,0.620816944131212,0.0654106635813764,5.89221477077547,-0.476719016459811,1.14815934547682,"rwe"
2,28,443447,2,0.541326115604145,0.0300425091443364,2.63297257448437,0.590703726628884,NA,-0.613733380261086,1.14115754893253,3882,38830,115162,1150316,-5,20,0.501392948536504,0.461925999093387,0.04930913673505,4.32730408128909,-0.772350575852343,1.14149817424639,"rwe"
2,28,439791,2,NA,NA,NA,NA,NA,NA,NA,3883,38853,115202,1151266,0,0,NA,NA,NA,NA,NA,NA,"rwe"
2,28,6,2,0.937517126164384,0.683991941220507,1.2539083217516,0.676459148049704,NA,-0.0645202533957509,0.15461367630684,3827,38371,112819,1129908,47,465,0.199029475390133,0.800004881876649,0.587979354572974,1.08848687636538,-0.223137448987018,0.157107985867211,"rwe"
2,28,374375,2,NA,NA,NA,NA,NA,NA,NA,3883,38853,115202,1151266,0,0,NA,NA,NA,NA,NA,NA,"rwe"
2,28,438808,2,1.85001595747951,0.284395167513548,6.98256603962558,0.451204107456717,NA,0.615194264717634,0.816547414896274,3881,38840,115095,1150780,-5,11,0.576743404832484,1.57866107853245,0.318300510980859,7.82961608573454,0.456577069126368,0.81702338466896,"rwe"
2,28,4008710,2,NA,NA,NA,NA,NA,NA,NA,3883,38853,115202,1151266,0,0,NA,NA,NA,NA,NA,NA,"rwe"
2,28,22,2,0.507628614262734,0.082389181479018,1.66486203846774,0.376626347913722,NA,-0.678005173054734,0.766861898317576,3880,38804,115084,1149215,-5,42,0.279285364285845,0.433171147765533,0.0962662626440504,1.94914851893968,-0.83662236864599,0.767368686755831,"rwe"
2,28,4176908,2,NA,NA,NA,NA,NA,NA,NA,3883,38853,115202,1151266,0,0,NA,NA,NA,NA,NA,NA,"rwe"
2,28,25518,2,3.17074556799974,0.161161009696032,21.7602755744114,0.356459118856832,NA,1.15396675518779,1.25141009691178,3883,38852,115187,1151163,-5,-5,0.426672998780952,2.7056699688959,0.232706338436753,31.4587476635266,0.995349559596534,1.25172072003897,"rwe"
2,28,4193634,2,NA,NA,NA,NA,NA,NA,NA,3883,38853,115202,1151266,0,0,NA,NA,NA,NA,NA,NA,"rwe"
2,28,4166231,2,0.662942495426767,0.295837859703396,1.28156439614046,0.271711131726162,NA,-0.411067026454155,0.373992908474975,3874,38733,114814,1146258,8,107,0.138726265279692,0.565704047364693,0.271245379146841,1.17982127552317,-0.56968422204541,0.375030966603706,"rwe"
2,28,438130,2,0.325938595565759,NA,2.77419903610692,NA,NA,-1.12104627251712,NA,3883,38838,115202,1150660,0,9,NA,NA,NA,NA,NA,NA,"rwe"
2,28,443236,2,5.37939794422717,1.10968176972967,20.9582076773949,0.024795620126578,NA,1.68257646163424,0.749620168308597,3882,38843,115135,1150886,-5,6,0.0430683648074825,4.59036373505613,1.05518342711373,19.9694561899584,1.52395926604299,0.750138605230487,"rwe"
2,28,4091513,2,NA,NA,NA,NA,NA,NA,NA,3883,38853,115202,1151266,0,0,NA,NA,NA,NA,NA,NA,"rwe"
2,28,374801,2,0.341341780662277,NA,13.4414847100984,NA,NA,-1.07487101432301,NA,3883,38849,115202,1151115,0,-5,NA,NA,NA,NA,NA,NA,"rwe"
2,28,378256,2,NA,NA,NA,NA,NA,NA,NA,3883,38853,115202,1151266,0,0,NA,NA,NA,NA,NA,NA,"rwe"
2,28,4092879,2,NA,NA,NA,NA,NA,NA,NA,3883,38853,115202,1151266,0,0,NA,NA,NA,NA,NA,NA,"rwe"
2,28,4168212,2,NA,NA,NA,NA,NA,NA,NA,3883,38853,115202,1151266,0,0,NA,NA,NA,NA,NA,NA,"rwe"
2,28,4058388,2,NA,NA,NA,NA,NA,NA,NA,3883,38853,115202,1151266,0,0,NA,NA,NA,NA,NA,NA,"rwe"
2,28,4216708,2,NA,NA,NA,NA,NA,NA,NA,3883,38852,115202,1151236,0,0,NA,NA,NA,NA,NA,NA,"rwe"
2,28,4248728,2,NA,NA,NA,NA,NA,NA,NA,3883,38853,115202,1151266,0,0,NA,NA,NA,NA,NA,NA,"rwe"
2,28,4275889,2,NA,NA,NA,NA,NA,NA,NA,3883,38853,115202,1151266,0,0,NA,NA,NA,NA,NA,NA,"rwe"
2,28,441553,2,NA,NA,NA,NA,NA,NA,NA,3883,38853,115202,1151266,0,0,NA,NA,NA,NA,NA,NA,"rwe"
2,28,4209423,2,1.19473624106138,0.894611633705293,1.56398425896025,0.211821724376249,NA,0.177925442244411,0.142503169848469,3827,38323,112739,1128271,56,499,0.736539305811053,1.01949585637381,0.766983785811885,1.35514181706352,0.0193082466531536,0.145205660147934,"rwe"
2,28,4311591,2,1.39359405636883,0.740860816095133,2.40970337319835,0.270012312132593,NA,0.331886062159269,0.300884651817394,3877,38765,114851,1147226,13,96,0.574498323094039,1.18918579440849,0.657716548171953,2.15010988784367,0.173268866568009,0.302173963175866,"rwe"
2,28,4344500,2,NA,NA,NA,NA,NA,NA,NA,3883,38853,115202,1151266,0,0,NA,NA,NA,NA,NA,NA,"rwe"
2,28,4022076,2,NA,NA,NA,NA,NA,NA,NA,3883,38853,115202,1151266,0,0,NA,NA,NA,NA,NA,NA,"rwe"
2,28,4049367,2,0.341240318097123,NA,13.3962395031938,NA,NA,-1.07516830476202,NA,3883,38845,115202,1151010,0,-5,NA,NA,NA,NA,NA,NA,"rwe"
2,28,40479573,2,NA,NA,NA,NA,NA,NA,NA,3883,38853,115202,1151266,0,0,NA,NA,NA,NA,NA,NA,"rwe"
2,28,40483172,2,0.552909652940361,0.0307739917427188,2.65958730182951,0.602441355118319,NA,-0.592560667045198,1.13758629390886,3881,38834,115126,1150413,-5,23,0.51195238793825,0.471810497370547,0.0507179323030612,4.38908163879552,-0.751177862636439,1.13792798823626,"rwe"
2,28,4194160,2,NA,NA,NA,NA,NA,NA,NA,3883,38853,115202,1151266,0,0,NA,NA,NA,NA,NA,NA,"rwe"
2,28,4195873,2,NA,NA,NA,NA,NA,NA,NA,3883,38853,115202,1151266,0,0,NA,NA,NA,NA,NA,NA,"rwe"
2,28,40486120,2,NA,NA,NA,NA,NA,NA,NA,3883,38853,115202,1151266,0,0,NA,NA,NA,NA,NA,NA,"rwe"
2,28,4198492,2,NA,NA,NA,NA,NA,NA,NA,3883,38853,115202,1151266,0,0,NA,NA,NA,NA,NA,NA,"rwe"
2,28,44782778,2,1.61076494909094,0.544905909738015,3.84466349133527,0.338863884482177,NA,0.476709189819831,0.498434725825756,3881,38829,115104,1150102,5,30,0.527183542457996,1.37450270172728,0.516670654204191,3.6565995410859,0.318091994228567,0.499214088574363,"rwe"
2,28,46286594,2,1.3357485945758,0.208202123155812,4.846766835474,0.718451227343722,NA,0.289491879694082,0.802963166873712,3883,38842,115187,1150732,-5,15,0.868999261056865,1.1398249341774,0.236016665420346,5.50469975608999,0.130874684102807,0.803447184124759,"rwe"
